track_id,track title,artist name
2,Food,AWOL
3,Electric Ave,AWOL
5,This World,AWOL
10,Freeway,Kurt Vile
134,Street Music,AWOL
136,Peel Back The Mountain Sky,Abominog
139,CandyAss,Alec K. Redfearn & the Eyesores
140,Queen Of The Wires,Alec K. Redfearn & the Eyesores
141,Ohio,Alec K. Redfearn & the Eyesores
148,Blackout 2,Contradiction
181,Gopacapulco,Ariel Pink's Haunted Graffiti
182,Jules Lost His Jewels,Ariel Pink's Haunted Graffiti
190,Castle Of Stars,Ed Askew
193,Here With You,Ed Askew
194,All I want to Do,Ed Askew
197,Piano 2,Ed Askew
198,It Breaks My Heart,Ed Askew
200,Baby Come Home,Ed Askew
203,Song For R,Ed Askew
204,My Dream,Ed Askew
207,Piano 3,Ed Askew
208,Safe Harbor,Ed Askew
209,Safe Harbor,Ed Askew
210,In the French Court,Ed Askew
211,In America,Ed Askew
212,When I Arive,Ed Askew
213,Boute,Au
237,Garbage and (Garbage and Fire),Barnacled
247,A New Map for Kissing,Bird Names
249,The Indefinite Time Yet to Come,Bird Names
255,We Want to be Old,Bird Names
256,Toggle,Black Elk
257,My Lil',Black Elk
258,Eyebone,Black Elk
341,Count Dracula's castle,Blah Blah Blah
343,Cybernetics,Blah Blah Blah
352,In Arabia,Blah Blah Blah
368,Vampires,Blah Blah Blah
369,Whistle while you work,Blah Blah Blah
397,The Tides Of Land,Borful Tang
398,Borful Tang Loves Nomeansno,Borful Tang
399,ELI,Borful Tang
400,Electronic Interlude VI,Borful Tang
405,Majestic Shuffle,Borful Tang
414,John And Mary - The Restaurant,Borful Tang
424,The Ambient Honky,Brian Joseph Davis
425,Track5,Brian Joseph Davis
458,Hunt Like Devil 4,CAVE
459,Machines and Muscles,CAVE
512,"""""",Celesteville
534,I Can See You,Charles Manson
535,Angels Fear To Tread,Charles Manson
536,Riding On Your Fears,Charles Manson
537,I Don't Need Water Sprinklers In The Desert,Charles Manson
540,The Black Pirate,Charles Manson
546,If You Have No One,Charles Manson
550,Cello Duet No. 1,Chief Boima
564,The Sugar Society,Cinwaves
573,When My Ship Comes In,Clockcleaner
574,Caliente Queen,Clockcleaner
583,"WAR (If It Feels Good, Do It!)",DJ's of Mass Destruction
584,Liberate The Children (Live),DJ's of Mass Destruction
585,Weapons? What Weapons of Mass Destruction? (Live),DJ's of Mass Destruction
590,Stuck,Delta Dreambox
591,Without A Sound,Delta Dreambox
592,Song X,Delta Dreambox
593,Finally Here,Delta Dreambox
602,Disappearing,Dora Bleu
603,Lover of Nightmares,Dora Bleu
605,I Was So Bored I Wanted To Hang Myself On The Dancefloor,Double Dagger
608,Punk Rock vs. Swiss Modernism,Double Dagger
615,"Immaterial, side A",EKG
619,Pebble Beach,Ed Askew
620,Arabesque,Ed Askew
621,Blue Eyed Baby,Ed Askew
625,Climbing To The Top,Ed Askew
629,Dancing On Water,Ed Askew
631,Buddha Smiles,Ed Askew
633,Indian Giver,El Jesus De Magico
635,Xmas at Wounded Knee,El Jesus De Magico
664,side 6 - not funny,Ethan Persoff
665,Disneyland (edit),Ethan Persoff
666,Heat,Explode Into Colors
667,Sharpen The Knife,Explode Into Colors
668,Dream,Fanatic
669,Dream,Fanatic
672,Rise,Fanatic
673,Rise,Fanatic
674,Enterprizin,Fanatic
676,The Tension,Fanatic
677,The_Tension,Fanatic
679,Change Thoughts,Fanatic
680,Sunshine,Fanatic
681,Sunshine,Fanatic
684,Late Night Show,Fanatic
686,Murder,Fanatic
690,Cataclysm,Flying Luttenbachers
694,Planet Say (featuring Faust),Food For Animals
695,Elephants,Food For Animals
696,Korea,Foot Village
698,Iran,Foot Village
701,Japan,Foot Village
702,Mexico,Foot Village
703,Peru Austria and Canada,Foot Village
704,Mano De Dios,Fósforo
705,Tio Cocodrilo,Fósforo
706,Esto Es Califas,Fósforo
707,Cochabamba,Fósforo
708,Desconocido,Fósforo
709,Cumbia De Obama,Fósforo
714,Circle Moon,Fursaxa
715,Kokopelli,Fursaxa
716,Saxalainen,Fursaxa
717,Tyranny,Fursaxa
718,Song Of The Spindle Berry,Fursaxa
720,Camera Shy,Fuzz Unlimited
734,Crystal Migraine,Glass Candy
735,Iko! Iko!,Glass Candy
736,You Are the Fly,Glass Candy
737,Youe Deam Lover's On Video Again,Glass Candy
738,Cold Party,Glass Candy
739,Hurt,Glass Candy
740,Life After Sundown,Glass Candy
741,Sugar &amp; Whitebread,Glass Candy
742,B-Girls,Glass Candy
743,Brittle Woman,Glass Candy
744,Lovin' Machine,Glass Candy
745,Nite Nurses,Glass Candy
747,Nite Nurses,Glass Candy
748,track 4,Glass Candy
749,Your Deam Lover's On Video Again,Glass Candy
750,Iko! Iko! (vocal/conga mix),Glass Candy
751,Love Love Love,Glass Candy
752,The Chameleon,Glass Candy
753,track 5,Glass Candy
754,Labrea Tar Pit,Glass Candy
755,Love On a Plate,Glass Candy
756,Sugar &amp; Whitebread (instrumental),Glass Candy
757,track 6,Glass Candy
758,Lovin' Machine (nite Vocoder version),Glass Candy
759,Night Nurses,Glass Candy
760,Empty V,Glass Candy
761,Lovin' Machine (vocal dub),Glass Candy
762,Crystal Migraine,Glass Candy
763,Love Love Love,Glass Candy
764,Be a Dolly,Glass Candy
765,Love Love Love,Glass Candy
766,Love On a Plate,Glass Candy
767,Love On a Plate,Glass Candy
768,Brittle Woman,Glass Candy
769,The Screamers,Glass Candy
770,Black Veil,Glass Candy
771,Brittle Woman,Glass Candy
772,Johnny Are You Queer?,Glass Candy
773,Nite Nurses,Glass Candy
774,The Last Time,Glass Candy
775,Nite Nurses,Glass Candy
776,Hurt,Glass Candy
777,Relaxing,Glove Compartment
814,Motion Passings,Hall Of Fame
819,suBwarren1,Hans Grüsel's Krankenkabinet
820,suBwarren2,Hans Grüsel's Krankenkabinet
821,Sir,Hecuba
822,Tom & Jerry,Hecuba
823,YES,Hecuba
824,Black Mold,Here Comes A Big Black Cloud!!
825,Death March,Here Comes A Big Black Cloud!!
826,Graverobbin,Here Comes A Big Black Cloud!!
829,The Fly Pt. II,Here Comes A Big Black Cloud!!
830,Vietnam,Here Comes A Big Black Cloud!!
831,Late Late Show,Here's How
832,My Heart Beats Like A Hammer,Here's How
833,From This Moment On,Here's How
834,You Showed Me The Way,Here's How
835,Ain't No Use,Here's How
853,Welsinsni Melodyi,Hutzl Ukranian Ensemble
854,INXS,Nautical Almanac
855,Aimless Journey,I Am the Liquor
858,Blastered,I Am the Liquor
861,Kicking & Screaming,I Am the Liquor
863,Bariwax,I Am the Liquor
868,The Stars Are Beautiful,Ian Nagoski
878,Bad Carnival Acid,Illusion of Safety
881,I could be wrong,Illusion of Safety
889,Wasteland,Illusion of Safety
890,Softly Tomorrow,Ilyas Ahmed
891,Your One Mind,Ilyas Ahmed
892,Phantom Sky,Ilyas Ahmed
893,The Gathering,Ilyas Ahmed
894,Moon Falling,Ilyas Ahmed
895,Unveiled Nightmare,Ilyas Ahmed
896,2012,Impediments
897,02,Infinite Body
898,09 (extended version),Infinite Body
992,Beautiful Song w/ kick drum solo,Jason Willett
993,Or So I've Been Told,Jad Fair and Jason Willett
995,No Good Deed Goes Unpunished,Kevin Shields
997,Nothing's Ever Ending,Kevin Shields
998,Apparently,Kevin Shields
1014,"Turk, Taylor and Jones",Kowloon Walled City
1015,My Hands Are Turning To Bricks,Kowloon Walled City
1016,Another Corporate Takeover,Kowloon Walled City
1017,Inheritance,Kowloon Walled City
1018,Make Us Pay,Kowloon Walled City
1022,Inasmuch As,Kyle Bruckmann's Wrack
1023,Despite All Evidence to the Contrary,Kyle Bruckmann's Wrack
1028,Masters Of Science Fiction,Lazy Magnet
1029,Wilder Climes,Lazy Magnet
1039,13 Monsters,Lightning Bolt
1040,Dracula Mountain,Lightning Bolt
1041,Live with Steve MacKay of the Stooges,Liquorball
1042,Big Ole Bear,Little Howlin' Wolf
1043,I'm Shufflin',Little Howlin' Wolf
1044,Last Double Eagle,Little Howlin' Wolf
1045,Baltimore Raven,Little Howlin' Wolf
1046,Eulb,Little Howlin' Wolf
1047,Astral Blue,Little Howlin' Wolf
1048,Blue Coochology,Little Howlin' Wolf
1052,Wide Mouth Penetrated Makeshift Mustache Man,Lovely Little Girls
1058,Credo,Lozenge
1059,Numbrcrunchr,Lozenge
1060,Fuck The man,Lozenge
1061,Mr Fancy pants,Lozenge
1063,No Fair,Lozenge
1064,Undrbelly,Lozenge
1066,Helicopter de Cristal,Lucky Dragons
1068,Mi Corazon Zone,Lucky Dragons
1069,Un Lagrima en la Discoteca,Lucky Dragons
1071,Dura Big Screen TV Mix,Lucky Dragons
1072,Ya Me Voy OK,Lucky Dragons
1073,Onda Tocadisco,Lucky Dragons
1075,Painful Corazon,Lucky Dragons
1082,Nam Nhi-tu,M. Nguyen Van Minh-Con
1083,Feasting on Energy,Magic Lantern
1085,jamdek,Mahjongg
1086,countdown (the chicken),Mahjongg
1087,Tell The Police The Truth,Mahjongg
1088,aluminum,Mahjongg
1089,(bishop) desmond tutu,Mahjongg
1093,Track 02,Manbeard
1095,Track 04,Manbeard
1102,Rare Vodka from the Fourteenth Century,Mary Halvorson and Weasel Walter
1105,Song 1,Mayor Daley
1106,Up With People,Mayor Daley
1107,Song 3,Mayor Daley
1108,Song 4,Mayor Daley
1117,Florida Blue,Mike Rep and the Quotas
1118,Black Hole,Mike Rep and the Quotas
1121,Circle Crazy,Mincemeat or Tenspeed
1123,I Sell Love,Mink Lungs
1125,Sensual Pleasure,Mink Lungs
1126,Silent Sex,Mink Lungs
1130,Clowns In My Galaxy,Mink Lungs
1131,Bunny Bought a Spaceship,Mink Lungs
1138,In Abstracted Fashion,Minmae
1147,Walk To The Fire,Monoshock
1148,International Hello,Monoshock
1149,Sea Monkeys,Monoshock
1150,Model Citizen,Monoshock
1151,Desperado,The Moonlighters
1152,My Blackbirds Are Bluebirds Now,The Moonlighters
1153,Ballad Of A Gink,The Moonlighters
1154,Hello Heartstring,The Moonlighters
1155,Beyond The Reef,The Moonlighters
1156,45 Revolutions,Mors Ontologica
1157,Bombshell,Mors Ontologica
1161,Massive Action,Mors Ontologica
1162,D.Y.I,Mors Ontologica
1165,Washington Beach,Mors Ontologica
1179,Shoes,Mors Ontologica
1183,Vampires In My Neighborhood,Mors Ontologica
1193,Wooly Mammoth's Absence,Mount Eerie
1195,With My Hands Out,Mount Eerie
1196,2 Blonde Braids,Mount Eerie
1197,My Burning,Mount Eerie
1199,Cold Mountain Song 286,Mount Eerie
1201,Galiens,Mountain High
1202,Life Coach,Mountain High
1203,Gateway Shrugs,Mountain High
1204,Russian Bear,Mountain High
1249,"""Cleanse Bath"" 10"" Metal Laquer",Nautical Almanac
1259,Rolling In The Green,Nautical Almanac
1270,Cocksuckerbastardmotherfucker,Necropolis
1276,Richard Nixon Died Today,Negativland
1277,No Business,Negativland
1278,Downloading,Negativland
1279,Childs Eye,Newagehillbilly
1280,history,Newagehillbilly
1289,Combat Phone,Newagehillbilly
1290,Rock Roller,Newagehillbilly
1292,Pirate Radio,Newagehillbilly
1298,Weekend Warrior,Newagehillbilly
1311,Feeling so good?,Nicky Andrews
1339,Emotional Accident,Nicky Andrews
1354,Fools Want Noise,Oh My God
1356,Elevator Shaft,Olneyville Sound System
1358,This is Entertainment,Olneyville Sound System
1360,Moron Song,Olneyville Sound System
1361,I want My Money,Olneyville Sound System
1363,All Dressed Up,Olneyville Sound System
1366,"These Guys Don't Take Requests, They Don't Play Showtunes",Olneyville Sound System
1382,Lady Love,Parsley Flakes
1383,"Remember, Forget",Parsley Flakes
1413,Robot Slayer,Phallic Suns
1416,Arizona Beach,Phallic Suns
1417,Guns of Thunder,Pierced Arrows
1418,Caroline,Pierced Arrows
1419,In My Brain,Pierced Arrows
1427,I Feel Evils,Plastic Crimewave Sound
1443,Time Fist,Pocahaunted
1450,Burning Saddles,Ponytail
1451,Start A Corporation,Ponytail
1481,Cunca,Rainbro
1482,Reindeer Dance,Rainbro
1483,Center,Rainbro
1485,Blaster,Rainbro
1486,Greeting,Rainbro
1498,Rural Autumn Interlude,Ric Royer
1510,Zombie,Ric Royer &amp; G. Lucas Crane
1526,Alpha-Generic,RoMak and the Space Pirates
1528,Driving,RoMak and the Space Pirates
1534,Retirement Song,RoMak and the Space Pirates
1544,Song of The Stations,Samara Lubelski
1545,Speedway of The Winged Shuttles to the Southern Hemisphere,Samara Lubelski
1547,The Double,Saudade
1548,Endless Decision,Saudade
1550,134 Ash Street,Saudade
1551,Voices Off,Saudade
1552,The Hooded Ones,Saudade
1553,Empty Pillow,Saudade
1554,Sleep's Walk,Saudade
1555,Soaked,Saudade
1556,Reevolving,Saudade
1559,Civil War Boys,Sejayno
1607,Waltz Walk Win,Six Star General
1634,Cabbage Disaster,Snacks
1635,Odor Cameras From the Paris of the Future,Snacks
1638,Doug's Username on Ebay: spaghetti van halen,Snacks
1640,Mother,Snacks
1642,Hrz,So Cow
1644,Outskirts,So Cow
1649,Inis Meain,So Cow
1652,Last Train to Pyongyang,So Cow
1661,Only Fools and Horses Theme,So Cow
1663,So High,Softboiled Eggies
1666,She Fell Through the Trees,Softboiled Eggies
1671,Track 05,Solemn Man
1673,Track 07,Solemn Man
1674,Track 08,Solemn Man
1677,Miss Taznif Goes to Town Riding on a Pony,Solomonoff and Von Hoffmannstahl
1678,A Simple Way,Solomonoff and Von Hoffmannstahl
1680,Bashraf Salama,The Sounds of Taraab
1681,Daka Kozi Manowe,The Sounds of Taraab
1682,Nie Zama Nie Sema,The Sounds of Taraab
1683,Mapenzi Matamu,The Sounds of Taraab
1684,Mahaba Wa Taka Nini,The Sounds of Taraab
1685,Eni Wana Damu,The Sounds of Taraab
1686,Rufiji,The Sounds of Taraab
1687,"Lala, Mpenzi Lala",The Sounds of Taraab
1688,Sishituki,The Sounds of Taraab
1689,Unalo,The Sounds of Taraab
1701,Clouds,Spires That in the Sunset Rise
1702,Java Pop,Spires That in the Sunset Rise
1703,Equus Haar,Spires That in the Sunset Rise
1704,Morning Song,Spires That in the Sunset Rise
1705,Underscore,Spires That in the Sunset Rise
1706,In the Pineys,Strapping Fieldhands
1720,Harken Sunshine,Sun Araw
1730,Beast,Teenage Waistband
1732,Black Jerusalem,Teeth Mountain
1733,Keinsein,Teeth Mountain
1734,Spirals,Teeth Mountain
1735,Ghost Science,Teeth Mountain
1736,Soft Beast,Teeth Mountain
1738,Harsh Tanz,Teeth Mountain
1739,Malamut,Teeth Mountain
1783,Her Opening,Glove Compartment
1793,We're Flying Around In Our Haunted House,Glove Compartment
1797,Jaws Drop Baby Side,Glove Compartment
1799,Beach Ball,Glove Compartment
1804,At the Gym,Glove Compartment
1810,Bramble Thorns,Glove Compartment
1822,Beach Baby,Glove Compartment
1831,Sgt. Sunshine & You,Glove Compartment
1836,And In Time,The Higher State
1837,If We Don't Realise,The Higher State
1883,I Do What I Do,The Yolks
1884,I Found Love,The Yolks
1888,Kingsmeat,Thee Oh Sees
1889,The Freak Was Clean,Thee Oh Sees
1890,Quadrospazzed,Thee Oh Sees
1891,Kids In Cars,Thee Oh Sees
1893,Memories,Tommy Jay
1894,Old Hemingway (Hem),Tommy Jay
1896,Winter Nomad,Tommy Jay
1898,Downtown,Mors Ontologica
1899,Sleeping Chance,Mors Ontologica
1900,Sterling,Mors Ontologica
1901,Both Sides,Mors Ontologica
1916,Fall Away,The Twin Atlas
1924,Calling For You,The Twin Atlas
1925,Happy At The Wheel,The Twin Atlas
1926,Inside The Rhymes,The Twin Atlas
1929,Buzz Chant,U.S. Girls
1930,So Thereby...and furthermore...thus henceforth...Mono,Upsilon Acrux
1940,Bald Bull,Vincebus Eruptum
1941,Black Socks,Vincebus Eruptum
1944,Who Farted,Vincebus Eruptum
1963,Voodoo,Voodoo Suite
1964,Chant Of The Moon,Voodoo Suite
1965,Little Grass Shack,Voodoo Suite
1966,You're My Thrill,Voodoo Suite
1967,Sophisticated Savage,Voodoo Suite
1995,Battle Creek (Theme for Boiled Diet Soft Drinks),Wankatorium
1996,Neutron,Weasel Walter
2012,The White Mice,White Mice
2096,title unknown,Grouper
2097,My Sweet Miasma,Hall Of Fame
2099,....like bacon sundays,luc
2125,Hoboken Sucks,Äss
3263,A Date,Ai Aso
3264,Tee Te Te,Ai Aso
3265,Lavender,Ai Aso
3266,Land,Ai Aso
3268,Minimal Martini,Antiguo Automata Mexicano
3270,Song for Obol,Arborea
3271,Beirut,Arborea
3272,Seadrift,Arborea
3273,Redbird,Arborea
3274,Forewarned,Arborea
3401,Taste My Snow,Bonne Aparte
3446,Owed t' Burns 2,Byron Coley
3449,The Vice President Is Open,Byron Coley
3450,Bird Poem,Byron Coley
3452,Air Jordan,Chandeliers
3453,Bamboo,Chandeliers
3454,Precisely Prescilla,Chandeliers
3455,The Thrush,Chandeliers
3458,Body Double,Chandeliers
3459,Carolinian,Chatham County Line
3460,Joe chats with the boys,Chatham County Line
3461,Let It Rock,Chatham County Line
3462,Chip of a Star,Chatham County Line
3463,Clear Blue Sky,Chatham County Line
3464,She,Chatham County Line
3465,Birmingham Jail,Chatham County Line
3467,Woodland Drive,Cheap Time
3468,Glitter and Gold,Cheap Time
3469,Zig Zag,Cheap Time
3470,Back to School,Cheap Time
3472,People Talk,Cheap Time
3473,When Tomorrow Comes,Cheap Time
3475,Handyman,Cheap Time
3476,Wild Life,Cheap Time
3477,Down the Tubes - Falling Down,Cheap Time
3478,Over Again,Cheap Time
3479,Trip to the Zoo,Cheap Time
3489,Title Unknown,Citay
3490,Little Kingdom,Citay
3491,Title Unknown,Citay
3492,On The Wings,Citay
3493,Title Unknown,Citay
3495,Title Unknown,Citay
3497,Title Unknown,Citay
3499,Title Unknown,Citay
3501,Vomiting Mirrors / Missing Dick,Clockcleaner
3502,New Slow,Clockcleaner
3503,Deaf Man Talking,Clockcleaner
3504,Black Baby,Clockcleaner
3505,Early Man,Clockcleaner
3514,Prelude,Country Teasers
3515,The Ship,Country Teasers
3516,Points of View,Country Teasers
3517,Good Looking Boys Or Women,Country Teasers
3518,Trucking By,Country Teasers
3519,Hairy Wine 2,Country Teasers
3520,Man v. Cock,Country Teasers
3521,Please Ban Music/Gegen Alles,Country Teasers
3522,It Is My Duty,Country Teasers
3532,Heaven Is Human,Cryptacize
3533,New Spell,Cryptacize
3534,Cosmic Sing-a-long,Cryptacize
3535,No Coins,Cryptacize
3536,Jail & Mane,Cryptacize
3537,We'll Never Dream Again,Cryptacize
3538,Say You Will,Cryptacize
3551,Part 1,DMBQ
3552,Part 2,DMBQ
3557,My Name Is Robert,Dan Deacon
3558,Goose On The Loose Pt II,Dan Deacon
3559,My Own Face is F Word,Dan Deacon
3560,30 From 21Through 35,Dan Deacon
3561,The Hous I Was Isn't My Girlfriends Porsche,Dan Deacon
3563,Sine Wave With Vocals,Dan Deacon
3564,George Washinghands Pt II,Dan Deacon
3566,Electronics With Bari Sax,Dan Deacon
3567,How Much Pudding Can Tomy Handle,Dan Deacon
3568,50 From 36 Through 70,Dan Deacon
3569,This Crazy Mouse Won't Leave Me Alone,Dan Deacon
3570,6 From 1 Through 20,Dan Deacon
3571,Song For Dina,Dan Deacon
3572,Aerosmith's Perminent Vacation,Dan Deacon
3573,Piggled,Dan Deacon
3574,I'm Sorry Brian Wilson,Dan Deacon
3579,40 Miles of Bad Road,Dead Moon
3580,Dead Moon Night,Dead Moon
3581,Down the Road,Dead Moon
3582,Johnny's Got a Gun,Dead Moon
3583,Sabotage,Dead Moon
3584,Spectacle,Dead Moon
3585,These Times With You,Dead Moon
3598,Little Eyes,Ed Askew
3603,Houdini,Emma Peel
3604,I Love You Go Away,Emma Peel
3606,I Want,Emma Peel
3609,Watch Me Do This,Emma Peel
3612,Did You See Her,Fallen Leaves
3613,All That You Choose,Fallen Leaves
3614,Go Wow,Fallen Leaves
3616,Charity Girl,Fallen Leaves
3618,Happy Times,Fallen Leaves
3620,Shining,Fallen Leaves
3624,Days of Summer,Fallen Leaves
3626,You re Better Than a Dog Detective,The Feeling of Love
3638,Burnin Hell Blues,Frigg A Go Go (F.A.G.G.)
3681,Sorry About The Boat Race,Hank IV
3696,Tonight We Ride,Hank IV
3698,Symptomatic,Hank IV
3707,Stable the Spuds,Gary Higgins
3708,Thicker Than A Smokey,Gary Higgins
3720,Walking on the Water,Indian Jewelry
3721,Pow Wow,Indian Jewelry
3722,Swans,Indian Jewelry
3723,Nunnery,Indian Jewelry
3724,Temporary Famine Ship,Indian Jewelry
3725,West Alabama,Indian Jewelry
3727,Zieh Die Jacke Falschrum An / Schwanzverglisse,Japanische Kampfhorspiele
3761,Improv,Kinski
3762,Snowy Parts of Scandinavia,Kinski
3763,Shelley Winters Overdrive,Kinski
3765,Waves of Second Guessing,Kinski
3766,Rhode Island Freakout,Kinski
3775,Cumbia Infierno,La Troba Kung-Fu
3776,La Canco de Lladre,La Troba Kung-Fu
3777,Volant,La Troba Kung-Fu
3778,Calor Calor,La Troba Kung-Fu
3779,Rock Rumba,La Troba Kung-Fu
3812,Sexy Time,Leather Uppers
3832,Bedoin Song,Lior
3833,Track 01,Lightning Bolt
3834,Track 02,Lightning Bolt
3835,Track 03,Lightning Bolt
3836,Track 04,Lightning Bolt
3839,Track 07,Lightning Bolt
3840,Track 08,Lightning Bolt
3842,Shes Too Fat,Little Howlin' Wolf
3854,Mother,Los Fancy Free
3855,High Society,Los Fancy Free
3856,Hope,Los Fancy Free
3857,Fear,Los Fancy Free
3859,Beatle Suit & Purple Boots,Los Fancy Free
3861,Dinosaurs,Los Fancy Free
3862,Money Money Money,Los Fancy Free
3863,Ja Ja Ja,Los Fancy Free
3880,Crawling,Mary Halvorson and Jessica Pavone
3895,Invitita and de Cingheri from Transylvania,MetroFolk
3896,Gypsy Csardas and Men's Dances from Kalotaszeg,MetroFolk
3904,Sometimes,Michael Chapman
3905,Twisted Road,Michael Chapman
3906,Sometimes,Michael Chapman
3908,Caddo Lake,Michael Chapman
3909,Dewbury Road / That Time of Night,Michael Chapman
3910,Kodak Ghosts,Michael Chapman
3911,Dust Devils,Michael Chapman
3912,Fahey's Flag,Michael Chapman
3913,Memhpis in Winter,Michael Chapman
3915,Private Hearts,Michael Holt
3919,Green Water,Michael Holt
3920,Fragrant Rota,Michael Holt
3921,Hiawatha's Lullaby,Michael Holt
3923,Swaggart,Mink Lungs
3924,Medley - Ultimate Slumber Party,Mink Lungs
3929,Sensual Pleasure,Mink Lungs
3932,Synthesizer Baby,Mink Lungs
3933,Hopes Up High,Mink Lungs
3934,Black Balloon,Mink Lungs
3936,Who Loves You Dear,Mink Lungs
3939,Flying Saucers Homes,Mink Lungs
3941,My Gang,Miss Chain and the Broken Heels
3942,Heartsick,Miss Chain and the Broken Heels
3943,He's Your Boy (but could be mine),Miss Chain and the Broken Heels
3944,Lie,Miss Chain and the Broken Heels
3945,Searchers,Miss Chain and the Broken Heels
3946,Boys and Girls,Miss Chain and the Broken Heels
3947,Up All Night,Miss Chain and the Broken Heels
3948,Common Shell,Miss Chain and the Broken Heels
3950,Click Click Bang Bang,Miss Derringer
3951,Bullet Proof Heart,Miss Derringer
3952,Death By Desire,Miss Derringer
3953,Tonight I've Got a Bottle,Miss Derringer
3954,He Hung On A Sunday,Miss Derringer
3955,Black Tears,Miss Derringer
3956,Better Run Away From Me,Miss Derringer
3957,unititlednew,Miss Derringer
3958,Train Wreck Blues,Miss Derringer
3959,I Close My Eyes,Miss Derringer
3960,InterviewPortion,Miss Derringer
3973,Big Bang,Modey Lemon
3974,Mountain Mist,Modey Lemon
3975,Crows,Modey Lemon
3976,Enemy,Modey Lemon
3981,Sleepwalkers,Modey Lemon
3983,Coffin Talk,Modey Lemon
3985,Thunder + Lightning,Modey Lemon
3986,Jesus Christ for Dinner,Modey Lemon
3989,Not to Touch the Earth,Modey Lemon
4004,Born To Lose,Mors Ontologica
4013,Ravens,Nalle
4014,Voi Ruusuni & Alice's Ladder,Nalle
4017,New Roots,Nalle
4022,Can't Tell No One,Negative Approach
4024,Hypocrite,Negative Approach
4025,Dead Stop,Negative Approach
4027,Tied Down,Negative Approach
4028,Evacuate,Negative Approach
4029,Your Mistake,Negative Approach
4032,Nothing,Negative Approach
4033,Borstal Breakout (Sham 69),Negative Approach
4034,Never Surrender (Blitz),Negative Approach
4035,Solitary Confinement,Negative Approach
4037,Oh! Mighty Engine,Neil Halstead
4038,Born Again in Birmingham,Nightingales
4042,The Best of British Luck,Nightingales
4043,Belgian John,Nightingales
4044,Little Lambs,Nightingales
4045,Dick the Do Goods,Nightingales
4066,Soleade,Peter Walker
4067,Por Rosa,Peter Walker
4068,Alegrias Variation,Peter Walker
4069,Tune on Karen Dalton's Guitar,Peter Walker
4070,Nuevos Ojos,Pistolera
4071,Mentirosas,Pistolera
4072,Tatuaje,Pistolera
4073,Policia,Pistolera
4074,Vieja,Pistolera
4075,Un Momento,Pistolera
4076,No te Olvidare,Pistolera
4077,Algo Pa que te Olvides,Pistolera
4078,No Suspires,Pistolera
4079,Extranjero,Pistolera
4080,Cazador,Pistolera
4084,Korean Ghost Ship,Plastic Crimewave Sound
4091,1864,Polka Madre
4092,Nina Olga Vodka,Polka Madre
4093,Amsterdam,Polka Madre
4094,Vida Propia,Polka Madre
4095,Funeral Brahms,Polka Madre
4096,La Fin Du Monde,Polka Madre
4097,Clammy Hands,Polka Madre
4098,Russo Trap,Polka Madre
4099,Stalin's Head,Polka Madre
4100,Gitanas Mojadas,Polka Madre
4101,Karjalainen Tanssi,Polka Madre
4102,Herasinkuoleena,Polka Madre
4103,Circo Del Siglo,Polka Madre
4104,Like a Rolling Stone (Aborted),Psychedelic Horseshit
4105,C Song,Psychedelic Horseshit
4108,New Wave Hippies,Psychedelic Horseshit
4109,Country Punk,Psychedelic Horseshit
4110,Quasar,Psychedelic Horseshit
4111,Bad Vibrations,Psychedelic Horseshit
4112,Can't Get Enough,Psychedelic Horseshit
4119,Organ Music II,Quintron
4125,Unity or Nothing,Razor Bois
4126,I Was a Clockwork Skinhead,Razor Bois
4133,Disco Kid,Razor Bois
4158,Middle East,Roxy Pain
4159,Rainbow In the Dark,Roxy Pain
4160,Black Metal,Roxy Pain
4161,An Obvious Plot We Can't Stop,Roxy Pain
4167,Whistling in Hell,ST37
4170,Action Pants Rough,The Shamblers
4172,Dog Jobs,The Shamblers
4176,Teenage Belly Dancer,The Shamblers
4181,Skate Park,The Shamblers
4186,Monster Truck,The Shamblers
4193,Gruxxe Bathe Ballade,Sic Alps
4194,Brill Building,Sic Alps
4195,Mater,Sic Alps
4197,A Story Over There,Sic Alps
4198,Latin,Sic Alps
4201,Semi-Streets,Sic Alps
4202,I Know Where the Madness Goes,Sic Alps
4214,"Time, Money, and Me",Skybombers
4215,It Goes Off,Skybombers
4216,On and On,Skybombers
4217,Always Complaining,Skybombers
4218,6 AM,Skybombers
4219,Reason 2 Live,Skybombers
4232,Bowmazan Ya Mahaba  Bi Kidude song ,The Sounds of Taraab
4233,Interview,The Sounds of Taraab
4234,Mapenzi Matamu,The Sounds of Taraab
4235,Kanilemaza  Ikhwani Safaa,The Sounds of Taraab
4236,Enyi Wana Damu  Sharmila and Black Star Orchestra,The Sounds of Taraab
4239,Shishituki,The Sounds of Taraab
4264,If God Played Punk Rock He'd Want To Be In SUX,SUX
4267,What I Did On My Vacation,SUX
4275,Magic Fairy Poof Dust,SUX
4276,King Kong Went To Hong Kong To PLay Pink Pong With His Ding Dong,SUX
4284,Destroyed,The Bristles
4285,Purse Peekin',Coachwhips
4297,Took Her Hand,The Cynics
4298,I Want You,The Cynics
4299,Slide Over,The Cynics
4300,Now I'm Alone,The Cynics
4302,All These Streets,The Cynics
4309,Useless,The Cynics
4310,Yeah,The Cynics
4311,Here We Are,The Cynics
4312,Right Here,The Cynics
4313,The Warning,The Cynics
4316,Intro,The Cynics
4330,Standing Upside Down,The Embrooks
4332,Feel Like Flying,The Embrooks
4333,Happy Fickle Girl,The Embrooks
4346,Give It Up,The Hall Monitors
4348,Girls,The Hall Monitors
4363,Summer Breeze,Means
4368,Consider Yourself a Hero,Means
4391,I Want Fun,The Pets
4394,Blame It On The Kids,The Pets
4396,Paper Plane,The Pets
4400,Kissing and Touching the Void Hem of the Cloth/Fuck Syngenta,The Rebel
4401,Bums On a Rock,The Rebel
4403,Iran's Nuclear Threat,The Rebel
4407,Why Must I Pay?,The Rebel
4408,Civilian Life,The Rebel
4409,Turtle V. Octopus,The Rebel
4410,Life Is a Rehearsal,The Rebel
4432,Roman War Heroes,The Tokeleys
4443,Glaciers,Triclops!
4444,The Red Castle,Twi the Humble Feather
4445,Heart On Fire,Twi the Humble Feather
4446,Seasons,Twi the Humble Feather
4450,Adventures of Castle One,Twi the Humble Feather
4463,Black Hole,Urinals
4466,Sex,Urinals
4468,I'm a Bug,Urinals
4469,Strip Club,Urinals
4484,Shot in the foot,Voice or No Voice
4490,Time Traveling,Voice or No Voice
4492,American Dream,Voice or No Voice
4499,Sweet and Sour Dreams,We Are the Arm
4500,Radiate,White Hills
4501,Love Serve Remember,White Hills
4507,Mon Amant de St. Jean,Yan Yalego
4508,Five Foot Two,Yan Yalego
4509,Haricots,Yan Yalego
4510,no title,Yan Yalego
4511,Petit 'n Mwen,Yan Yalego
4519,Golden,High Places
4520,From Stardust to Sentience,High Places
4521,Namer,High Places
4522,Oceanus,High Places
4536,I Can't Tell In His Eyes,Wildbirds and Peacedrums
4537,The Window,Wildbirds and Peacedrums
4538,There Is No Light,Wildbirds and Peacedrums
4539,Lost Love,Wildbirds and Peacedrums
4540,Doubt/Hope,Wildbirds and Peacedrums
4682,Asylum (Permanent Underclass),Dälek
4683,In the Midst of Struggle,Dälek
4684,Eyes to Form Shadows,Dälek
4685,Ever Somber,Dälek
4686,Opiate the Masses,Dälek
4687,Koner,Dälek
4688,Culture for Dollars,Dälek
4691,Desert Song,Dan Friel
4692,One Legged Cowboy,Dan Friel
4695,Intervention,Dan Friel
4698,Arms Saloon,Dan Deacon
4699,Lion with a Sharks Head (demostration version),Dan Deacon
4700,Connor Kizer with Bead Jewelery,Dan Deacon
4701,When I Was Taller,Dan Deacon
4702,Ohio (demostration version),Dan Deacon
4703,Title,Barnacled
4704,Polyurethane,Barnacled
4705,Slappodrome,Barnacled
4707,Bright Tomorrow (live),Fuck Buttons
4708,Race You To My Bedroom,Fuck Buttons
4709,I Hear The Vibrations (live at ATP-NY '08),Wooden Shjips
4712,Death's Not Your Friend (live at ATP-NY '08),Wooden Shjips
4737,Your Bound To Look Like A Monkey,Smokey Hormel
4738,Goofus,Smokey Hormel
4739,Spanish Fandango,Smokey Hormel
4740,Keep A Knockin,Smokey Hormel
4741,Get Along,Smokey Hormel
4742,You Dont Know My Mind,Smokey Hormel
4743,Crazy Crazy Crazy,Smokey Hormel
4744,Sheik Of Araby,Smokey Hormel
4745,Trash Day,Smokey Hormel
4746,The Three O Nine,Smokey Hormel
4747,The Gold Rush Is Over,Smokey Hormel
4748,Old,Smokey Hormel
4749,French Water,Smokey Hormel
4750,He Calls That Religion,Smokey Hormel
4752,First Priority,The Bad Trips
4754,Nels' Box,Carla Bozulich's Evangelista
4755,Pissing,Carla Bozulich's Evangelista
4756,Winds of St. Anne,Carla Bozulich's Evangelista
4757,Truth Is Dark Like Outer Space,Carla Bozulich's Evangelista
4759,Little Kingdom,Citay
4760,Candy Girl,Low
4761,Murderer,Low
4762,Pretty People,Low
4763,Nice Cuffs,Citay
4764,Always Fade,Low
4765,First Fantasy,Citay
4766,Shalom of Safed,Citay
4767,Tonight,Low
4768,Eye on the Dollar,Citay
4769,Walk Into The Sea,Low
4771,Canada,Low
4777,Firecracker,Half Japanese
4778,Too Much Fun,Half Japanese
4779,Secret Admirer,Half Japanese
4780,Too Much Adrenaline,Half Japanese
4781,No Big Deal,Half Japanese
4782,Thing With a Hook,Half Japanese
4783,I'll Chane My Style,Half Japanese
4784,Rosemary's Baby,Half Japanese
4785,I Know How It Feels...Bad,Half Japanese
4786,"1,000,000 Kisses",Half Japanese
4787,Nicole Told Me,Half Japanese
4788,Fire To Burn,Half Japanese
4791,Sorry 'Bout the Boat Race,Hank IV
4793,Drive the Whip,Hank IV
4798,Symptomatic,Hank IV
4799,I've Got a Love,Harvey Milk
4800,Crush Them All,Harvey Milk
4801,War,Harvey Milk
4802,Shame,Harvey Milk
4803,Old Glory,Harvey Milk
4829,The Gold We're Digging,Parts and Labor
4835,Steak,Peelander-Z
4836,Panda Punk Tongue,Peelander-Z
4837,Bruce Lee Blue Three,Peelander-Z
4838,Punk Rock,Peelander-Z
4840,KO Bon Bayeh,Peelander-Z
4841,Jaico,Peelander-Z
4846,Bistoon,Mamak Khadem
4848,(introduction),Mamak Khadem
4849,Avareh,Mamak Khadem
4850,"Preludes, Book 2 - ",Paul Pitman
4851,"Preludes, Book 2 - La puerta del Vino",Paul Pitman
4996,Hassle St.,New Bomb Turks
4999,Grifted,New Bomb Turks
5002,Last Lost Fight,New Bomb Turks
5003,End of the Great Credibility Race,New Bomb Turks
5006,"So Long, Silver Lining",New Bomb Turks
5007,Pretty Lightning,New Bomb Turks
5009,Sailor's hornpipe medley,Charles D'Almaine
5012,Clarinet squawk,Louisiana Five
5013,Buck dance medley,John J. Kimmel
5014,What a time,Polk Miller and his Old South Quartet
5015,I don't believe you,Ada Jones and Billy Murray
5016,Missouri Joe,Sophie Tucker
5017,"Don't go down the mine, Dad",Frank Miller
5018,Nina,Hans Kronold
5019,Irish and Scotch melodies (take 2),Charles Daab
5020,The girl from the U.S.A.,Henry Burr
5021,Keep Away From the Fellow Who Owns an Automobile,Ada Jones
5022,Medley of straight jigs,John J. Kimmel
5023,Jerusalem Mournin,Polk Miller and his Old South Quartet
5024,Wouldn't you like to have me for a sweetheart,Ada Jones
5026,Styrienne [Mignon. Je connais un pauvre enfant],Selma Kurz
5029,I like your town,Glen Ellison
5030,Gasoline Gus and his jitney bus,Billy Murray
5031,On my way to New Orleans,Arthur Collins and Byron G. Harlan
5032,King of the air march,Charles Daab
5033,O Canada,Henry Burr
5034,Some smoke  ,National Promenade Band
5036,Lu Lu,National Promenade Band
5038,Are you the O'Reilly?,Billy Murray
5043,Everybody loves my girl,Irving Kaufman
5044,The star spangled banner,Thomas Chalmers and Elizabeth Spencer
5079,The New Kings And Queens of Musical History,Intelligence
5092,Swimming,Love Craft
5104,Shake Some Action,Magic Christian
5106,Too Many Ties (No. 6),Mary Halvorson Trio
5107,Momentary Lapse (No. 1),Mary Halvorson Trio
5119,Dragon's Head (No. 9),Mary Halvorson Trio
5120,No. 11,Mary Halvorson Trio
5140,Little Infinite Love Song,Ed Askew
5141,Oh the Lovely Face,Ed Askew
5147,Watertower,Uninhabitable Mansions
5148,I Dream So Vividly,Uninhabitable Mansions
5149,We Misplaced A Cobra In the Uninhabitable Mansions,Uninhabitable Mansions
5151,This Drift,Uninhabitable Mansions
5152,That's Fine With Me,Uninhabitable Mansions
5153,Do You Have A Strategy,Uninhabitable Mansions
5156,Circles,Peter Biedermann
5157,Copenhagen,Peter Biedermann
5158,Running,Peter Biedermann
5159,Christiania,Peter Biedermann
5160,Bomb Tonight,The Bristles
5162,American Dream,The Bristles
5169,The Uncommon Man,Peter Biedermann
5170,Labyrinth,Peter Biedermann
5171,Cover Up,Peter Biedermann
5178,Which Way Is Up?,caUSE co-MOTION
5191,Say What You Feel,caUSE co-MOTION
5196,Only Fades Away,caUSE co-MOTION
5219,"1,000 Years",Coachwhips
5220,That Bitch,Coachwhips
5221,Tonight's the Night,Coachwhips
5222,By the Way,Coachwhips
5223,Just One Time,Coachwhips
5224,Hey Stiffy,Coachwhips
5226,I Fight With My Heart,Coachwhips
5227,Look Into My Eyes When I Come,Coachwhips
5237,Out Of Order,The Cute Lepers
5238,Terminal Boredom,The Cute Lepers
5239,No No No,The Cute Lepers
5240,Nervous Habits,The Cute Lepers
5241,The News Is Always,The Cute Lepers
5242,Prove It,The Cute Lepers
5243,It's Summertime Baby,The Cute Lepers
5244,Modern Pests,The Cute Lepers
5245,Fall To Pieces,The Cute Lepers
5246,Intro,The Cute Lepers
5258,Young Hearts,The Cute Lepers
5264,Classical Homicide,Dälek
5265,Swollen Tongue Bums,Dälek
5267,Praise be the Man,Dälek
5268,3 Rocks Blessed,Dälek
5269,From Mole Hills,Dälek
5270,Spiritual Healing,Dälek
5273,She Walks,DMBQ
5275,Off Duty Fortune Teller,Haale
5276,Ay Dar Shekasteh,Haale
5277,Home Again,Haale
5283,Walk On,Frigg A Go Go (F.A.G.G.)
5284,Muscle,Frigg A Go Go (F.A.G.G.)
5285,Liberation is not Easy,Frigg A Go Go (F.A.G.G.)
5286,Degree of Freedom,Frigg A Go Go (F.A.G.G.)
5319,The force may be with you,Idmonster
5320,The storm before the calm,Idmonster
5321,The lightness,Idmonster
5325,The part of something,Idmonster
5337,The Black Lagoon + ABIN groove,Retrigger
5340,Ghettoblasta 64',Retrigger
5341,Soviet disco dog theme song,Retrigger
5342,Mean a swing,Retrigger
5343,You will die,Retrigger
5344,Ghesttoblasta! '64 (Remix by Maladroit),Retrigger
5345,Raining blood,Retrigger
5346,Seduce Jeanie & Kill Caroline,Retrigger
5348,Duck you sucker!,Retrigger
5354,Jeanie and Caroline,Retrigger
5371,Reckless driving is not a sin,Retrigger
5376,The Clouds,Mary Halvorson and Jessica Pavone
5377,I am Fine,Mary Halvorson and Jessica Pavone
5378,Speaking With Silence,Mary Halvorson and Jessica Pavone
5379,The Wand,Mary Halvorson and Jessica Pavone
5380,On and Off,Mary Halvorson and Jessica Pavone
5381,Hartford,Mary Halvorson and Jessica Pavone
5399,Yerçekimsiz Ortam,Hayvanlar Alemi
5440,Thin Retro God,Animosity &amp; Drumcorps
5477,"But You Love Me, Daddy (with Jim Reeves)",R. Stevie Moore
5510,Technical Difficulty,R. Stevie Moore
5521,alone now,The Apartment
5531,dig a hole,The Apartment
5533,the moon is full,The Apartment
5534,flowing,The Apartment
5535,ohh what fun,The Apartment
5570,You And Me,R. Stevie Moore
5573,Records,R. Stevie Moore
5574,Say Man,R. Stevie Moore
5576,Cease All Relationships (Phlegm Soundtrack excerpt),R. Stevie Moore
5577,I've Begun To Fall In Love (Midi-Bran Piano Roll),R. Stevie Moore
5600,Grease Theme,R. Stevie Moore
5601,A Whiter Shade Of Pale,R. Stevie Moore
5879,Rock and Tree,Bob Wiseman
5936,Traveling,Susanna
5939,Crash on the Levee,Howard Fishman
5940,When It Rains,Howard Fishman
6274,New,Mi Ami
6275,New New,Mi Ami
6276,New Guitar,Mi Ami
6329,Krivo Kopanitsa Horo,Sheqer
6330,Nie Zama Nie Sema,The Sounds of Taraab
6331,track 1,Kavala Brass Band
6332,Taso's Hasapiko,Raya Brass Band
6333,track 01,Scott Wilson & Efendi
6342,Doulab Nahawand Murassaa,Zikrayat
6354,Daka Koz,The Sounds of Taraab
6357,Zaharoula,Raya Brass Band
6358,track 2,Kavala Brass Band
6360,Sabah Sabah Seyredelim Yaliyi,Orkestra Keyif
6363,track 02,Scott Wilson & Efendi
6366,Taheya,Zikrayat
6367,"Manowe, Mahaba Wa Takanini, Mapenz",The Sounds of Taraab
6368,track 3,Kavala Brass Band
6370,Leventikos,Raya Brass Band
6372,track 03,Scott Wilson & Efendi
6373,Semseyemin Ucu Kare with Oud Solo by Haig Manoukian,Orkestra Keyif
6376,track 4,Kavala Brass Band
6379,Matamu Choz,The Sounds of Taraab
6380,track 04,Scott Wilson & Efendi
6381,Kateva Lenko,Raya Brass Band
6382,Svadbeni Cocek,Sheqer
6383,Telegrafin Tellerine,Orkestra Keyif
6385,track 05,Scott Wilson & Efendi
6387,Karsilamas Hrysodaktili,Raya Brass Band
6389,Kwala Ulala Huez,The Sounds of Taraab
6390,track 5,Kavala Brass Band
6393,Rumor,Zikrayat
6394,Bufchansko,Sheqer
6396,Sarki,Sheqer
6406,The Hungry Stones,MV + EE
6407,Huna Cosm,MV + EE
6439,Crossover,EPMD
6440,Rampage,EPMD
6442,Richter Scale,EPMD
6443,Music,EPMD
6448,Please Listen To My Demo,EPMD
6459,Ma Alli Wu Ultillu,Zikrayat
6460,Carve It Out,Matt Bauer
6461,Florida Rain,Matt Bauer
6463,Are You the One?,Matt Bauer
6464,Don't Let Me Out,Matt Bauer
6465,Fox Kits,Matt Bauer
6466,Sheltering Dark,Matt Bauer
6467,As She Came Out of  the Water,Matt Bauer
6469,Derya'da Deryaliklar,Orkestra Keyif
6517,Stars,Sakura Madams
6519,Somebody To Love,Sakura Madams
6520,Hole In The Sky,Sakura Madams
6522,I Can't Go For That,Sakura Madams
6523,Cheese / I Like Cheese / Cheese is Life (piano) / Football Practice,The Cheese Band
6524,Swimming Out,Schocholautte
6525,Cleveland,Schocholautte
6527,Memorial Day,Schocholautte
6528,Panther Tattoo,Schocholautte
6529,Mario History/Spin The Bottle,Schocholautte
6530,Good Will Forget You,Schocholautte
6532,Mercedez Benz,Schocholautte
6533,Orange County,Schocholautte
6534,Gone,Schocholautte
6536,Encore,Schocholautte
6537,Spilled Milk,Schocholautte
6584,Part 1,Dale
6592,Part 7,Dale
6593,Handjobs?,Eskalators
6595,Cats and Dogs Living Together,Eskalators
6596,Dessert First,Eskalators
6597,Now This Is Happening,Eskalators
6598,Empty Lot Flowers,Eskalators
6600,Chicken Lollipop,Eskalators
6602,The Hit,Eskalators
6603,The Woods,Height With Friends
6605,Bad Weather,Height With Friends
6606,Smash Your Eyes,Height With Friends
6607,The World,Height With Friends
6608,Cavalcade Lagoons,Height With Friends
6609,2009,Height With Friends
6610,Clack Struck Twelve,Height With Friends
6611,Escape Tune,Height With Friends
6627,Clogged,Michael Jordan
6630,Title,Michael Jordan
6631,Chalk White,Michael Jordan
6632,Pockets,Michael Jordan
6633,Eyes,Michael Jordan
6635,Buzzo/Pushing Canada To Alaska,Michael Jordan
6637,In and Out,Pyramid Scheme Trio
6640,Bake the Gold Over the Wax,Pyramid Scheme Trio
6654,Jupiter,Bruce Lenkei
6655,Passing Lane,Bruce Lenkei
6656,October,Bruce Lenkei
6657,Through the Swamp,Bruce Lenkei
6658,Pour The Evening,Bruce Lenkei
6660,Lava Lite,Bruce Lenkei
6661,Eighty Waves,Bruce Lenkei
6662,Three O'clock Mother,Bruce Lenkei
6663,Something Good,Bruce Lenkei
6664,Timeline,Bruce Lenkei
6666,Happy Sunday,Bruce Lenkei
6669,Fire of Love,Flaming Fire
6671,I Love the Way You Kill Me (It's So Hot Hot Hot),Flaming Fire
6672,High Bell,Flaming Fire
6673,Water Privitization Man,Flaming Fire
6674,Introduction: (Re)percussions,Jarrod Fowler
6675,The End of Senseless Beating,Jarrod Fowler
6677,Index,Jarrod Fowler
6679,Different Strokes for Different Folks,Jarrod Fowler
6680,Sound of the City:  A Musician is Being Beaten,Jarrod Fowler
6684,Preface,Jarrod Fowler
6716,To Cross the Land,Tombs
6717,Golden Eyes,Tombs
6718,Monuments,Tombs
6719,Filled with Secrets,Tombs
6734,The Great Silence,Tombs
6735,Seven Stars the Angel of Death,Tombs
6752,high tech insects hate your Western civilization,James Amoeba
6753,tube dwellers unlubricated,James Amoeba
6755,kay,James Amoeba
6757,put it into you brain,James Amoeba
6758,plywood birthday balloon zone,James Amoeba
6759,kitty Meditation X,James Amoeba
6760,I made you I can destroy you,James Amoeba
6761,spray on dreams,James Amoeba
6762,Western States,Matt Bauer
6765,tropical breaks,Dave Public
6770,IMAGINE,Dave Public
6776,Abflussbestattung / Verrat Am Metal,Japanische Kampfhorspiele
6777,Wir Werden Gott,Japanische Kampfhorspiele
6778,Dresscode,Japanische Kampfhorspiele
6779,Castle By the Sea,Cath and Phil Tyler
6780,The Golden Ale/Courting,Cath and Phil Tyler
6781,Little Margaret,Cath and Phil Tyler
6782,Sunshine,Cath and Phil Tyler
6783,Fisherman's Girl,Cath and Phil Tyler
6784,False True Love/Last Chance,Cath and Phil Tyler
6785,My Sweet Soldier Boy,Cath and Phil Tyler
6787,Yew Pine Mountain,Cath and Phil Tyler
6788,Tokugiri Star,Peelander-Z
6802,Spanish Civil War Tribute,Watcha Clan
6803,Balkan Qoulou,Watcha Clan
6831,For Whom the Bell Tolls,The Jowe Head Band
6832,Istanbul,The Jowe Head Band
6850,Cake Shop Girl,The Jowe Head Band
6854,Lost in Your,Lior
6855,This Old Love,Lior
6856,Autumn Flow,Lior
6857,Drone Trailer,MV + EE and Willie Lane
6859,Tea Devil,MV + EE and Willie Lane
6880,Interview with Kurt,Jaap Blonk
7011,in sleepy electricity,junior85
7012,"for reason, forgotten",junior85
7013,sunnday,junior85
7014,in your sleep,junior85
7015,eeeoooww,junior85
7016,in your sleepy electricity,junior85
7020,empeetree,junior85
7021,with my little eye,junior85
7121,Fallen Leaves that Jewel the Ground,P.G. Six
7123,Letter to Lilli St Cyr/Old Man on the Mountain,P.G. Six
7192,Fire of Quarrels,In The Doorway
7193,Love,In The Doorway
7194,Cerebral Paradox,In The Doorway
7195,Depths of a Harlot,In The Doorway
7197,Paranoia,The Death Set
7198,Intermission,The Death Set
7199,Around the World,The Death Set
7201,Zombie,The Death Set
7202,Impossible,The Death Set
7203,Negative Thinking,The Death Set
7205,Boys/Girls,The Death Set
7208,Set Me Free,Monotonix
7210,drum solo,Monotonix
7211,Ride,Monotonix
7213,No Metal,Monotonix
7259,Body Language,Monotonix
7262,(Come Closer!) (Banded),Monotonix
7373,heartbreaker,Lucky Dragons
7374,new homes,Lucky Dragons
7375,cherchez le dragon,Lucky Dragons
7376,about peter,Lucky Dragons
7377,with new trees,Lucky Dragons
7378,resurrect dead on planet jupiter,Lucky Dragons
7379,it's hard to fall asleep,Lucky Dragons
7381,i'd play at the rotunda,Lucky Dragons
7383,i hear horrible music,Lucky Dragons
7385,my imaginary scary home,Lucky Dragons
7386,its hard to wake up,Lucky Dragons
7388,girlworld (3 in a bed mix),Lucky Dragons
7391,all these wires between us,Lucky Dragons
7393,leaving things as they are,Lucky Dragons
7450,Whoever You Are,Brian Jonestown Massacre
7451,Nailing Honey To The Bee,Brian Jonestown Massacre
7452,Here It Comes,Brian Jonestown Massacre
7453,Yeah Yeah,Brian Jonestown Massacre
7455,Vacuum Boots,Brian Jonestown Massacre
7456,Who,Brian Jonestown Massacre
7457,Hide and Seek,Brian Jonestown Massacre
7459,Nevertheless,Brian Jonestown Massacre
7460,When Jokers Attack,Brian Jonestown Massacre
7475,Bombshell,Mors Ontologica
7481,Seeing You Out,BrokeMC
7482,Seeing Things Intro,BrokeMC
7483,Doom Days,BrokeMC
7484,Dust In my Attic,BrokeMC
7485,Every Damn Day People,BrokeMC
7487,The Robot's Heel,BrokeMC
7488,The Discovery,BrokeMC
7489,Too Much to deal with,BrokeMC
7490,Follow That,BrokeMC
7491,broke Pimpin,BrokeMC
7492,In the Dark,BrokeMC
7494,Hearts in Exile,Homosexuals
7495,Soft South Africans,Homosexuals
7498,Flying,Homosexuals
7502,Astral Glamour,Homosexuals
7526,Easy on the Eyes,Monk Turner
7527,With You,Monk Turner
7528,Game,Monk Turner
7529,Seeking,Monk Turner
7541,"Rother, Dinger You and Me",Antiguo Automata Mexicano
7542,Co-Opt,Antiguo Automata Mexicano
7543,Kraut Slut aka Motorik Bitch aka DJ with Kids,Antiguo Automata Mexicano
7544,The Order (aam arkestra mix),Antiguo Automata Mexicano
7545,Chez Nobody,Antiguo Automata Mexicano
7546,Endtroduction and Interview,Antiguo Automata Mexicano
7548,First Movement,Z'EV
7549,Second Movement,Z'EV
7550,Third Movement,Z'EV
7551,Fourth Movement,Z'EV
7552,Fifth Movement,Z'EV
7553,Sixth Movement,Z'EV
7554,Seventh Movement,Z'EV
7555,Eighth Movement,Z'EV
7556,Ninth Movement,Z'EV
7709,Deep At Sea,Mia Doi Todd
7710,What If We Do,Mia Doi Todd
7711,The Way,Mia Doi Todd
7712,My Room Is White,Mia Doi Todd
7713,I gave you my home,Mia Doi Todd
7714,Casanova,Mia Doi Todd
7762,01 raymondscott.mp3,junior85
7764,03 (hometown).mp3,junior85
7768,04 thrumdrummy.mp3,junior85
7777,Cut Off Your Hand,Bonedust
7778,Flowers Made Of Cobras,Bonedust
7779,Dust,Bonedust
7780,When You Are Dead,Bonedust
7781,Ungodly Human Heart,Bonedust
7782,Lest I Be,Bonedust
7843,Cant Skate Here,The Boardlords
7849,PATHetic Garbage Loser,The Boardlords
7853,Rodeo,The Boardlords
7864,Fix Me > Ski Bunny,Boss Hog
7865,Trouble,Boss Hog
7866,Dedicated,Boss Hog
7867,Strawberry > I Dig You,Boss Hog
7868,Drive Me Crazy,Boss Hog
7869,Chocolate,Boss Hog
7870,Count Me Out,Boss Hog
7871,Sick,Boss Hog
7872,Saved,Boss Hog
7873,Sugar Bunny > Winn Coma,Boss Hog
7874,Hustler,Boss Hog
7875,Gerard,Boss Hog
7876,Black Betty,Boss Hog
8017,Get Ready For Action,Mondo Topless
8023,In the End,Mondo Topless
8044,Kill People,Excepter
8056,Get It While You Can,The Dirtbombs
8057,Sun Is Shining,The Dirtbombs
8058,By My Side,The Dirtbombs
8059,Earthquake Heart,The Dirtbombs
8061,Ode To A Black Man,The Dirtbombs
8064,Candy Ass,The Dirtbombs
8080,I'm Through With White Girls,The Dirtbombs
8081,Motor City Baby,The Dirtbombs
8179,boyzinthebathroom,Lame Drivers
8180,demondz blood,Lame Drivers
8188,clown on the town,P.E.D.
8201,noise,P.E.D.
8204,strength in numbers,P.E.D.
8205,top of the world,P.E.D.
8208,Rocket USA,Alan Vega & Oneida
8209,Freedom Done,Alan Vega
8210,Psychopath,Alan Vega
8211,Crime Street Spree,Alan Vega
8212,Traceman,Alan Vega
8213,Thirteen Crosses,Alan Vega
8214,SS Eyes,Alan Vega
8215,Warrior,Alan Vega
8216,The Goodbye Song,Alan Vega
8256,Sugar In My Coffin,Curtis Eller
8257,Daisy Josephine,Curtis Eller
8258,After the Soil Falls,Curtis Eller
8259,Always Sugar for the Horses,Curtis Eller
8260,The Curse of Cain,Curtis Eller
8261,Black Diamond,Curtis Eller
8269,Braxton Speaks,Nat Roe
8270,Custom Drummer,Nat Roe
8279,Hayalgücü Spor Kulübü,Hayvanlar Alemi
8280,Akışkan Misafirler İki,Hayvanlar Alemi
8329,I Love Terror,Retard Riot
8331,Rayer 2 (Holy Land),Joe Frank
8339,News from Abroad,The Department of Homeland Absurdity
8344,Seance (Holy Land),Joe Frank
8345,Walter,Walter
8347,Chiller,JayDee
8349,Virginia Beach,Field Recorder
8357,Promocja Belkot radio commercial,Free Matter for the Blind
8358,short wave radio recording,Free Matter for the Blind
8363,"Outside of fashion boutique, Xian, China",Free Matter for the Blind
8364,"Musicians next to the canal, Zhouzhuang, China",Free Matter for the Blind
8370,Track 15,Costes
8372,variations on Foreigners,Dirty White Boy
8375,Transformers Re-mix,Michael
8376,Track 2,The Firesign Theater
8377,Track 14,The Firesign Theater
8378,Track 27,The Firesign Theater
8416,Track 33,Taal
8450,Bell,Screaming Females
8451,Skull,Screaming Females
8452,Buried In the Nude,Screaming Females
8453,Adult Army,Screaming Females
8454,Fun,Screaming Females
8455,Lights Out,Screaming Females
8489,When I'm Gone,Paybacks
8490,Blackout,Paybacks
8491,Black Girl,Paybacks
8494,Bright Side,Paybacks
8497,Hollywood,Paybacks
8514,Brown Summer,Triclops!
8531,Kaptan Hayvanlar Alemi,Hayvanlar Alemi
8575,Love Me Anyway,Steve Wynn
8576,Train of though (early mix),The Blood Lemons
8578,Ghost,The Blood Lemons
8580,Ikuru,Taylor Ho Bynum/Tomas Fujiwara Duo
8582,"Keys, No Address",Taylor Ho Bynum/Tomas Fujiwara Duo
8584,Leaning Reflection,Taylor Ho Bynum/Tomas Fujiwara Duo
8914,If I Had A Reason,OCS
8917,Tonights the Night,Coachwhips
8920,"Ufo, Please Take Her Home",Coachwhips
8921,Get Thy Bearings,Thee Oh Sees
8922,Your Party will be a Success,Coachwhips
9152,1991,dj smallcock
9155,Tossypot,Peeled Hearts Paste
9188,The Minister's Black Veil,Gunslingers
9307,Racing Past the Zenith,Kitty Kadoogal
9476,Plight Of The Bumblebee,A Kombi
9477,Colour Me Your Colour,Justice Yeldham
9490,1984,dj smallcock
9491,Rape Me,Toxic Lipstick
9492,Put It In,Toxic Lipstick
9493,best friends 4eva,Toxic Lipstick
9505,168 Toronto 260305,Justice Yeldham
9511,Message From the Law,Sic Alps
9512,Eywat Setenafegagn,Getatchew Mekuria &amp; The Ex &amp; Guests
9513,Cold Water,Old Time Relijun
9514,If I Had A Hammer,Puffy Areolas
9516,Norwegian Wood,Puffy Areolas
9517,Dandy,Puffy Areolas
9550,Slippershell,Kristin Hersh
9551,Torque,Kristin Hersh
9552,Around Dusk,Kristin Hersh
9553,Morning Birds,Kristin Hersh
9554,Speedbath,Kristin Hersh
9555,Krait,Kristin Hersh
9556,Static,Kristin Hersh
9557,Moan,Kristin Hersh
9558,Elizabeth June,Kristin Hersh
9559,Mississippi Kite,Kristin Hersh
9560,Fortune,Kristin Hersh
9561,Rubidoux,Kristin Hersh
9590,Beetle Paste Dinner,Volvox
9608,Sad Dog Food,Volvox
9640,Fresh Born (Deerhoof Cover),Keith Kawaii
9654,My Friends,The Franks
9655,Bussiness Casual,The Franks
9656,Common Consensus,The Franks
9658,Neon Politik,The Franks
9659,Modern Man,The Franks
9662,My Original Dictionary (feat. Readers),Learning Music
9663,September Still,Learning Music
9664,Contagious,Learning Music
9666,CGGF,Learning Music
9677,Milkhead,Volvox
9678,Riboflavin Horror,Volvox
9721,Track 01,Justice Yeldham
9735,Airplanes,Mayyors
9747,The Smalltalker,Proviant Audio
9748,Welcome Wilderness,Proviant Audio
9749,"Good Morning, Dear (feat. Hans Mathisen)",Proviant Audio
9750,Configurate,Proviant Audio
9751,Hello September,Proviant Audio
9752,You Gave Me No Choice,Proviant Audio
9753,Just Like That,Proviant Audio
9793,If I Wait,Sunbyrn
9798,Life of Luxury(Backroom Mix),Sunbyrn
9800,Scandinavian Sky,Sunbyrn
9811,Scared of My Own Blood,Sunbyrn
9823,Slither Away,Sunbyrn
9844,Voluptous,Love Craft
9846,Computer Music/Post-Fordism,Mattin
9847,Computer Fetishist,Mattin
9850,Desecration of Silence,Mattin
9851,Subversive Script,Dälek
9852,Title Unknown,Dälek
9853,Isolated Stare,Dälek
9857,Corrupt (Knuckle Up),Dälek
9863,purse peekin',Coachwhips
9866,evil son,Coachwhips
9867,thee alarm,Coachwhips
9875,Tarnished,Dälek
9887,All I Ever Wanted,Meg Baird
9888,Cross,James Blackshaw
9918,Scorpion Whip,Sissy Spacek
9956,Memory Man,Avec Noir
9958,With Black,Avec Noir
9960,Tourist Information,Avec Noir
9961,Pants on Fire,Avec Noir
9962,Amour,Avec Noir
9967,Computer Bug,Avec Noir
9968,Excuse me please,Avec Noir
9985,Bug,50 Foot Wave
9986,Clara Bow,50 Foot Wave
9987,Long Painting,50 Foot Wave
9988,Glory Weed,50 Foot Wave
9989,Lavender,50 Foot Wave
9990,Dog Days,50 Foot Wave
9991,Bone China,50 Foot Wave
9992,Pneuma,50 Foot Wave
9993,Petal,50 Foot Wave
9994,Sally Is A Girl,50 Foot Wave
9995,El Dorado,50 Foot Wave
9996,Ginger Park,50 Foot Wave
9997,Diving,50 Foot Wave
9998,Golden Ocean,50 Foot Wave
9999,"Hot Pink, Distorted",50 Foot Wave
10000,Vena Cava,50 Foot Wave
10001,Pretty Ugly,50 Foot Wave
10002,Animal,50 Foot Wave
10003,The Fuchsia Wall,50 Foot Wave
10004,Dreadful Heart (Live),Thee Oh Sees
10005,Iceberg (Live),Thee Oh Sees
10006,Island Raiders (Live),Thee Oh Sees
10007,If I Had a Reason (Live),Thee Oh Sees
10008,I Agree (Live),Thee Oh Sees
10026,"Sonata No. 1 in F Minor, Op. 2 No. 1 - I. Allegro",Daniel Veesey
10027,"Sonata No. 1 in F Minor, Op. 2 No. 1 - II. Adagio",Daniel Veesey
10028,"Sonata No. 1 in F Minor, Op. 2 No. 1 - III. Menuetto Allegretto",Daniel Veesey
10029,"Sonata No. 1 in F Minor, Op. 2 No. 1 - IV. Prestissimo",Daniel Veesey
10030,"Sonata No. 32 in C Minor, Op. 111 - I. Maestoso - Allegro con brio ed appassionato",Daniel Veesey
10032,Promenade Allegro giusto nel modo russico senza allegrezza ma,Skidmore College Orchestra
10033,I. Gnomus Vivo,Skidmore College Orchestra
10035,II. Il vecchio castello Andante,Skidmore College Orchestra
10037,III. Tuileries Allegretto non troppo capriccioso,Skidmore College Orchestra
10038,IV. Bydlo Sempre moderato pesante,Skidmore College Orchestra
10040,V. Ballet des poussins dans leurs coques Scherzino. Vivo leggiero,Skidmore College Orchestra
10041,VI. Samuel Goldenberg and Schmuyle Andante,Skidmore College Orchestra
10042,VII. Limoges. Le March? Allegretto vivo sempre scherzando,Skidmore College Orchestra
10043,VIII. Catacombae. Sepulcrum romanum Largo,Skidmore College Orchestra
10044,Cum mortuis in lingua mortua Andante non troppo con lamento,Skidmore College Orchestra
10045,IX. La Cabane sur des pattes de poule Allegro con brio feroce An,Skidmore College Orchestra
10046,X. La grande porte de Kiev Allegro alla breve. Maestoso. Con gran,Skidmore College Orchestra
10056,Uncontrollable Mumbles,Aviv Mark
10062,Full Anesthetization,Aviv Mark
10086,Ma rag time baby (144 rpm),Peerless Orchestra
10089,Una noche de garufa,New York Military Band
10094,Alone in the deep,Knickerbocker Quartet
10099,On the shores of Italy,Albert Campbell and Henry Burr
10104,Sister Susie's sewing shirts for soldiers,Billy Murray
10107,fucking mondays,shaduz
10108,"you're right, it's ballin'",Meanest Man Contest
10111,loosing my paganism,Apes on Tapes
10112,taka,Costa
10118,mindy,riga
10119,asynchrony of life,plastik joy
10120,ravenna bloody ghost town,simone pelliconi
10124,sistema dinamico,retina.it
10125,sax for your sex,minidischi
10127,sunny,mass prod
10128,monday social insufficient,alexander stone
10129,unsteady,hirnlego
10130,it's a cold summer night,john smorto
10132,urban game,santhiago
10147,Destroyed Fortress,Thee Oh Sees
10148,Block of Ice,Thee Oh Sees
10149,Visit Colonel,Thee Oh Sees
10150,Meat Step Lively,Thee Oh Sees
10151,Enemy Destruct,Thee Oh Sees
10153,Ruby Go Home,Thee Oh Sees
10155,Grease,Thee Oh Sees
10157,Poison Finger,Thee Oh Sees
10160,It Killed Mom,Thee Oh Sees
10165,Ghost In The Trees,Thee Oh Sees
10180,Grease 2,Thee Oh Sees
10184,All My Joke Suicide,Neowax
10186,Love To C You Dance (Premixed),Dubyouth Soundsystem
10187,dancethedresdendancefloor,Hengky Strawberry
10189,Burn,Coffin Cadilac
10190,Takluk,Zoo
10191,Come On Barbie (Remix By Sickboy),Toecutter
10192,Fucking Exotic Bitches,The Professional Savage
10213,Yesterdays Guitar Heroes,Panicphobia
10214,About Stones and Gravity,Panicphobia
10230,Function Boys,Lucky Dragons
10231,Feminist Short,Rock Paper Scissors
10234,Headache,Mr. California
10239,Heartbeat(s),Sascha Wiseman
10240,Heartbeat(s),Sascha Wiseman
10243,Yamaha Follies,Rock Paper Scissors
10246,Mayan Church,Field Recorder
10247,Yumi Yumi,Rob Ot
10250,Tree Symphony,JayDee
10277,Many Hollys,Lucky Dragons
10279,Strange Things Happening,Marc Israel
10286,"March 6 parade and Mayday Riot, Providence, 1993",Free Matter for the Blind
10287,"Crash Worship @ D Street Squat, NYC",Crash Worship
10288,New Years Sobriety PowWow at the Bernalillo High School,Free Matter for the Blind
10357,At the mermaids' fancy ball,Billy Murray
10358,The butterfly,Eugene C. Rose and George Rubel
10360,Rainbow,Ada Jones and Billy Murray
10363,She's dancing her heart away,Manuel Romain
10364,The whistling coquette,Ada Jones and Billy Murray
10366,Sans souci: Maxixe Bresilienne,National Promenade Band
10367,This is the life,Billy Murray
10368,Happy tho' married,Fred Duprez
10374,Into the Fog,Sodadosa
10375,Torturing Mantra,Sodadosa
10376,Low Nightmare,Sodadosa
10377,Abandoned,Sodadosa
10381,Baron in the Trees,Big Blood
10382,New Dish Rag,Big Blood
10383,Graceless Lady,Big Blood
10384,Blood Mumble,Big Blood
10385,Curee,Big Blood
10386,The Birds &amp; The Herds,Big Blood
10387,Tease it Like a Cop,Big Blood
10388,Night Lighter,Big Blood
10389,Terrapin (oh! syd),Big Blood
10426,Curse Of The Smallcock,dj smallcock
10427,Shit On Me,Toecutter
10434,Fat Fuckin Weird Ugly Cunt,Damien Gooley
10435,Paku Paku,Funky Terrorist
10437,Me Samsum,The Spazmodics
10438,Little Lepers,Big Blood
10439,In The Light Of The Moon,Big Blood
10440,No Gravity Blues,Big Blood
10441,In The Shade,Big Blood
10442,Something Brighter Than The News,Big Blood
10443,Beast (1 Beast),Big Blood
10444,Restless Purity,Big Blood
10445,Saints &amp; Lepers,Big Blood
10447,Low Gravity Blues,Big Blood
10449,Tributaries,Uke of Spaces Corners
10451,House a Home Part Tunnel,Uke of Spaces Corners
10456,Field to Stock to Stove,Uke of Spaces Corners
10458,Highway,Uke of Spaces Corners
10459,Leading Creek Moon Croon,Uke of Spaces Corners
10460,A Streams Area or: Watershed,Uke of Spaces Corners
10480,Adversaries &amp; Enemies,Big Blood
10481,Spit Shine,Big Blood
10482,Don't Trust The Ruin II,Big Blood
10483,Moonin' Away,Big Blood
10484,Wrinkles &amp; Ribbons,Big Blood
10485,Song For Baltimore,Big Blood
10521,boys boys boys,Sabrina
10525,tin lids tragedy results in nothing,Justice yeldham and the dynamic ribbon device
10527,r u serious,Funky Terrorist
10529,audio pubic,Merzbow
10531,we're gonna get you after school,New Waver
10535,azaria vs the spaceman,Scratch My Nose
10537,casio cocktail club,Deano Merino
10541,.,Sports bra
10552,hanging low my cursed head,Faxed Head
10554,groping for prozac,Ostomy
10556,sound of being born,St Crustacean
10558,13+ sabrina,Bass Herd
10567,Art set free,Nicky Cook
10568,Man in suit,Nicky Cook
10575,Premonitions: The Fantasy,Bobb Trimble
10577,One Mile From Heaven (short version),Bobb Trimble
10621,Booshan Boo,Oorutaichi
10623,Misen Gymnastics,Oorutaichi
10627,Future,Oorutaichi
10630,Baby Don't Call Me,Toecutter
10631,"You, Me, Carpark, NOW",Toecutter
10666,Hangloose,AWOL
10668,"999,999",Nine Inch Nails
10669,"1,000,000",Nine Inch Nails
10670,Letting You,Nine Inch Nails
10671,Discipline,Nine Inch Nails
10672,Echoplex,Nine Inch Nails
10673,Head Down,Nine Inch Nails
10674,Lights in the Sky,Nine Inch Nails
10675,Corona Radiata,Nine Inch Nails
10676,The Four of Us are Dying,Nine Inch Nails
10677,Demon Seed,Nine Inch Nails
10678,Glory Daze,Big Blood
10679,The Rise Of Quinnisa Rose,Big Blood
10680,A Troublesome Lot I,Big Blood
10681,Shrining Light,Big Blood
10682,She Said Nothing,Big Blood
10683,A Hole In One,Big Blood
10684,Don't Trust The Ruin,Big Blood
10685,A Troublesome Lot II,Big Blood
10686,Sequins,Big Blood
10689,As It Happens pts 1-2,junior85
10690,As It Happens pt 3,junior85
10692,As It Happens pt 5,junior85
10693,6.6.05,BOPD
10694,aint no thing,BOPD
10695,2.17.05,BOPD
10696,2.18.05 dai,BOPD
10697,1.26 beat1,BOPD
10698,2.12.05 elevator,BOPD
10699,2.2.05,BOPD
10728,dub layers,m16
10737,Emo Hope,From Bacteria To Boys
10739,Rose,From Bacteria To Boys
10740,Reese Witherspoon,From Bacteria To Boys
10741,Bole-Bole,From Bacteria To Boys
10742,Inbetweenwhile,From Bacteria To Boys
10805,Super Nude,Lesbian Afternoon
10806,Glowing Pavements,Lesbian Afternoon
10807,Three Owls Teahaus,Lesbian Afternoon
10808,Wind Up The Hypnotist,Lesbian Afternoon
10809,Pass That Joint,Lesbian Afternoon
10810,Under The Sunset,Lesbian Afternoon
10815,CYCLE,AWOL
10824,Roller Coaster,Golden Triangle
10826,Prize Fighter,Golden Triangle
10830,#1 Hit,Golden Triangle
10833,Hitchhike,Red Dawn II
10834,Babyface,Red Dawn II
10843,Am I A Dead Fuck?,Red Dawn II
10868,Cat In The Brain,Red Dawn II
10879,Oh Keiko,The Priscillas
10880,Timing,The Priscillas
10881,All the Way To Holloway,The Priscillas
10883,Don't Follow Me,The Priscillas
10884,Y.O.Y.,The Priscillas
10885,Fly In My Drink,The Priscillas
10929,Not Tough Enough,Farmer's Boulevard
10930,Between The Lines,Farmer's Boulevard
10932,Smile,Farmer's Boulevard
10933,Phoenix,Farmer's Boulevard
10934,Just One Thing,Farmer's Boulevard
10935,Side By Side,Farmer's Boulevard
10936,Livin' In TV,Farmer's Boulevard
10937,Bullets And Stones,Farmer's Boulevard
10938,Pray The Money,Farmer's Boulevard
10942,Hush,Just Plain Ant
10943,Anti-Love (feat. Sleaze),Just Plain Ant
10945,Still Dreamin' (feat. Jay Slim),Just Plain Ant
10947,If You're Not True To Me...,Just Plain Ant
10948,Can't Say Goodbye (feat. Elijah),Just Plain Ant
10951,Love Letters (feat. Caitlin Meissner and Yarrow Lutz),Just Plain Ant
10952,That Goodbye,Just Plain Ant
10954,End of the Day (feat. Jay Slim),Just Plain Ant
10970,I Have Found a Way,Jacob Henry &amp; Bill Jolliff
10971,Tennessee Mine,Sam Hill
10978,wahhhhhhhhhhhh,B.A.A.D.D.D
10979,barbarian,B.A.A.D.D.D
10980,desktop f**ker,B.A.A.D.D.D
10983,Track 02,Justice Yeldham
10992,The Grove Is Hotter Than An Ocean's Oven,Big Blood
10993,Oh Country (Skin &amp; Bones),Big Blood
11019,Mirror Friends,Lucky Dragons
11020,Morning Ritual,Lucky Dragons
11030,Key Avenue,Farmer's Boulevard
11031,New Freedom,Farmer's Boulevard
11032,Path of Blood,Farmer's Boulevard
11033,Truth,Farmer's Boulevard
11035,Mankind Suicide,Farmer's Boulevard
11036,Don't Believe,Farmer's Boulevard
11037,World's A Prison,Farmer's Boulevard
11039,The Human Robots,Farmer's Boulevard
11040,Hardcore Is Fuckin' Dead,Farmer's Boulevard
11059,Vitamin C,Big Blood
11080,Evacuate,Tragedy
11081,No End In Sight,Tragedy
11198,Together We Will Wait,Black Band Coal Company
11199,Love Is An Eternal Lie,The Sleeping Tree
11200,Berlin Lights (Finistere),March Rosetta
11201,Your Own Purple,Black Era
11204,Steppin' In,Audible Intelligence
11205,Dentro de mi Cuerpo,60 Tigres
11206,Elles,Music Komite
11207,There's A Hole At The End Of Tunnel,The Black Hakawati
11209,Cornbread Sally,Sawtooth Mountain Boys
11234,290504 beirut,Justice Yeldham
11237,270104 berlin,Justice Yeldham
11239,hamar 261005,Justice Yeldham
11242,280405 seoul,Justice Yeldham
11246,(Part 1),Prizehog
11257,Signs,Mira Cook
11259,Glass of Water,Mira Cook
11261,India,Mira Cook
11262,Wataridori 2,Cornelius
11264,My Fair Lady,David Byrne
11266,Oslodum 2004,DJ Dolores
11268,Fake French,Le Tigre
11285,"Two-Headed Coin (Live at WFMU, 2009)",Obits
11293,"Fake Kinkade (Live at WFMU, 2009)",Obits
11298,Now Get Busy,Beastie Boys
11299,No Meaning No (feat. Fine Arts Militia),Chuck D
11301,"Milk Cow Blues (Live at WFMU, 2009)",Obits
11304,Tomorrow,Abunai!
11305,Barbara Allen,Abunai!
11306,Inspiration,Abunai!
11319,soprano saxphone,Li Zenghui
11320,baritone saxphone,Li Zenghui
11321,soprano saxphone,Li Zenghui
11333,Instrumental,Gen Ken Montgomery
11334,Instrumental,Gen Ken Montgomery
11375,"Bach - Book I: Prelude and Fugue No. 8 in E Flat Minor, BWV 853, Prelude",Carlos Gardels
11389,Sonata No. 11 in B Flat Major  Op. 22 - IV. Rondo Allegretto,Daniel Veesey
11390,Sonata No. 11 in B Flat Major  Op. 22 - I. Allegro con brio,Daniel Veesey
11394,Sonata No. 11 in B Flat Major  Op. 22 - III. Minuetto,Daniel Veesey
11396,"Sonata No. 05 in C Minor, Op. 10 No. 1 - I. Allegro molto e con brio",Daniel Veesey
11397,"Sonata No. 05 in C Minor, Op. 10 No. 1 - II. Adagio molto",Daniel Veesey
11398,"Sonata No. 05 in C Minor, Op. 10 No. 1 - III. Finale Prestissimo",Daniel Veesey
11405,"Sonata No. 06 in F Major, Op. 10 No. 2 - III. Presto",Daniel Veesey
11406,"Sonata No. 06 in F Major, Op. 10 No. 2 - I. Allegro",Daniel Veesey
11407,"Sonata No. 06 in F Major, Op. 10 No. 2 - II. Allegretto",Daniel Veesey
11410,Bright Flying Lightbulb,Kate Ferencz
11412,The Real Batman,Kate Ferencz
11417,Chicken Hearts,Kate Ferencz
11418,"Sonata No. 07 in D Major, Op. 10 No. 3 - III. Menuetto Allegro",Daniel Veesey
11419,"Sonata No. 07 in D Major, Op. 10 No. 3 - IV. Rondo Allegro",Daniel Veesey
11420,"Sonata No. 07 in D Major, Op. 10 No. 3 - I. Presto",Daniel Veesey
11423,"Sonata No. 07 in D Major, Op. 10 No. 3 - II. Largo e mesto",Daniel Veesey
11425,"Sonata 8, 'Pathetique' - III. Rondo Allegro",Daniel Veesey
11426,"Sonata 8, 'Pathetique' - I. Grave - Allegro di molto e con brio",Daniel Veesey
11427,"Sonata 8, 'Pathetique' - II. Adagio cantabile",Daniel Veesey
11428,"Sonata No. 13 in E Flat Major, Op. 27 No. 1 - IV. Allegro vivace - Tempo I - Presto",Daniel Veesey
11429,"Sonata No. 13 in E Flat Major, Op. 27 No. 1 - I. Andante - Allegro - Tempo I",Daniel Veesey
11430,"Sonata No. 13 in E Flat Major, Op. 27 No. 1 - II. Allegro molto e vivace",Daniel Veesey
11431,"Sonata No. 13 in E Flat Major, Op. 27 No. 1 - III. Adagio con espressione",Daniel Veesey
11432,"Sonata No. 19 in G Minor, Op. 49 No. 1 - II. Rondo  Allegro",Daniel Veesey
11433,"Sonata No. 19 in G Minor, Op. 49 No. 1 - I. Andante",Daniel Veesey
11437,Toast,Abunai!
11446,Life Boat,The Torrent
11447,"New Western Anthem (live at Cake Shop, 2008)",Obits
11454,"Two-Headed Coin (live at Cake Shop, 2008)",Obits
11457,Leopold Bloom,The Torrent
11458,Bitchslap/My Happy Life,Angels in America
11459,Free Galaxy,Angels in America
11503,All Operations,Big Blood
11504,A Friendly Noose,Big Blood
11505,A Quiet Lousy Roar,Big Blood
11506,Full Of Smoke,Big Blood
11507,Past Time,Big Blood
11508,Under The Concourse,Big Blood
11509,Slumber Me,Big Blood
11541,Your Wings (Spreadem) (Live),Angels in America
11544,Radiation,The Lost Demension
11608,Big Time Stuff,OCDJ
11609,"Fresh Socks, New Socks",OCDJ
11612,Tribal Song,Bolmongani
11626,Small,Memes
11627,Ballad Of John Simon,Hot Guts
11628,Totem Pole,Reading Rainbow
11629,Daisy Cutter,U.S. Girls
11631,Total War (By NON),Satanized
11632,Bf 4,Birds Of Maya
11633,Ice Age,Barking Spiders
11634,Aluminum Scabs,Fun Dogs
11635,Strangler,Women
11636,Stab Your Way To Freedom,King Kong Ding Dong
11638,Romantic Neck Tattoo,Embarker
11639,Snake Cave,Serpents Of Wisdom
11640,Run Away,Akasha Blade
11641,Super Space Traveler,Mincemeat or Tenspeed
11643,The Butcher,Rawar
11644,ABC Sunday,Drums Like Machine Guns
11647,Snuff News,Tournament
11663,Fly Fly Fly Fly Fly Live at No.Fest 2008,Fly Fly Fly Fly Fly
11671,Abre La Ventana,Cordero
11672,(intro),Cordero
11673,El Arco Iris,Cordero
11674,(chat w/ Rob Weisberg),Cordero
11675,La Sombra,Cordero
11677,Quique,Cordero
11679,Ruleta Rusa,Cordero
11681,Heart In Me,Cordero
11682,(chat w/ Rob Weisberg),Cordero
11683,Matadora,Cordero
11695,"Sonata No. 20 in G Major, Op. 49 No. 2 - II. Tempo di menuetto",Daniel Veesey
11696,"Sonata No. 20 in G Major, Op. 49 No. 2 - I. Allegro ma non troppo",Daniel Veesey
11711,We Go Wandering,Knyfe Hyts
11712,Luv U More,Knyfe Hyts
11713,Spirits,Knyfe Hyts
11715,"Sonata No. 22 in F Major, Op. 54 - II. Allegretto",Daniel Veesey
11716,"Sonata No. 22 in F Major, Op. 54 - I. In tempo dun Menuetto",Daniel Veesey
11719,"Beethoven - Piano Sonata nr.15 in D major op.28 ""Pastoral"" - I. Allegro",Karine Gilanyan
11720,"Beethoven - Piano Sonata nr.15 in D major op.28 ""Pastoral"" - II. Andante",Karine Gilanyan
11721,"Beethoven - Piano Sonata nr.15 in D major op.28 ""Pastoral"" - III. Scherzo. Allegro Vivace",Karine Gilanyan
11722,"Beethoven - Piano Sonata nr.15 in D major op.28 ""Pastoral"" - IV. Rondo. Allegro ma non troppo",Karine Gilanyan
11723,Shadows in Daylight,Silk Flowers
11724,Flash of Light,Silk Flowers
11733,"Sonata 'Waldstein', Op. 53 - II. Introduzione-Adagio molto",Michael Hawley
11734,"Sonata 'Waldstein', Op. 53 - III. Rondo-Allegretto moderato",Michael Hawley
11737,Grieg's Anitra's Dance,Free Tim
11738,Schubert's Ave Maria,Free Tim
11748,Sousa's Thunderer March,Free Tim
11750,Vivaldo's Spring from the Four Seasons-Allegro,Free Tim
11752,"Sonata in G Minor, ""Didone Abbandonata"" op.50 no.3 - II. Adagio dolente",Nathan Eckel
11753,"Sonata in G Minor, ""Didone Abbandonata"" op.50 no.3 - III. Allegro agitato, e con disperazione",Nathan Eckel
11757,"Schubert's Sonata in B Flat, D. 960 - II. Andante sostenuto",David H. Porter
11758,"Schubert's Sonata in B Flat, D. 960 - III. Scherzo (Allegro vivace con delicatezza)",David H. Porter
11763,"Press Play Instrumental     {6th Sense, A Pinks, Emilio Rojas, Skyzoo}",6th Sense
11764,28 Chasing 1988 Instrumental     {Adele &amp; 6th Sense}.mp3,6th Sense
11765,Just Fine Instrumental     {Wildabeast},6th Sense
11766,Beyon My Instrumental     {6th Sense},6th Sense
11767,Let's Do It Instrumental     {6th Sense},6th Sense
11768,The Itis Instrumental     {Black ELement},6th Sense
11769,Fallen Shadows Instrumental     {Viva La Hova},6th Sense
11770,Future Music Instrumental     {6th Sense},6th Sense
11771,D'Evils 2008 Instrumental     {Talib Kweli},6th Sense
11772,Ignite The People (Like Obama) Instrumental     {6th Sense},6th Sense
11773,05 Too Complex Instrumental     {6th Sense & The Kid Daytona}.mp3,6th Sense
11774,"Hippie Robot Instrumental     {6th Sense, Wildabeast, Jelani, Scheme}",6th Sense
11775,We Don't Stop Instrumental     {6th Sense},6th Sense
11776,"The Proposal Instrumental     {Jelani, 6th Sense, Wildabeast}",6th Sense
11777,Never Change For The Fame Instrumental     {Wildabeast},6th Sense
11778,...Both Nice Instrumental     {Both Nice},6th Sense
11779,Entourage (Oh Yeah!) Instrumental     {6th Sense},6th Sense
11780,What Kinda Instrumental     {Both Nice},6th Sense
11781,Love Lockdown Instrumental     {6th Sense},6th Sense
11782,Acapella,6th Sense
11783,Hey Young World Instrumental     {6th Sense},6th Sense
11784,Do What It Do Instrumental     {6th Sense},6th Sense
11785,AM Set Instrumental     {Both Nice},6th Sense
11786,4AM Instrumental     {Wildabeast},6th Sense
11787,Release Instrumental     {Wildabeast},6th Sense
11788,"2-0-0-9 Instrumental     {The Kid Daytona, 6th Sense, Outasight, Harlem's Cash}",6th Sense
11789,Ate Ten Instrumental     {Both Nice},6th Sense
11790,Just Got Chopped (Crack) Instrumental     {Old Money},6th Sense
11791,"The Cuchifritos Groove Instrumental     {Wildabeast, 6th Sense, Jelani}",6th Sense
11792,I Won't Let You Fall Instrumental     {6th Sense},6th Sense
11793,What You Talkin Bout Instrumental     {Mekka Don},6th Sense
11794,Give A What Instrumental     {6th Sense},6th Sense
11795,Stakes Is High Instrumental     {U-N-I},6th Sense
11796,Beyon My,It's Notherground Music!!
11797,Too Complex,6th Sense
11799,"2-0-0-9 feat. The Kid Daytona, 6th Sense, & Harlem's Cash {prod. 6th Sense}",It's Notherground Music!!
11803,D'Evils 2008,Talib Kweli
11808,...Both Nice,It's Notherground Music!!
11812,Entourage (Oh Yeah),It's Notherground Music!!
11813,Hey Young World,It's Notherground Music!!
11815,What You Talkin Bout,It's Notherground Music!!
11816,Hippie Robot,It's Notherground Music!!
11818,Future Music,It's Notherground Music!!
11819,Just Fine,It's Notherground Music!!
11824,Let's Do It,It's Notherground Music!!
11826,Chasing 1988,It's Notherground Music!!
11828,We Don't Stop,It's Notherground Music!!
11829,Anybody Home? (prod. Frequency),6th Sense &amp; Mick Boogie
11830,We Don't Stop (prod. 6th Sense),6th Sense &amp; Mick Boogie
11831,C'mon Move (prod. 6th Sense),6th Sense &amp; Mick Boogie
11832,11 Jelani - The Proposal feat. 6th Sense &amp; Wildabeast (prod. 6th Sense).mp3,6th Sense &amp; Mick Boogie
11834,12 Tomb Much feat. Wildabeast &amp; Jelani (prod. 6th Sense).mp3,6th Sense &amp; Mick Boogie
11836,Give A What (prod. 6th Sense),6th Sense &amp; Mick Boogie
11837,My All (prod. 6th Sense),6th Sense &amp; Mick Boogie
11838,*BONUS* Go For It {Outro} (prod. 6th Sense),6th Sense &amp; Mick Boogie
11839,Belief feat. John Mayer,6th Sense &amp; Mick Boogie
11840,Emergency Exit feat. Beck,6th Sense &amp; Mick Boogie
11854,Got It Covered {Go For It} (prod. Frequency),6th Sense &amp; Mick Boogie
11855,It's Time feat. Mike Maven (prod. Frequency),6th Sense &amp; Mick Boogie
11856,Wildabeast - I Gotcha (prod. 6th Sense),6th Sense &amp; Mick Boogie
11857,"13 Hippie Robot feat. Wildabeast, Jelani, &amp; Scheme (prod. 6th Sense).mp3",6th Sense &amp; Mick Boogie
11858,Life (prod. Frequency) / No Time To Live,6th Sense &amp; Mick Boogie
11859,04 It's New York (prod. Frequency &amp; Scram Jones).mp3,6th Sense &amp; Mick Boogie
11861,Nike Boots Freestyle,6th Sense &amp; Mick Boogie
11862,05 A-Trak &amp; Lupe Fiasco feat. 6th Sense - Me &amp; My Sneakers.mp3,6th Sense &amp; Mick Boogie
11863,Ignite The People (Like Obama) {prod. 6th Sense},6th Sense &amp; Mick Boogie
11864,Intro,6th Sense &amp; Mick Boogie
11865,08 Let's Do It (prod. 6th Sense &amp; Frequency).mp3,6th Sense &amp; Mick Boogie
11866,Fly Union feat. 6th Sense - Bonike Applebaum Remix,6th Sense &amp; Mick Boogie
11867,Team USA (prod. Just Blaze),6th Sense &amp; Mick Boogie
11868,Classic Freestyle,6th Sense &amp; Mick Boogie
11869,December 30th (King James) {prod. 6th Sense},6th Sense &amp; Mick Boogie
11875,Machine Gun feat. 6th Sense,Wildahead Portibeast
11879,All For Nothing,Wildahead Portibeast
11880,4AM,Wildabeast
11881,Bite The Curb,Wildabeast
11882,iBeast Playlist (Madlib),Wildabeast
11883,Something New,Wildabeast
11884,Big Old Will Pt 2,Wildabeast
11885,07 The Cuchifritos Groove feat. 6th Sense &amp; Jelani.mp3,Wildabeast
11886,Big Old Will,Wildabeast
11888,Many Levels,Wildabeast
11889,Let's Make Films,Wildabeast
11890,Ghetto (OD Poppiyondo Freestyle Butter),Wildabeast
11891,Eraser feat. No Age,Wildabeast
11892,Yo,Wildabeast
11893,True Fighter,Wildabeast
11894,Good Money,Wildabeast
11895,Hood Hippie 2,Wildabeast
11896,Death By Design,Wildabeast
11897,Panickyao Purp,Wildabeast
11898,What Ya Want,Wildabeast
11899,Smoke With A Hippie,Wildabeast
11914,Empire Sun,Jasmine Love Bomb
11916,comedi humaine,WatFatMan
11917,court metrage,WatFatMan
11918,deprecie,WatFatMan
11919,galerie de portraits,WatFatMan
11920,Ofura,WatFatMan
11921,l'air du temps live,WatFatMan
11922,galerie de portraits remix,WatFatMan
11933,Tell Me What I Want,Isolated Atoms
11934,Do It Right,Amalfi
11936,Voir,AS-Potiront
11937,Wir können auch anders,DavidBowman
11938,Simple Thing,The Dots
11940,Scaccia la strega,Roberto Billi
11941,White Flag,Tab
11942,Rage Against Death,Stouffi The Stouves
11945,Anchors Aweigh,B.R.A.M.
11946,The Star Spangled Banner,vosotros
11947,Yankee Doodle,Dream Kids
11948,My Country 'Tis of Thee Pt. 1,Learning Music
11949,My Country 'Tis of Thee Pt. 2,Learning Music
11951,Taps - America The Beautiful (Medley),Obi Best
11954,Short Tempered,Learning Music
11957,Scared of My Own Blood A Cappella,Sunbyrn
11976,Toasting,The Years
11986,"Courage, fuyons",Niwouinwouin
11987,39-45,Niwouinwouin
11988,Bute bute,Niwouinwouin
11989,Grippe,Niwouinwouin
11992,My heart belongs to daddy,Niwouinwouin
12045,The WInds House,Big Blood
12046,Well Water,Big Blood
12047,Comin' Home Pt. I,Big Blood
12048,She Sells Sanctuary,Big Blood
12049,"On a Sunday, Years After",Big Blood
12050,Echohead,Big Blood
12051,Comin' Home Pt. II,Big Blood
12052,Breath in a Seed,Big Blood
12053,Land Upon Mud II,Big Blood
12058,Land Upon Mud I,Big Blood
12059,Brotha-o-Brotha-o-,Big Blood
12060,Heart of Glass,Big Blood
12061,Do Insects Sleep?,Big Blood
12062,Sleepin' Time,Big Blood
12063,Talking Head Pt. I,Big Blood
12064,Beatle Bones 'N' Smokin' Stones,Big Blood
12065,So Old Again,Big Blood
12066,Apes &amp; History (Swimmin in Paper),Big Blood
12067,For Four Beating Lungs,Big Blood
12068,Polly + The Sheep,Big Blood
12074,Cruug flar gorl,Vernon Lenoir
12081,Misirloucious,Vernon Lenoir
12083,Rabbit chase,Vernon Lenoir
12084,Crane stance in the stench of gore,Vernon Lenoir
12090,Brazilicon alley,Vernon Lenoir
12095,Styx rafting,Vernon Lenoir
12109,The Mysticism of my Fucking Sound,Preggy Peggy &amp; The Lazy Babymakers
12112,indie cool pretty of today are plastic surgery disasters of tomorrow,junior85
12113,677777,junior85
12114,i am leaving home,junior85
12115,everything is a start but also an ending,junior85
12130,Melting Your Brains (featuring the DRUM BUDDY),Bermuda Triangles
12146,Kokoro (I Fall To Pieces),The Slants
12147,Capture Me Burning,The Slants
12171,Brick Tones (Featuring L'Omelette),Degiheugi
12173,Mit der Schaufel aufs Ei,Coehn und Foehrb
12174,Ode To Charles,Professor Kliq
12175,The River,Confusion Is Next
12179,U Fine,Garmisch
12182,Love N Fears,Dallas Kincaid
12183,In The Air (Featuring Brad Oblivion),Just Plain Ant
12185,Get Mines,CM aka Creative
12188,Gimme,Christine
12189,Ultraviolence,Mr. Moods
12193,The Airport Dots,Cezary Ostrowski
12194,Revolution (Featuring Precise),Just Plain Ant
12195,Sooner or Later (Featuring Christina Courtin),Amanyth
12196,Armada,The Kirbi
12199,Herons Are Mellow,Daniel Maze
12308,Your Calendar,Angels in America
12338,Seduction Douce,Brigitte Bijoux
12339,Wise Man's Dub,Dub One!
12346,The Lion King,Grey Gersten &amp; G. Lucas Crane
12348,Fools With Tools,Koonda Holaa
12349,Knickers to the Right,Koonda Holaa
12350,It's Not Like You (Always),Koonda Holaa
12351,Gadget,Koonda Holaa
12352,Try To Find Me,Koonda Holaa
12353,10 Acres of the Finest Sand,Koonda Holaa
12354,Where the Fuck Is the Rainbow,"Koonda Holaa w/ Otto Von Shirack, DJ Urine and Man-Eater Orchestra"
12355,God Forsaken Town,Koonda Holaa
12356,Way Out Lover,Chrome Cranks
12365,50's French Movie,Chrome Cranks
12367,Introduction: Game of Notes,Learning Music
12369,Hot July,Monk Turner
12372,Rescue My Old Cassette In Japon Occidental,Boris Balkan
12374,Empingue,Gepel
12375,Like The Very First Kiss,Elias Damian
12376,"Good Morning, Bubblegum",The Harvey Girls
12378,The Answer Lies,Screenatorium
12381,When She Looked At Me (I Saw Her Wondering),niwa
12387,Spherical Hearts (Trondheim Remix),Norton
12388,Erlost Von Dieser Hoffnung,Trondheim
12390,Varal,Pipo Pegoraro
12392,The Grass Is Greener,Weigl &amp; Hoffmann
12394,Is It Too Late For Us All?,MUTE
12396,Blackstock Mews,Downliners Sekt
12398,You and Universe,Takka Takka
12399,Everybody Say,Takka Takka
12402,Monkey Forest Road,Takka Takka
12406,Love Song,Virus
12407,Dogs Eye View,Virus
12408,Dark Ages,Virus
12409,Rhetoric,Virus
12410,Societys Orphan,Virus
12412,Opium of the People,Virus
12413,Peace of Mind,Virus
12419,Nightmare,Night Gallery
12420,Night Gallery,Night Gallery
12421,Death Spell,Night Gallery
12422,Inside Out,Night Gallery
12423,Sara,Night Gallery
12424,Sad Song Day,Night Gallery
12425,Torture You First,Night Gallery
12447,Pterodactyl Meltdown,Wizzard Sleeve
12448,Alabama's Doomed,Wizzard Sleeve
12449,Mommy's Little Baby,Wizzard Sleeve
12451,High Bugs,Wizzard Sleeve
12481,Haystack (A.P.),Big Blood
12482,She Said Nothing II,Big Blood
12483,Rodin Deadpan,Big Blood
12484,Frost Farm,Big Blood
12485,Got Wings?,Big Blood
12486,I'm So Glad,Big Blood
12487,So Po Swing,Big Blood
12488,Moon Perfume,Big Blood
12489,'Preese 'Preese,Big Blood
12490,I've Been A Baby All My Life (I Hope You Don't Expect A Man),Big Blood
12508,Satie (First Gnossienne),Big Blood
12509,Suffer Creation,Big Blood
12510,Sovereignty You Bitch,Big Blood
12511,Handsome Son Of No One,Big Blood
12513,My Last Days As A Fish,Big Blood
12514,Indang Pariman,Big Blood
12515,The Fall Of Quinnisa Rose,Big Blood
12516,A Goddamn Spell,Big Blood
12517,Very Deep Pleasure (With John Cage),Mikrosopht
12518,When you walk,Pipo Pegoraro
12520,The Void Triumph,Normaa
12521,Never Get Out,Brad Sucks
12523,True,CM aka Creative
12526,Time (Reprise) (Closing Credits),Virtu-oso
12527,Solid Ground,Poxfil
12530,Stalker,You Are My Everything
12531,Que Le Hip-Hop Renaisse,Empathik
12532,Sweet Man Like Me,Nils Hoffmann
12533,H.E.C.T.O.R.,Jamie Dull
12534,Papayobahay,April
12535,Cairn,William  Fields
12537,Maree Lunaire,Smoking After
12538,Cadillac Moon,Goo Goo Cluster
12539,Luna de Invierno,PeerGynt Lobogris
12551,I Don't Want To Live On The Moon,Georgia
12552,They're On The Moon Right Now,FortyOne
12554,Caught by the Hard Moonlight,MC Jack in the Box
12555,Full the Moon,Hans Appelqvist
12556,Shadows In The Moonlight,Josh Woodward
12566,Crawling Eye,Deano Waco
12567,Reality-Blues,Deano Waco
12568,State Line Bar,Deano Waco
12569,Stuck In The Mud,Deano Waco
12570,More Than Fair,Deano Waco
12571,Workin For The Devil,Deano Waco
12572,Bottle of Wine,Deano Waco
12573,Tell Me When,Deano Waco
12574,Comeback Kid,Deano Waco
12575,Vacant Lot,Deano Waco
12576,Safe Passage,Deano Waco
12577,Box Store,Deano Waco
12578,Maid Of the Mist,Deano Waco
12579,Taken,Deano Waco
12588,Ela Chegou,minusbaby
12589,Comendo Pão e Fazendo Mal,minusbaby
12590,El Camino de Tu Casa a la Mía,minusbaby
12591,São Roque (Bella/Boa),minusbaby
12592,"Minha Caipirinha É Ótima (Very, Very)",minusbaby
12594,(part 8),Absu
12595,(intro),Absu
12596,(part 2),Absu
12597,(part 3),Absu
12598,(part 4),Absu
12599,(part 5),Absu
12600,(part 6),Absu
12601,(part 7),Absu
12602,Doug Haning Live at No.Fest 2008,Doug Haning Quartet
12608,(part 1),Slough Feg
12609,(part 2),Slough Feg
12610,(part 3),Slough Feg
12611,Hiberno Latin Invasion,Slough Feg
12614,Shakedown At The Six,Slough Feg
12654,People Should Get More Aware,Bird Names
12672,Hungaria,Latché Swing
12673,Songe D'Automne,Latché Swing
12674,Sweet Georgia Brown,Latché Swing
12675,Menilmontant,Latché Swing
12676,Rythme Gitan,Latché Swing
12677,Swing 39,Latché Swing
12690,L'Anchoïade,Bo Marley + Disrupt + Volfoniq
12691,La Tapenade,Bo Marley + Disrupt + Volfoniq
12692,La Brandade,Bo Marley + Disrupt + Volfoniq
12737,Om Mane Padme Hum,Prince Rama
12744,Aeolian Divide,Prince Rama
12833,i,Lowe Opta
12835,iv,Lowe Opta
12836,iii,Lowe Opta
12922,Elegy upon the death of Thomas Farmer (H. Purcell),Jody Pou
12923,Mentre che'l cor (S. d'India),Jody Pou
12924,Hor che tempo di dormire (T. Merula),Jody Pou
12926,Se l'aura spira (G. Frescobaldi),Jody Pou
12927,Udite amanti (B. Strozzi),Jody Pou
12985,Barleycorn and Toblerone,Nick Jaina
12986,I Will Swallow The Sea,Nick Jaina
12987,Earth-Bony Confinements,D-84
12988,Thief - Spring Thief,D-84
12989,Hr16bubble - Codes Of Masochism,D-84
12990,Dish - The Old Dish Who Was A Bit Cracked,D-84
12991,A Sparkling Place - Full Of Joy And Delight,D-84
12993,Bottle - Your Glassy Eyes And Your Open Mouth,D-84
12994,The Body Disappeared - Down Into Language,D-84
12995,Odd - Untouched Tea,D-84
12996,Preserving Machine -Resined Bows (Thanks Jl),D-84
12997,Bevin's Big Fat Mama - Rj Wuz Here (Thanks Peep),D-84
13014,Castle Of Blood,Wm. Berger
13115,basin in my home,Gorowski
13116,two,Gorowski
13118,polish dream,Gorowski
13119,of the sky,Gorowski
13120,rock rocker,Gorowski
13121,krishnaji's request,Gorowski
13122,lo-flying ph**ker (with morghini),Gorowski
13123,seven down,Gorowski
13124,radar scream,Gorowski
13125,distant ride,Gorowski
13126,theme from turkey (with morghini),Gorowski
13127,mature manure,Gorowski
13128,simulators can,Gorowski
13190,As They Are Blown Here And There,Protestant Work Ethic
13191,Outside To Play,Emily In Love
13192,Ambulance Chase,Daniel Maze
13196,Brisk,Mombus
13197,Different Day,First
13199,No Mas,Tha Silent Partner
13201,Moy Moy Moy,Ghostown
13207,Chivalry Is Lost on Some People,Shorthand Phonetics
13209,E.G.O. (with Intro),El Klan de los DeDeTe
13217,Teenage Kicks,The Unfinished Sympathy
13218,Perdon,Sebastian Kramer
13220,Horse On A Rock,Chapi Chapo &amp; Les Petites Musiques de Pluie
13221,Conspiracy,Louis Lingg and The Bombs
13224,Of The Sky,Gorowski
13225,The Flower That Eats The Moon,Dudley
13325,Methylchloroisothiazolinone,Josh Woodward
13326,Je m'envole je voyage,QUI
13327,Empire,Clownage
13328,Street Wild Lover,Morad Stars
13329,Mr. Pig &amp; Mr. Chrome,Vernon Lenoir
13330,Home,HYPE
13331,¿Cómo Estas?,Baster
13362,All The Working Girls,Mabafu
13363,Dream On (Original Edit),Jurek Raben
13365,Picasso's Penis,Dorothy's Magic Bag
13366,Work Out,Jan von Grafenstein
13367,Cosmos Bossa,Aleksi Virta
13369,Wearing Nothing But Attitude,Baroquedub
13370,beltdrivin',The Decapitated Hed
13371,carving a flute into the throat,The Decapitated Hed
13372,snaps before breakfast,The Decapitated Hed
13376,strings in grayscale,The Decapitated Hed
13378,I Wish,Peter Fox Simon
13440,Marpaksses,Arrial
13442,This is the Macrophage,Universal Materials
13446,Dinosaurs,Cyclone 60
13451,Swinging High,Cyclone 60
13452,Summer Wind,Cyclone 60
13470,Global Circus,Kolokon
13472,CyberDreams,mindthings
13474,Then,Black Era
13476,I Love Rock and Roll,Cyclone 60
13537,Maru Kiray,Abdoulaye Alhassane Touré
13538,Kurbu,Abdoulaye Alhassane Touré
13539,Waina Bibiyo,Abdoulaye Alhassane Touré
13540,Tamala,Abdoulaye Alhassane Touré
13551,Wanna Be King,Das Black Milk
13555,Positive,Baïki
13556,Let Me Go,STEEP
13557,International Calling,Normaa
13558,Counting Backwards,Lucrecia
13559,Sara,Misery
13560,Verfolger,DavidBowman
13561,The Dao of Sun Zoo,Sun Zoo
13562,It's Not Jazzz,Maniax Memori
13563,Can You Feel What It Takes?,You Are My Everything
13564,Tu Cries,Lucas CK
13566,New Pirates (featuring DJ HDL),Sun Zoo
13567,Phone,Dirge
13571,Pour Petite Tete,L'Onomatopeur
13576,BooBoo3,Big City Orchestra
13577,Evil II,Big City Orchestra
13578,Milk,Big City Orchestra
13579,Monkey,Big City Orchestra
13580,Checkered Stories,Yen Pox
13581,Hmmm...What a pity,Yen Pox
13582,The Return of Mystery Woman,Yen Pox
13585,Never Just a Gig,Yen Pox
13586,Villa Avenue,Yen Pox
13587,Rampant Runaways,Yen Pox
13589,Farmer,Red Unit
13590,Railroad Flying Machine,transient
13591,Johnny Marr,Ghostown
13592,Johnny Marr (Psycho Killer) (Bonus 2006 Version),Ghostown
13593,Quincaillier de Style,Thierry Blanchard
13595,Sociedad Enferma,Arai
13596,Insane,b-Shake
13597,Prisma (Revisitada),Aerotrio
13598,Arvo Pärt (netBloc Edit),Nic Bommarito
13646,Copacabana Palace Hotel,Calypso
13649,Dragons,Aleksi Virta
13661,Disclaimer,Rockoutfit
13662,The Legacy,Zengineers
13664,Alot of history in a very short time,Giraffe
13666,Seven Faces of Him,M.A.Z.C.A.
13668,No Time For Lookin' Back,This One
13670,Nada P Flojos,Raflesia
13671,Good 'ol Shoe,Patchwork on the Blues
13672,Long Transfer (2006 Rework),Phour Trakk
13673,Nano Moon Coral,Melissa Welch
13706,Love Crime (Qwertypak Venom Remix),Goto80
13707,For Newspress,Goto80
13708,Disk Machine,Goto80
13709,Member,Goto80
13710,Love Crime,Goto80
13711,Disk Machine (Sky Pole Remix),Goto80
13725,Gotta Thing For You,The Good People
13735,Funktions Prod. Sci Fi,Tha Connection
13742,Supa (prod. Max I Million),Tha Connection
13744,The Tunnel feat. Rozewood Prod. Reeplay,Tha Connection
13747,Must Be a Hit,Laws
13748,Speak Your Mind feat. Hard Target,Laws
13749,110% (radio edit),Laws
13760,Far-Away Planet,The New Mellow Edwards
13761,It's Not Impossible,Jeffrey Lewis
13762,Mini Theme: Moocher From The Future,Jeffrey Lewis
13763,To Be Objectified,Jeffrey Lewis
13764,"Roll, Bus, Roll",Jeffrey Lewis
13765,Anxiety Attack,Jeffrey Lewis
13766,If Life Exists,Jeffrey Lewis
13767,Deranged Barber,Majik Most
13768,Just a Feelin',Majik Most
13772,Black Sheep,The Doughboys
13776,I Got a Feeling,Nouvellas
13804,Life's A Beach,The Professional Savage
13805,White Youth Worker,The Professional Savage
13814,Red Roses,Menhirs of Er Grah
13833,Expect It To Go,Micoland &amp; Holly Bretton
13834,Dead Letter,Micoland &amp; Holly Bretton
13835,Theorise,Micoland &amp; Holly Bretton
13838,Traverse,Micoland &amp; Holly Bretton
13839,Simple Needs,Micoland &amp; Holly Bretton
13863,Banter with Marty,Soft Circle
13864,First Time,Soft Circle
13867,Bonzer,Soft Circle
13868,Light Bright,Soft Circle
13879,you drive too fast,Crash Normal
13891,80's,Crash Normal
13895,just for a 27th track,Crash Normal
13908,Gary Gilmore's Eyes,Pine Valley Cosmonauts W/ Dean Schlabowske
13909,The Hangman's Song,Pine Valley Cosmonauts W/ Puerto Muerto
13910,Bad News,The Pine Valley Cosmonauts - Alejandro Escovedo &amp; Jon Langford With Dave Alvin
13911,Homicide,The Pine Valley Cosmonauts - Skid Marks With Sally Timms
13912,I Want To Be A Cowboy's Sweetheart,The Pine Valley Cosmonauts
13913,Close Your Cold Eyes,Snapline
13914,Panda,Carsick Cars
13927,Deep River Blues,Janet Bean
13928,Shady Groove,Colby Maddox
13929,Home On The Range,Old Town School Of Folk Music (Various)
13930,John Henry,Foghorn Stringband
13976,One I Love,The Volebeats
13978,Bad Times Are Coming Round Again,Waco Brothers
13979,Open Flame,Tim Carroll
13999,Baby Out Of Jail,99 Tales
14014,Good BBQ,The Riptones
14015,Out All Night,The Riptones
14016,Barbedwire Scars,The Riptones
14017,I Can't and I Won't,The Riptones
14018,Get Me A Job,The Riptones
14019,Rebel Rock Armageddon,The Riptones
14053,Sadness,Sandro Marinoni
14055,Frame,Sandro Marinoni
14059,Requiem,Sandro Marinoni
14060,Sadio,Sandro Marinoni
14061,Funeral March For A Bar Of Soap,Sandro Marinoni
14062,Zimbabwe,Sandro Marinoni
14063,Chicken Dance,DJ Donna Summer
14064,Feel Anymore,Captain Ahab
14065,Do These Dipers Make Me Look Fat?,Assdroids
14066,Downtime,Vorpal
14067,Year Of The Cock,Duran Duran Duran
14068,"Stately, Wrong",Nero's Day at Disneyland
14069,The Meat Office,Next Life
14070,Basics Sessions - TorG,Desper
14071,Rage Template,Dev/Null
14072,In Love With You,Terminal 11
14073,Summer Jam (Ricky Rabbit Remix),Food For Animals
14075,Satanic Unicorn Orgy,Otto Von Shirach
14076,Yea Boy (Slam52 Edit),DJ Donna Summer
14077,Arrogant Cobbler (Nero's Day At Disneyland - Rock Rock Rock Remix),DJ Donna Summer
14078,Fuck Fuck Fuck (DJ C Mix),DJ Donna Summer
14079,Jump Off A Rock (Soundbites Rock Rock Rock Remix),DJ Donna Summer
14080,Rock Power (Ladyscraper Rock Rock Rock Remix),DJ Donna Summer
14081,Rock Rock Rock (Aaron Spectre Remix),DJ Donna Summer
14082,Rock Rock Rock (Black Rabbit Remix),DJ Donna Summer
14083,Rock Rock Rock (Glowstyx Remix),DJ Donna Summer
14084,Rock Rock Rock (Karsten Pflum edit),DJ Donna Summer
14085,Rock Rock Rock (t+pazolite Remix),DJ Donna Summer
14086,Rock Rock Rock (The Scandals-Excessive Post Rave Mix),DJ Donna Summer
14087,Rock x 3 - Kids Get Hyphy (Zeddemore Remix),DJ Donna Summer
14088,Tryptamine Extraction (Hardoff's Remix),DJ Donna Summer
14099,For Her Smile,Ceremony
14100,Leave Alone,Ceremony
14101,Dream of Only You,Ceremony
14102,Never Make You Cry,Ceremony
14103,Clouds,Ceremony
14104,gorechestra,Dev/Null
14105,grind2,Dev/Null
14107,zombie sunset,Dev/Null
14110,society of defilement,Dev/Null
14154,Cathode Ray,Screen Vinyl Image
14155,What You Need,Screen Vinyl Image
14157,Chaser,Screen Vinyl Image
14198,Bazooka Sunrise,Mental Abuse
14202,Corporate Skum,Mental Abuse
14204,Game of Life,Mental Abuse
14207,Sock Woman,Mental Abuse
14208,Upbeat Style,Mr. Spastic
14209,8 to 16 Bit (About to get sick),Mr. Spastic
14210,b3ta B1t3r,Mr. Spastic
14211,Disco Electro Simplex,Mr. Spastic
14212,FNSP,Mr. Spastic
14213,tEh (r0x!),Mr. Spastic
14214,Da da da,Pionir 10
14215,Zlatna stolica,Pionir 10
14216,Iznerviran,Pionir 10
14217,Odavno naj,Pionir 10
14218,Da se ne namagnetišu,Pionir 10
14219,Pingvin,Pionir 10
14220,Samo,Pionir 10
14221,Novo odelo,Pionir 10
14222,S vrha solitera,Pionir 10
14223,San Francisko,Pionir 10
14315,Dimjaninka,Black Sea Hotel
14316,Magdaleno Muri Malka Mome,Black Sea Hotel
14317,Malo Selo,Black Sea Hotel
14318,Bezrodna Nevesta,Black Sea Hotel
14319,Pila Jana,Black Sea Hotel
14320,Tri Bjulbjula,Black Sea Hotel
14340,Life on Ceres,Marco Kalnenek
14341,Life on Ceres (Reprise),Marco Kalnenek
14342,For The First Time,Kiddo
14343,Mircoobee,Keinzweiter
14344,Ecclesia,Ambienteer
14345,Treeboy,Bitbasic
14346,I have a proof. The world is a drop of water falling slowly to it's end,Cherly KaCherly
14347,Biomythos,Revolution Void
14348,Pod 03,Pitch Boys
14349,MFLD-01b,Kids on Fire
14358,Rain,Bilal Bashir &amp; Divine Styler
14359,Eye 2 Eye,OUO
14360,Hooks Reloaded,OUO
14361,It's Time,OUO
14363,4:15 p.m. (Thursday),Thaione Davis
14364,Mandolin Theatre,Thaione Davis
14365,Requiem for Stateway,Thaione Davis
14366,Grown Folklore feat. Willie Evans Jr.,Eddie Meeks
14379,Grown Folks Biz,Storm the Unpredictable
14380,In Case You Forgot - featuring Priest da nomad,Storm the Unpredictable
14386,I Love Hip Hop,9th Scientist
14387,Verses ft. iLL Chemist,9th Scientist
14388,Do You Love Me?,9th Scientist
14389,Plan B,Clan Destined
14390,The Language,Clan Destined
14391,Freeze,Clan Destined
14394,White Rainbow (excerpt) Live at No.Fest 2008,White Rainbow
14409,Run or Fight,Regia
14435,Ms. Hallelujah,Pretty Flags
14440,Children of Coyote,Pretty Flags
14477,Hombre Soberbia,Epoxia
14478,El Hombre Nuevo,Epoxia
14479,Soberbia Espiritual,Epoxia
14481,Soberbia Espiritual (Remix),Epoxia
14489,Endless / Reason Enough,Unmen
14491,Sword Swallower,Unmen
14492,Wishful Thinking / Sketches,Unmen
14493,Joe Horn,Unmen
14494,christmas song,Kania Tieffer
14498,treat me like a dog,Kania Tieffer
14538,Infrared Beams,Opio
14539,Intro,Opio
14540,With Or Without You rmx,Opio
14541,Different,Opio
14542,Due Damage,Opio
14543,Cherished,Opio
14556,Working and Drinking,Jared Mees & the Grown Children
14558,Bees,Jared Mees & the Grown Children
14559,Strong Black Coffee,Jared Mees & the Grown Children
14562,In the Fall,Jared Mees & the Grown Children
14564,Juicy Fruit,Jared Mees & the Grown Children
14566,Alvin Lucifer (Two Excerpts),Brian Joseph Davis and Steve Kado
14568,Monkey Dance,Ergo Phizmiz
14569,Gretchen's Tango,Ergo Phizmiz
14570,So Wunsch Ich Dir,Ergo Phizmiz
14571,Through the Doors of the Circus,Ergo Phizmiz
14572,David Niven Death Dance,Ergo Phizmiz
14576,Funeral March For A Marionette,Ergo Phizmiz
14577,Garden Theme,Ergo Phizmiz
14578,Vespers,Ergo Phizmiz
14579,Gretchen's Waltz,Ergo Phizmiz
14580,Music For Darkness,Ergo Phizmiz
14581,Dance With a Ball of Emperor Rudolf II,Ergo Phizmiz
14583,Ride On A Chair Running,Ergo Phizmiz
14584,Dream Garden,Ergo Phizmiz
14585,The Dream of Sergei Prokofiev and Waltz,Ergo Phizmiz
14586,Music for an Underground Circus,Ergo Phizmiz
14588,Music To Watch Girls Smash By,Ergo Phizmiz
14589,Sad Story,Ergo Phizmiz
14590,Helen Entrance,Ergo Phizmiz
14601,(interview),Brahim Fribgane
14602,Amazigh,Brahim Fribgane
14603,Sidi Rabi,Brahim Fribgane
14604,Live Improv,Brahim Fribgane
14649,Lutoslawski: Variations on a Theme by Paganini,Neal and Nancy O'Doan
14652,DMG Guitar,Animal Style
14653,Bad Sign,Brad Sucks
14656,The Soft House,embrace fire
14661,Re: Your Brains,Jonathan Coulton
14663,Coleco Says: How Are You?,Coleco Music
14666,Transpose,Mr. Spastic
14667,Easter Dicks,Videovalvontaa
14668,8bc Is Cool,MM
14669,Glacial Floe,Swampyboy
14670,Anything with Heart,ChipHydra
14671,Krazoa,Digital Cait Sith
14672,Hello,little-scale
14673,Cherryblossom,Raptorface
14674,Gloom,Sparkyboy
14675,Be Alone,Nintenboys
14676,Space Race,Constipation Man
14677,Hello Világ,failotron
14678,Fire Flower Hilltops,Pandotrix!
14679,Mustache,Amiga Agia
14680,On the Move!,Mikrochip No32
14681,Prism Stars,Derris-Kharlan
14682,Lazarou,Sybi0t
14684,Code Monkey,Jonathan Coulton
14690,Givers,Lucky Dragons
14693,I Feel Fantastic,Jonathan Coulton
14733,Mania,Throwing Muses
14734,Shark,Throwing Muses
14735,Start,Throwing Muses
14736,Hazing,Throwing Muses
14737,Speed and Sleep,Throwing Muses
14738,Devil's Roof,Throwing Muses
14739,Say Goodbye,Throwing Muses
14740,Tar Kissers,Throwing Muses
14741,Limbo,Throwing Muses
14742,Bright Yellow Gun,Throwing Muses
14743,Vicky's Box,Throwing Muses
14744,Bea,Throwing Muses
14745,Pearl,Throwing Muses
14754,Taste,Magik Markers
14758,Axis Mundi,Magik Markers
14773,Silence Like the Wind,Dan Deacon
14774,(intro),Dan Deacon
14775,Get Older,Dan Deacon
14776,Red F,Dan Deacon
14777,(banter / ladder),Dan Deacon
14778,Woof Woof,Dan Deacon
14779,(banter),Dan Deacon
14780,Of the Mountains,Dan Deacon
14781,(tunnel instructions),Dan Deacon
14783,Crystal Cat,Dan Deacon
14785,interview with Brian Turner,Dan Deacon
14787,Monochromatic Youth,Grand Trine
14791,bucket of fun,Fidget
14792,mobilize,tleilaxu
14793,wizards are lucky (diss0nance remix),miskate
14794,do it 4 the devil,nigel richards
14795,choco taco,Pink Skull
14796,luna rd,kilowatts
14798,minimal brain power,Duran Duran Duran
14799,onoyoko,accidentally
14800,zuni lullaby (robmall remix),miskate
14801,poker face,city rain
14802,Scuba - Spring,king britt presents scuba
14803,time,starkey
14808,A Good Man,Sebastien Duclos
14809,The New Year,Sebastien Duclos
14812,Boats,Sebastien Duclos
14818,animal hybrids,David Last
14820,sporty ankles,David Last
14824,observer your health,marcoerre
14862,asterisco,omar salgado
14863,ukelele (seph remix),violett
14866,992,dilo
14867,petalos,omar salgado
14868,downstairs,seph
14869,ukelele,violett
14870,mis ranitas,dilo
14871,void,seph
14874,under the covers,Ezekiel Honig
14876,diskette storage,Ezekiel Honig
14877,under the covers (someone else remix),Ezekiel Honig
14879,paseo por el bosque,Gurtz
14898,Nothin' But Nothin',Rex Hobart &amp; the Misery Boys
14899,I'll Never Sleep It Off,Rex Hobart &amp; the Misery Boys
14900,Bridge Burners Union (Local 36),Rex Hobart &amp; the Misery Boys
14901,'Til My Teardrops Turn To Gold,Rex Hobart &amp; the Misery Boys
14907,Mt. St Helens,Jim and Jennie and The Pinetops
14908,Quit Barking at Me,Jim and Jennie and The Pinetops
14909,the breeze of hibernation,Ezekiel Honig
14918,disappointment (butane's 90210 rmx),Monta
14920,disappointment (ezekiel honig's rmx),Monta
14921,disappointment (miguel tutera's rmx),Monta
14922,disappointment,Monta
14941,100 Miles,The Meat Purveyors
14942,Muleskinner,The Meat Purveyors
14944,disappointment (fusiphorm's rmx),Monta
14945,right here,Dapayk Solo
14946,chibi,Dapayk Solo
14948,christel,Dapayk Solo
14949,shiver,Dapayk Solo
14952,More Man,The Meat Purveyors
14954,Circus Clown,The Meat Purveyors
14955,Hey Little Sister,The Meat Purveyors
14956,TMP Smackdown,The Meat Purveyors
14957,How Can I Be So Thirsty Today?,The Meat Purveyors
14958,Hanged Man,The Meat Purveyors
14959,Look On Your Face,The Meat Purveyors
14960,Disappointment (Dissonance's Deconstruction rmx),Monta
14961,50mann50hz,Dapayk Solo
14964,18 Wheels,Moonshine Willy
14967,Sky Above Me,Moonshine Willy
14969,Bastard Child,Moonshine Willy
14970,Turn The Lights Down Low,Moonshine Willy
14971,Help Me From My Brain,Th' Legendary Shack Shakers
14972,Pinetree Boogie,Th' Legendary Shack Shakers
14973,empty city,Greenbeam &amp; Leon
14974,fisher,Greenbeam &amp; Leon
14975,distance,Greenbeam &amp; Leon
14997,gold rush,craig mcwhinney
15002,cartoon life,Greenbeam &amp; Leon
15010,dect,Gurtz
15011,igloo,barem + dilo
15022,booze bus,stuart mckeown
15023,three steamed dim sims,paul agius
15094,banjo bird,guitarrorisms
15095,calm (for chris whitley),guitarrorisms
15105,Golden Years Over,gwEm and Counter Reset
15106,Radiation Hazard,gwEm and Counter Reset
15108,Tubular Crusade,gwEm and Counter Reset
15124,New Moses,El Jesus De Magico
15130,NFL-AFL Merger,El Jesus De Magico
15139,The Silence,Glows in the Dark
15140,Through a Glass Darkly,Glows in the Dark
15143,Help Yourself,The Years
15145,When Peace and Love Come Together (It Makes You),The Years
15148,I Are,The Years
15149,Lover's Rock,The Years
15152,Dewjuice,The Years
15154,much much love,The Years
15156,Unclean Ghost,El Jesus De Magico
15157,Pirate Utopia,El Jesus De Magico
15176,Prelude to Foreshadow'n,Upsilon Acrux
15194,Codinome Dinamite,Garotas Suecas
15195,Bacana Bacana,Garotas Suecas
15201,Bonus Track- Hostile feat. O.O.G.,Seven
15202,Backlash feat. White Shadow,Seven
15203,Where We Ride,Seven
15204,Fam Bubblin' feat. Devaron,Seven
15207,Runaway feat. Jada,Seven
15208,My Favorite Love Song,Seven
15209,One Life,Seven
15210,Go Away,Seven
15211,Throw It Up,Seven
15213,If It Wasn't...,Seven
15217,III - Woody Sullender / Jeremiah Cymerman / Alex Chechile,Telluric Currents Series Preview
15227,Pirate Utopia,El Jesus De Magico
15256,Will You Dance With Me,Jeremy Jay
15257,Escape to Aspen,Jeremy Jay
15258,In This Lonely Town,Jeremy Jay
15260,Days of Casting Clouds Away,Jeremy Jay
15261,Beautiful Rebel,Jeremy Jay
15263,Love Everlasting,Jeremy Jay
15265,Gallop,Jeremy Jay
15266,Secret Sounds,Jeremy Jay
15269,Breaking The Ice,Jeremy Jay
15271,Roses In The Park,Liechtenstein
15304,Lollipops,1.6 Band
15307,Your Restaurant,1.6 Band
15364,Rope,Gowns
15366,Johnny,Gowns
15369,Zenith,Alex Mauer
15370,Floating Point,Alex Mauer
15372,Law of Cosines,Alex Mauer
15373,Snipes,Alex Mauer
15374,AEPOZXLU,Alex Mauer
15375,GKISTVYN,Alex Mauer
15376,Gravity Hill,Alex Mauer
15436,The Princess,Pierre De Gaillande
15439,Kissing In Public,Pierre De Gaillande
15444,The Gorilla,Pierre De Gaillande
15464,Black Car Blues,Bruce Russell
15469,Dirty Water Dub,Bruce Russell
15470,Hiroshima Tourist Blues in Dub,Bruce Russell
15471,Brakemans Blues,Bruce Russell
15472,Doctors Blues for Philip Samartzis,Bruce Russell
15473,Coronation Holyoake Blues in Dub,Bruce Russell
15474,Kates Blues #3 [Death Letter],Bruce Russell
15475,Nigerian Delta Oil Well Blues,Bruce Russell
15476,Wehowsky Loop Blues,Bruce Russell
15482,Party Breaksss,AK Slaughter
15487,Pranatarthi Haram,Veena Raja Rao and Veena Gopala Rao
15488,Haratanaya Sree,Veena Kinhal
15492,Clap Attack (Gladys Version (Clean),AK Slaughter
15493,Clap Attack (Gladys Version),AK Slaughter
15494,Just A Kid (Clean),AK Slaughter
15496,Tina Goes to Tibet,RENMINBI
15497,Drug Song,RENMINBI
15498,Let's Kiss,RENMINBI
15531,Bitchin Fissure,Rah Bras
15540,Introduction and Windmills,Ergo Phizmiz
15541,Quixote Daydreams of Dulcinea,Ergo Phizmiz
15542,The Golden Helmet,Ergo Phizmiz
15543,The Cave of Montesinos and What the Knight Saw There,Ergo Phizmiz
15544,Sancho's Wife,Ergo Phizmiz
15607,Second Date,Vivian Girls
15608,Wild Eyes,Vivian Girls
15609,Can't Get Over You,Vivian Girls
15612,Surfin' Away,Vivian Girls
15619,Trade Ya,Silica Gel
15620,Pa Mac,The Comas
15622,Dendrite,Ivanovich
15623,Where Is It?,Micro-East Collective
15625,Chion's Cricket,Jim Lee
15628,"Brahms: Sonata in F minor, Mvt. II",Neal and Nancy O'Doan
15629,"Brahms: Sonata in F minor, Mvt. III",Neal and Nancy O'Doan
15643,As Light Snow Falls,Agents del Futuro
15648,Casino,Agents del Futuro
15755,Blues Theme,Jonny Chan and the New Dynasty 6
15769,The Factory,Multifaros
15770,The Boss,Multifaros
15771,The Staff,Multifaros
15772,The Product,Multifaros
15773,The Company,Multifaros
15775,Son Of Alfalfa,Henry Grimes
15846,Duet with Elliott Sharp,Cooper-Moore
15857,Air Born feat. Bun B {prod. 6th Sense},The Kid Daytona
15858,Just Fly {prod. 6th Sense},The Kid Daytona
15859,Air Jordan feat. Harlem's Cash {prod. The Government},The Kid Daytona
15860,The Groove feat. Mickey Factz {prod. Deputy},The Kid Daytona
15863,Contact! feat. Kardinal Offishall {prod. 6th Sense},The Kid Daytona
15864,Flava Season {prod. Double 0},The Kid Daytona
15865,The Minimum feat. Tiara Wiles {prod. 6th Sense},The Kid Daytona
15866,In The Wind {prod. 6th Sense},The Kid Daytona
15867,Lately feat. Amanda Diva {prod. Ill Bomb},The Kid Daytona
15868,Eye Know feat. Mike Maven {prod. 6th Sense},The Kid Daytona
15869,Perfect feat. Outasight {prod. 6th Sense},The Kid Daytona
15870,13 Right Now Till Then {prod. 6th Sense &amp; Frequency}.mp3,The Kid Daytona
15871,Twilight {prod. Jet Audio},The Kid Daytona
15880,Taishikichô Chôshi,Kokusai Bunka Shinkokai
15913,"Scriabin, Fragilité Opus 51/1",Vladimir Sofronitsky
15960,Juni,Gorowski
15961,Ancient Rollers,Gorowski
15962,Electric Hands,Gorowski
15963,The Space Bandidos (06),Gorowski
15964,I Don't Believe Me,Gorowski
15965,Wailer,Gorowski
15966,The Suns Coming Through,Gorowski
15967,Leccy Pop,Gorowski
15968,Flite,Gorowski
15970,Barneveld,Gorowski
15985,Manha De Infarnal,Vernon Lenoir
15986,Beograd,Vernon Lenoir
15988,The Things They Say,Vernon Lenoir
15989,Dogge,Vernon Lenoir
15991,Melonade,Vernon Lenoir
15992,Der Zwergenmensch,Vernon Lenoir
15993,Anachoret,Vernon Lenoir
15994,Phantasmarshall,Vernon Lenoir
15995,The Hunt For Buildings,Vernon Lenoir
15996,Senegalese Demons,Vernon Lenoir
15997,Russian View On Art,Vernon Lenoir
16023,Part 1 Live @ IPR (ex),No Neck Blues Band
16024,Part 2 Live @ IPR (ex),No Neck Blues Band
16025,Facebook,Nicky Cook
16034,John Carpenter,Tuk
16036,Petite Rhapsody,Charles Tournemire
16045,april fools 2002 live set,staRpauSe
16046,"sitting on pot, alone",staRpauSe
16047,autechre any,staRpauSe
16048,regrece,staRpauSe
16049,thee ess tee ep,staRpauSe
16050,"hairwaves, san diego",staRpauSe
16051,fjortis bliss,staRpauSe
16053,nig nug dug,staRpauSe
16054,safari,staRpauSe
16055,prikleim,staRpauSe
16056,why gypsies win,staRpauSe
16057,nausas,staRpauSe
16095,YOU GOT THE POWER,MEGA*CHURCH
16127,Trains,Bubbles
16149,Trooper,Dokaka
16150,Smells Like Teen Spirit,Dokaka
16151,Angel of Death,Dokaka
16152,Creeping Death,Dokaka
16155,Nihilist,JJM
16156,Pass Away,Stromble Fix
16157,Graffiti,Confusion Is Next
16158,Animals,Entertainment for the Braindead
16159,Beautiful,DeathBoy
16161,Star,Jay Slim
16162,Rock da Dam (Featuring Portformat),Comfort Fit
16163,11:11,Christopher Joel
16164,Thought You Knew,Jay Slim
16165,The New Black Sampler,Just Plain Ant
16181,Panic Berlin Fun,The Sediment Club
16186,thirteen,The Sediment Club
16209,Excerpt 2,Bad Statistics
16210,Excerpt 1,Bad Statistics
16232,Can't buy everything forever,Sid Peacock
16235,Orchard way,Sid Peacock
16237,Bongo psylocybin,Sid Peacock
16238,Want,Sid Peacock
16288,Human Cannonball,After Party
16289,Rock and Roll Program,After Party
16296,Goofy's Concern,After Party
16313,Witch on Fire,Dan Melchior's Broke Revue
16334,Kapi Radja (Ape King),Peliatan Gamelan
16337,Falling,Twizzle
16338,Black Elk Mountain,Twizzle
16339,This Is No Chanson,Twizzle
16340,Barefoot Girl/ Pebble Road,Twizzle
16342,Promise Of Water,Angels of Light
16343,My Brother's Man,Angels of Light
16348,Hindustan,Jockers Brothers
16351,Musetta Waltz,Guido Gialdini
16352,Oh Mother I'm Wild,Jack Kaufman
16353,Rosie,Paul Whiteman and His Orchestra
16354,Rose of Los Angeles,Michael Gira
16365,If It Was Not For You,Antique Phonograph Music Program [Various Artists]
16366,You Will Never Need a Doctor No More,Antique Phonograph Music Program [Various Artists]
16367,Uncle Josh Playing Golf,Antique Phonograph Music Program [Various Artists]
16369,Forsaken,Antique Phonograph Music Program [Various Artists]
16370,Home Again Blues,Antique Phonograph Music Program [Various Artists]
16371,Virginian Judge Parts 1 and 2,Antique Phonograph Music Program [Various Artists]
16372,Zenda,Antique Phonograph Music Program [Various Artists]
16373,Can't You See Im Lonely,Ada Jones
16374,The Bullfrog and The Coon,Ada Jones
16375,Imagination,Arthur Collins
16376,I've Got A Feeling For You,Arthur Collins
16377,Who Me,Billy Murray
16378,For Sale A Baby,Byron G Hall
16380,My Gal Irene,Arthur Collins and Byron G. Harlan
16381,Paddle Your Own Canoe,Arthur Collins and Byron G. Harlan
16382,Take A Car,Arthur Collins and Byron G. Harlan
16383,Call Round Any Old Time,Dorothy Kingsley
16384,Skeleton Dance,Edison Concert Band
16385,Now What Do You Think of That,Edison Military Band
16386,Uncle Sammy March,Edison Military Band
16387,Frolicks In A Hencoop,Edison Symphony Orchestra
16388,Three Rubes Seeing New York,Edison Vaudeville Company
16389,Dr Whackem's Academy,Four Comical Cards
16390,On Board The Oregon,Invincible Quartet
16391,My Own United States,J.W. Meyers
16392,Street Piano Medley,Molinari
16393,Whistling Rufus,Peerless Orchestra
16394,Storyteller Waltz,Samuel Segal
16398,I'm a Dancin Fool,Al Benard
16399,Floatin' Down to Cotton Town,American Quartet
16400,Anna In Indiana,Arthur Fields
16401,I'm an Indian,Fanny Brice
16402,Medley of Country Dances,Jaudas Society Orchestra
16403,A Ven Cigany,Kiraly Erno
16404,Der rot Schwyzer,Paul Gerber
16405,Am Muehlbach,Paul Groening
16406,Georgia,Peerless Quartet
16421,Pretty Baby,Billy Murray
16422,Underneath The Monkey Moon,Arthur Collins and Byron G. Harlan
16423,The Modern Maidens Prayer,Eddie Cantor
16424,"Pack Up Your Troubles in Your Old Kit-Bag and Smile, Smile, Smile",Edward Hamilton
16425,Rag Pickins,Fred van Eps
16426,Boheme-Musetta Waltz,Master William Pickels
16427,The Last Rose of Summer,Moore and Davis
16428,Over There,Nora Bayes
16429,My Bombay Maid,That Girl Quarter
16430,Blue,The Virginians
16431,Medley Little Bit of Everything,Vess L Ossman
16432,The Buffalo Rag,Vess L Ossman
16433,Pedalo,John Ellis
16434,Elephant goes bad,John Ellis
16435,Stuttergun,John Ellis
16436,Fall Down Screaming,John Ellis
16437,Raudive Voices,John Ellis
16438,Splatter,John Ellis
16439,Oddball,John Ellis
16441,Foraging for Apples in Industry Filth,Sonic Suicide Squad
16442,Salvation is a Sorry Excuse for a Pony,Sonic Suicide Squad
16443,God by DAMN Day,Sonic Suicide Squad
16444,A Halo of Brain Cells Popping Like *Static*,Sonic Suicide Squad
16445,Cold Meat in a Flying Shopping Cart,Sonic Suicide Squad
16448,Improv,Steve MacKay and the Blue Prostitutes
16452,Speed Turning Light,Steve MacKay and the Blue Prostitutes
16521,For _ :プレゼント,Kakitsubata (Sylvie Walder + _)
16522,Beating heart in a distant town: きこえるかな,Kakitsubata (Sylvie Walder + _)
16523,Dust of silence: 触れることができる音,Kakitsubata (Sylvie Walder + _)
16524,Waves unknown: 波の生まれる場所,Kakitsubata (Sylvie Walder + _)
16525,Nocturnal: ノスタルジア,Kakitsubata (Sylvie Walder + _)
16526,Backyards forgotten: 忘れ去られた裏庭,Kakitsubata (Sylvie Walder + _)
16527,Beyond the grey clouds: 曇り空のかなたに,Kakitsubata (Sylvie Walder + _)
16528,Nightmare: 怖い夢,Kakitsubata (Sylvie Walder + _)
16529,Souvenir: 想い出,Kakitsubata (Sylvie Walder + _)
16530,Night sky: 夜空,Kakitsubata (Sylvie Walder + _)
16531,Through the curtain: ゆらぎ,Kakitsubata (Sylvie Walder + _)
16532,City lights: 街の灯,Kakitsubata (Sylvie Walder + _)
16533,Fading away: 薄明,Kakitsubata (Sylvie Walder + _)
16546,Love Lost,The Good People
16554,Elder Harmonies (Ancient),Arastoo
16556,Moonlight Reflecting Off Water Droplets,Arastoo
16562,Moisture On Rust,Arastoo
16563,Warm Walls,Arastoo
16564,Moss,Arastoo
16565,October,Arastoo
16566,Wooded Area,Arastoo
16580,Mondo's Disco,Gorowski
16581,Hullites,Gorowski
16582,Spaced Rums,Gorowski
16583,Turtle Heaven,Gorowski
16584,Big Fizog,Gorowski
16585,Clint in the Eye,Gorowski
16586,That's Why,Gorowski
16587,Below the Tarmac,Gorowski
16588,I'll send you some,Gorowski
16589,Pished Martian,Gorowski
16590,GCP,Gorowski
16591,Lap Wresting,Gorowski
16592,The Space Bandidos,Gorowski
16690,Change,Shearer
16691,Stay With Me,Shearer
16692,Bring Me Down,Shearer
16693,Can't Stop It,Shearer
16694,Ordinary Girl,Shearer
16695,69,Shearer
16696,Consequence of Dawn,Shearer
16698,The Man Song,Shearer
16699,Clay,Shearer
16700,Cause I Feel,Shearer
16701,Wussy,Shearer
16702,Is It You,Shearer
16703,Run Enemy,Shearer
16731,The River Of The Dream,Rod
16733,Inner Guitars,Rod
16736,Sursaut,Rod
16737,Inner Voices,Rod
16743,Laare,Salam
16744,Drogue,Salam
16745,Tara,Salam
16747,Kairo,Salam
16759,The Sky,Light Echoes
16761,Broken Window Love,Light Echoes
16762,Cold Soup,Light Echoes
16765,Similar Ghosts,Light Echoes
16769,Eighteen,Light Echoes
16771,Outro,Light Echoes
16772,Blue Mountain,Light Echoes
16810,Keep Sit Real,Player Two
16819,Mission Bucharest,Pharaos
16820,Investigation,Pharaos
16821,The Pharaos' Theme,Pharaos
16822,Warzaw Express,Pharaos
16823,Head Swirlin',Owltree
16824,My Brown Tree,Owltree
16825,Daylight is Not for Owls,Owltree
16826,The Owls Are Not What They Eat,Owltree
16827,A Small Rodent for Breakfast Makes Owlie Happy,Owltree
16828,Sudden Dusk,Owltree
16829,June Slowness,Owltree
16843,Surfin Bird,The Unholy Two
16848,Political Song For Julian Casablancas to Sing,The Unholy Two
16876,The Cortege,To Live and Shave in L.A.
16878,Angular Momentum,Pre
16879,Yesterday,Pre
16880,Lampion,Pre
16895,American Standard,Matt Carlson
16896,Let's Move (in to the store),Matt Carlson
16937,Lost in Nunavet (Sample),Hunted Creatures
16938,Strobe Flowers Bloom,Hunted Creatures
16940,Fields 2,Hunted Creatures
16943,1915,Hunted Creatures
16982,Har-You Theme,Har-You Percussion Group
16983,Welcome To The Party,Har-You Percussion Group
16985,"Debussy, Cloches a Travers les Feuilles",Irén Marik
16989,"Schubert, Sonata in B flat, Scherzo",Mieczyslaw Horszowski
16992,"Bach-Feinburg, Prelude in E",Samuil Feinberg
16994,First Christmas Song,Tusk Lord
16995,Second Christmas Song,Tusk Lord
16997,Third Christmas Song,Tusk Lord
17003,Pure Imagination,Tusk Lord
17053,Wash,Cro Magnon
17057,I'm A Bug,Cro Magnon
17130,Around the World,Brother Truck
17131,White Castle,Kismet
17132,Mai,Love Story In Blood Red
17259,The Statement,Farmer's Boulevard
17321,Get Your Mind Right,Measles Mumps Rubella
17322,Zusammen mit Motown,Measles Mumps Rubella
17323,Fountain of Youth,Measles Mumps Rubella
17324,Guns Don't Exist,Measles Mumps Rubella
17325,Apples to Diamonds,Measles Mumps Rubella
17334,Banal Conversations,Crush Limbo
17341,Beau Demimonde,Crush Limbo
17342,Soledad,Crush Limbo
17343,Robot Made a Man of Me,Crush Limbo
17344,Falafel Western,No Nature
17345,Pop song,No Nature
17347,Snowday (live),Keith Morris & The Crooked Numbers
17351,Candy Apples (March Rosetta remix),Keith Morris & The Crooked Numbers
17422,Who's Got You Covered,Theo Angell
17426,Tenebrae,Theo Angell
17439,The Infinite Infiniteness of Infinity,Curtis Hasselbring
17440,First Loser,The New Mellow Edwards
17441,Large Detective,The New Mellow Edwards
17442,Annoying Guy,The New Mellow Edwards
17444,Intro/Scott Allen,Latent Chaos
17445,Cheap Italian Sunglasses,Latent Chaos
17446,Transition/Climax,Latent Chaos
17447,Cereal Killer,Latent Chaos
17448,Black and White,Modern Exteriors
17449,Send In The Clowns,Disposable Air Sickness Band
17450,Gypsy Rose/Yellow Ribbon,The Suadetones
17451,Goldfinger,The Suadetones
17452,"Doctor, Lawyer, Indian Chief",MCRB
17453,Herr Doktor,MCRB
17454,Eating Utencils,Atomic Butterfly
17455,Song About The Rain,Atomic Butterfly
17456,Carl (isgonnagettrampled),Atomic Butterfly
17457,Aroseinherteeth,Atomic Butterfly
17460,Cornfields Of Indiana,Sonic Clams
17461,Nuclear Adventure,Sonic Clams
17462,Baby With A Bamboo Heart,Soul Celtics
17463,Pi Phi,Band-O-Fun
17464,"Fuck Me, I'm Stupid",Latent Chaos
17467,Dynasty 2,little-scale
17468,Dynasty 1,little-scale
17488,Ebony Shards (Intro),Formula
17489,Shipwreck (Featuring Zack S. Byer),Formula
17490,The Hoe Cakes (Featuring Aynzli Jones & Zack S. Byer),Formula
17491,Weebles (Featuring Dabbla),Formula
17492,Poster Boyz (Dusty Clouds),Formula
17493,Si mon (Featuring Zack S. Byer),Formula
17494,Millions (Featuring Cobes),Formula
17495,Cellular (Featuring Zack S. Byer),Formula
17496,Scary Thoughts + Scary Dreams,Formula
17497,It's Not Up There (Featuring Zack S. Byer),Formula
17498,A Famous Outraduction (Featuring Harry the Bastard),Formula
17499,The Way the World Ends,Formula
17500,"X Man (Featuring Zack S. Byer, Dabbla, Cobes & Aynzli Jones)",Formula
17573,For Two Glitching Organs,Ilya Monosov
17576,Treasure of the Arabian Nights,The Pink Noise
17579,Lonely Hearts Killers,The Shining Path
17580,Moroccan Summer,The Shining Path
17584,"Schubert, Impromptu Op. 142 No.4",Eugen d'Albert
17585,"Sarasate, Spanish Dance",Arnold Rosé
17586,Old Friend,Future Islands
17587,Follow You,Future Islands
17588,Beach Foam,Future Islands
17589,Pinnochio,Future Islands
17590,The Happiness Of Being Twice,Future Islands
17591,Little Dreamers,Future Islands
17601,Agent of Destruction,Wooden Wand
17602,Resuscitation Distillery Blues,Wooden Wand
17603,Bad Form/American Cream,Wooden Wand
17605,Syyn Miygak,Alash Ensemble
17606,Dyngyldai,Alash Ensemble
17607,Kargyraa,Alash Ensemble
17608,Bai-Taiga,Alash Ensemble
17609,Xöömei,Alash Ensemble
17610,Bashtak-la Deesh Meni Kanchaar,Alash Ensemble
17611,Chat with Rob Weisberg,Alash Ensemble
17623,In  (Feat Arrpa),Burdeos
17624,Jenjibre,Burdeos
17625,Cool Beat Geek,Burdeos
17627,Pangea Parte II,Burdeos
17629,Napoleon Drill-Namite voix,Burdeos
17631,Jaliya,Jalikebba Kuyateh and the Toubabs
17632,N' Latéla,Jalikebba Kuyateh and the Toubabs
17633,Caira,Jalikebba Kuyateh and the Toubabs
17634,M.Samba,Jalikebba Kuyateh and the Toubabs
17635,Signolu,Jalikebba Kuyateh and the Toubabs
17636,Griot and the Family,Jalikebba Kuyateh and the Toubabs
17637,Bamba Bojang,Jalikebba Kuyateh and the Toubabs
17643,O Dung You People,Angst Hase Pfeffer Nase
17644,Agar Agar Is My Love,Angst Hase Pfeffer Nase
17657,Pavane rmx,Oto
17678,"Chopin: Three Mazurkas, Op. 59",Jonathan Biss
17696,Gianna,Factor6
17697,Bits - Intro,Factor6
17698,Fearzone,Factor6
17700,Flimbo's Quest 1,Factor6
17701,Industrial Fucking Part 2,Yerzmyey
17702,Humbuk,X-agon
17703,Follinoxe,Factor6
17704,Norwegian Blue,Gasman
17707,Cub,Yerzmyey
17711,Apprehension,Pigeons & Crazy Porridgemakers
17712,Introduction from the Cosmic Machineguns,Pigeons & Crazy Porridgemakers
17729,Crocodile Rasta,Myra Lee
17734,Pleure Pas Minou,Myra Lee
17735,Ecstatic Rite,Liturgy
17740,Beyond the Door,Twin Stumps
17746,Business Class,Twin Stumps
17781,Kreisler: Miniature Viennese March,Eroica Trio
17782,Sit on the Moon,LoveJones and Phys Edison
17785,Automotons,Lying In States
17788,Subatomic,IAYD
17794,"Vaughan Williams: Selections from ""Songs of Travel""",Anton Belov
17824,bin,Stendek
17825,etaou,Stendek
17826,houp,Stendek
17827,seiza,Stendek
17828,houp(mao remix),Stendek
17839,Dynamic Disasters,Measles Mumps Rubella
17840,Dynamic Disasters - Small Stars Remix by Ad Rock,Measles Mumps Rubella
17841,Dynamic Disasters - King Chubby Remix by Robert Austin & The Brothers,Measles Mumps Rubella
17842,Dynamic Disasters Remix by Memory Boy & JNTHNK,Measles Mumps Rubella
17843,Dynamic Disasters - Year On The Blotter Remix by Jonathan Kreinik,Measles Mumps Rubella
17854,Chavez,Measles Mumps Rubella
17855,Get Your Mind Right,Measles Mumps Rubella
17856,Fantastic Success,Measles Mumps Rubella
17857,Apples To Diamonds,Measles Mumps Rubella
17858,Guns Don't Exist,Measles Mumps Rubella
17859,White Flight,Measles Mumps Rubella
17860,Manape,Measles Mumps Rubella
17880,Dawn Patrol (Extra Track),Covox
17881,Psychic Youth,Covox
17882,Jet Alone,Covox
17883,Kickflip,Covox
17884,End to Joy,Covox
17885,Switchblade Squadron,Covox
17891,Shy Guy Beach,The Pink Noise
17892,Anna Baby,The Pink Noise
17893,The Tower,The Pink Noise
17895,Cop Cars,The Pink Noise
17900,Black Cadillac,The Pink Noise
17906,I Want You Pretty,Learning Music
17908,Callejón,Davila 666
17909,Pingorocha y la Diva Rockera,Davila 666
17910,Puto,Davila 666
17911,Ciudad,Davila 666
17912,La Kilel Bitch,Davila 666
17913,Muy Chistoso,Davila 666
17914,Lobo,Davila 666
17915,Nueva Localización,Davila 666
17987,You'll Find Old Dixieland in France,Pietro
17988,Rosy Posy,Club Royal Orchestra
17989,An Evening with the Minstrels No. 4,Ebony Emperors
17990,Oh How I Hate That Fellow Nathan,Fanny Brice
17991,Six Times Six is Thirty Six,Frances White
17992,Irish Hearts,Fred van Eps
17993,Mandy Lee,George Gaskin
17994,Original Jigs and Reels,George Stehl
17995,Little Bit of Cucumber,Harry Champion
17996,I Want to Be a Janitor's Child,Irene Franklin
17997,Just Leave it to Me,Irving and Jack Kaufman
17998,Medley of Jigs,John J. Kimmel
17999,Old Time Minstrels Part One,Lasses White Minstrel Company with Al Bernard
18000,Coaxing the Piano,Zez Confrey
18001,"If I'm Going to Die, I'm Going to Have Some Fun",Arthur Collins
18002,Espana Rhapsody,Guy Maiere and Lee Pattison
18003,The Old Town Pump,Handy's Orchestra
18004,The Owl and the Pussycat,Hayden Quartert
18005,The Minstrel Boy,James McCool
18006,What's the Matter with the Moon Tonight,J.W. Meyers
18007,My Isle of Golden Dreams,Selvin's Noevelty Orchestra
18008,Siren of the Southern Sea,Tim Brymn and His Black Devils Orchestra
18009,Ain't We Got Fun,Van and Schenk
18010,Saturday,Victor Arden and Phil Ohman
18011,Our Hired Girl,Sally Hamlin
18012,Granny,Adele Rowland
18013,Chicken Reel,Arthur Collins
18014,Pay Day,Arthur Fields
18015,Train Time at Pun'kin Center,Cal Stewart
18016,Waiting,Columbia Saxophone Sextette
18017,Peaches and Cream,Len Spencer and Ada Jones
18018,Mem'ries of You Mammy,Mamie Smith and her Jazz Hounds
18019,First Kiss Waltz,Mose Tapiero
18020,A Small Boy and His Mother at the Circus,Mrs. Hardin Burley
18021,Gypsy Blues,Paul Whiteman and His Orchestra
18022,True Blue Sam,Zez Confrey and His Orchestra
18023,Take Me to the Cabaret,Billy Murray
18024,My Hula Hula Love,Dolly Connolly
18025,M-i-s-s-i-s-s-i-p-p-i,Frances White
18026,Velvet Lady,Nicholas Orlando's Orchestra
18027,Mystery!,Paul Biese and his Novelty Orchestra
18028,Bimini Bay,The Benson Orcehstra of Chicago
18029,Sailor Song,The Peerless Quartet
18030,Kitten on the Keys,Zez Confrey and His Orchestra
18031,Title Unknown,Conjunto Guantanamo
18032,Title Unknown,Conjunto Guantanamo
18033,Title Unknown,Conjunto Guantanamo
18034,Title Unknown,Conjunto Guantanamo
18037,Title Unknown,Diabetela
18038,Title Unknown,Diabetela
18039,Title Unknown,Diabetela
18040,Title Unknown,Gaida Hinnawi
18041,Title Unknown,Gaida Hinnawi
18042,Title Unknown,Gaida Hinnawi
18043,Title Unknown,Nikolay Kolev
18044,Title Unknown,Nikolay Kolev
18045,Title Unknown,Nikolay Kolev
18085,Royale THA CONNECTION,Advantage Music Group
18111,Mira Me Miguel,Sikhara
18112,Bardos,Sikhara
18124,Dirty Indie Sound,Yoko Absorbing
18135,The Enigma Theories,Yoko Absorbing
18144,cocktail lady,Funky Terrorist
18145,2 scratchy 2 dance,Funky Terrorist
18146,go! go !go!,Funky Terrorist
18159,Just Your Game,The Friendly Dimension
18197,Happening for Lulu,Kraus
18198,O'erdose,Kraus
18199,Wolfram,Kraus
18200,Ada,Kraus
18201,Sebastian,Kraus
18215,HalfLife,Luck & Ripps
18217,Better Days,Luck & Ripps
18222,Light it Up,Luck & Ripps
18226,Never Be Another,Luck & Ripps
18227,Nothin' To Fuck With,Luck & Ripps
18237,Eso No Es Na,Gato Loca de Bajo
18322,Avvolgente,zero consequences
18323,Zoloft,zero consequences
18325,Riposognante,zero consequences
18326,Km,zero consequences
18327,Disassuefazione,zero consequences
18346,You Found Me,Josh Mease
18347,Days Like This,Josh Mease
18350,Overboard,Josh Mease
18351,Tall Trees,Josh Mease
18386,(excerpt),Steve MacKay and the Radon Ensemble
18388,Introduction to In the Spirit of Martin,Nikki Giovanni
18390,Introduction to Train Rides,Nikki Giovanni
18391,Train Rides - In Praise of Black Men,Nikki Giovanni
18393,In the Spirit of Martin,Nikki Giovanni
18412,Bad Bone,The Back C.C.'s
18444,New York,Buzzer
18446,Wires in the Wallpaper,Buzzer
18577,part i,Songs Of Norway
18578,part ii,Songs Of Norway
18579,part iii,Songs Of Norway
18580,part iv,Songs Of Norway
18589,The Game,NiCad
18592,Paradise,NiCad
18606,Coronation Song,Kraus
18607,Dear Giulietta,Kraus
18608,I Am A Worm,Kraus
18609,Sacroiliac Night,Kraus
18610,Strike Like The Snake,Kraus
18611,"I Love You, I'm Sorry",Kraus
18612,Fruit of the Void,Kraus
18613,Saturday Night Hubris,Kraus
18614,Making an Eye,Kraus
18636,nv4.dll,Bondage Fairies
18641,pilot emerges,Devolver
18654,The pilot speaks II,Devolver
18656,Track 1,Caldera Lakes
18659,Track 4,Caldera Lakes
18681,Slow Dance,Movie Star Junkies
18683,Lucky Horse,Movie Star Junkies
18684,Your Miserable Life,Movie Star Junkies
18685,Hail,Movie Star Junkies
18686,This Is Not a Light,Movie Star Junkies
18687,Run Away From Me,Movie Star Junkies
18690,I Dream of Jeannie with the Light Brown Hair,Al Jolson
18692,Mammy,Al Jolson
18694,Peg 'O My Heart,Al Jolson
18712,Avalon,Al Jolson
18759,Exploding Head Disease,Saskrotch
18760,Gorgeous Eyes and a Great Smile,Saskrotch
18761,Beats of Rage,Saskrotch
18762,I'm the Fucking King Of Chipbreak,Saskrotch
18763,I Guess You Didn't See The Irony of Our Situation,Saskrotch
18764,Miss Lady in Green,Saskrotch
18782,#3,Learning Music
18787,AK Layline,Angels in America
18788,Your Wings (Spreadem),Angels in America
18802,Analog Cabin,Chandeliers
18803,Pharoah's Fury,Chandeliers
18804,Third World,Chandeliers
18805,The Durks,Chandeliers
18806,Telekinesis,Chandeliers
18822,Improvisation,Our Song
18823,The Rest Are Cutouts,ump-off Pause Tape
18876,Crowley,Urthquake
18877,Schlitz commercial,Urthquake
18887,Best Friend,Seek Six Sick
18888,Awas Neraka,Seek Six Sick
18891,Turbulent Minor,Seek Six Sick
18973,The Flute in a Barrel,Sandro Marinoni & Stefano Roncarolo
18974,Daily Damage,Sandro Marinoni & Stefano Roncarolo
18975,Air,Sandro Marinoni & Stefano Roncarolo
18976,End up,Sandro Marinoni & Stefano Roncarolo
19072,Doubt Hope,Wildbirds and Peacedrums
19073,One Stringed Harp,Bell X1
19074,The Great Defector,Bell X1
19125,Jump On the Line,Kenny Brown
19126,Laughing to Keep From Cryin',Kenny Brown
19128,Nobody But You,"Paul ""Wine"" Jones"
19129,Stop Arguing,"Paul ""Wine"" Jones"
19130,"Pucker Up, Butter Cup","Paul ""Wine"" Jones"
19131,Don't Laugh At Me,"Paul ""Wine"" Jones"
19132,I Love My Babe,T-Model Ford
19133,Chicken Head Man,T-Model Ford
19134,Wish I Was a Catfish,T-Model Ford
19135,Somebody Knockin',T-Model Ford
19137,If You Love Me Like You Say,"Paul ""Wine"" Jones"
19175,Funky Falklands,Special Moments
19178,Me and Eric (We Need a Bigger Game),Special Moments
19179,Mockingbird Hill,Special Moments
19180,Please Argentina,Special Moments
19181,Scrubby Nate,Special Moments
19184,They Dropped a Bomb (On Me),Special Moments
19186,Three Days,Special Moments
19187,War Is a Bitch,Special Moments
19188,We're Going Off To War Today,Special Moments
19192,Until the Sea Shall Free Them,Tom Carter
19222,Petit Vodo,Dallas Kincaid
19224,Cherry Chainsaw,Dallas Kincaid
19226,Song for Mister Flea,Dallas Kincaid
19227,The ice truck killer (your heartline),Dallas Kincaid
19228,Rain on my grave,Dallas Kincaid
19229,Love n fears,Dallas Kincaid
19236,Vulnerable,I Have Clones
19262,The Air Up There - ambient (gameboy Korg DS10),Receptors
19263,888 - anthem (gameboy Korg DS10),Receptors
19264,barackuda,Receptors
19265,Dance Of The Drones (gameboy Korg DS10),Receptors
19266,Drill Baby Drill (gameboy Korg DS10),Receptors
19267,groK RAWK (gameboy Korg DS10),Receptors
19268,grokwerk stomp,Receptors
19269,groKwork 10 (gameboy Korg DS10),Receptors
19270,PalinDrone (gameboy Korg DS10),Receptors
19271,PalinDrones2 - remix (gameboy Korg DS10),Receptors
19272,Subway Panoramic (gameboy Korg DS10),Receptors
19328,Mama Jihad,Holy Cobras
19330,Profondo Blu,Fabrizio Paterlini
19331,Viandanze,Fabrizio Paterlini
19332,"Lontana, dolcemente sospesa",Fabrizio Paterlini
19333,Veloma,Fabrizio Paterlini
19348,If These Jaws Could Talk,Kraus
19349,Prance of the Ravening Eagle,Kraus
19350,I Mould U Jelly O,Kraus
19351,Strangers in the Night,Kraus
19352,Somebody to Crush,Kraus
19353,Washing Dishes (Electrolux Version),Kraus
19354,Autocrat,Kraus
19355,"Giulia, Where Are You Now?",Kraus
19383,Anyway,Chris Brokaw
19390,I Can't Stop Being Foolish,The Mint Chicks
19391,Crazy?  Yes!  Dumb?  No!,The Mint Chicks
19392,Hot on Your Heels,The Mint Chicks
19393,What a Way,The Mint Chicks
19401,Anti-tiger,The Mint Chicks
19403,Mohammed Ya Ya,Holy Cobras
19412,Kyoto Melody,Orquestra Popular De Paio Pires
19413,Cinnamon Walls,Orquestra Popular De Paio Pires
19415,Warm Hands,Orquestra Popular De Paio Pires
19416,Cut Grass,Orquestra Popular De Paio Pires
19417,City Turtles,Orquestra Popular De Paio Pires
19418,PAIO PIRES-CACILHAS (Directo),Orquestra Popular De Paio Pires
19419,Dawn,Orquestra Popular De Paio Pires
19420,"Take Me Out Tonight, I Want To See The Stars",Orquestra Popular De Paio Pires
19421,Tragedy,Orquestra Popular De Paio Pires
19422,Nothing Happens,Orquestra Popular De Paio Pires
19423,Flamingo,Orquestra Popular De Paio Pires
19425,Seventeen,Auto-Pilot
19427,The Cycle (Featuring Mista Mista),CM aka Creative
19438,Stumble,Just Plain Ant
19439,God Damn,Sleaze
19441,Resolutions (Chris Summer Remix),Entertainment for the Braindead
19442,Tongue Tied,Paper Navy
19457,Jump In,MNDR
19458,C.L.U.B.,MNDR
19459,Medley 1,Djarara
19461,Cryptograms,Deerhunter
19462,Never Stops,Deerhunter
19464,Hazel St,Deerhunter
19465,Nothing Ever Happens,Deerhunter
19466,Microcastle,Deerhunter
19470,Agoraphobia,Deerhunter
19481,I,Ilia Belorukov
19482,II,Ilia Belorukov
19484,IV,Ilia Belorukov
19485,V,Ilia Belorukov
19486,VI,Ilia Belorukov
19487,VII,Ilia Belorukov
19488,VIII,Ilia Belorukov
19489,IX (for Philip Croaton),Ilia Belorukov
19492,4.12.10,Lebensjunge
19493,4.49.53,Lebensjunge
19494,7.16.35,Lebensjunge
19530,At dawn (the lilac sun),Light Under Water
19532,The cinnamon caesar (live),Light Under Water
19550,Satanic Speakers / Dementia,Static Static
19582,Billy,Ada Jones
19583,Berbeuse From Jocelyn,Bernardo Di Pace and Nino Di Pace
19584,Budweiser's A Friend of Mine,Billy Murray
19585,Mickey The Pum Pum Man,Billy Van
19586,The Boy And The Cheese,Burt Shepard
19587,Uncle Josh Buys A Victrola,Cal Stewart
19588,What Do You Mean You Lost Your Dog,Ed Morton
19589,Home Again Blues,Gene Rodimichs Orchestra
19591,Honeymoon March,Mose Tapiero
19592,Four Little Blackberries,Thomas Mills
19593,The Three Trees,Tom McNaughton
19601,Bo - La - Bo,Paul Biese and his Novelty Orchestra
19602,Underneath the Cotton Moon,Billy Murray And Chorus
19603,Sailors Hornpipe Medley,Charles Dalmaine
19604,Ah There,Columbia Orchestra
19605,Azalea Waltz,Dr Clarence Penny
19606,I Dont Want Nobody Blues,Edith Wilson And Johnny Dunns Original Jazz Hounds
19607,That Jazz Dance,Handys Orchestra
19608,Jazz Baby,Marion Harris
19609,Clarinet Marmalade Blues,Original Dixieland Jazz Band
19621,Little Grey Home In The West,Alma Gluck
19622,Susan Kiss Me Good And Hard,Arthur Collins and Byron G. Harlan
19623,Two Little Wooden Shoes Fox Trot,Club Royal Orchestra
19626,Bird Calls with Story Part 1,Edward Avis and Howard R Garis
19627,Bird Calls with Story Part 2,Edward Avis and Howard R Garis
19628,Fol - The - Rol - Lol,Edward M Favor
19629,You Can't Get Lovin' Where There Ain't Any Love,Louisiana Five
19630,Poupee Valsante (Waltzing Doll),Maude Powell
19631,My Old Kentucky Home,Neapolitan Trio
19632,Whispering Fox Trot,Paul Whiteman And His Ambassador Orchestra
19633,Nearer My God  To Thee,Unknown Artist
19634,Faust - Trio From Prison Scene (Act V),Victor Opera Trio
19642,I Remember Nothing More,Cul De Sac
19644,Death Rides On Tuesday,Wizardry
19647,Keeper of Doom,Wizardry
19648,Wayfarer,Wizardry
19649,Drink From Thy Chalice,Wizardry
19657,Fiend,TV Ghost
19658,Recluse,TV Ghost
19663,Cold Fish,TV Ghost
19664,Degredation of Film,TV Ghost
19668,Semaphore,Kinski
19669,New India,Kinski
19670,There's Nothing Sexy About Time,Kinski
19671,How to Be Clear,Landing
19673,Banaketwe,Smokey Hormel
19674,Sous les Tropiques,Smokey Hormel
19682,Let's Stay In Love,The Years
19684,Jayne Field,Paik
19685,Phantoms,Paik
19689,Excited Lobo Crown,NOW
19707,Inside the Rain,Steffen Basho-Junghans
19708,Sky Dreamer's Gold,Steffen Basho-Junghans
19718,My Artificial Sun,Fresh Body Shop
19719,The Ugly Army,Fresh Body Shop
19720,The Hunt,Fresh Body Shop
19721,Never End Up Like This,Fresh Body Shop
19722,Mary,Fresh Body Shop
19724,One More Reason,Fresh Body Shop
19729,Hot Boxing The Cockpit,Shlohmo
19735,Annandale,Kowloon Walled City
19737,Clockwork,Kowloon Walled City
19738,Sleep Debt,Kowloon Walled City
19741,Bone Loss,Kowloon Walled City
19742,More Like the Shit Factory,Kowloon Walled City
19758,Row,Dirty Mittens
19759,Let It Go,Dirty Mittens
19760,Fish in the Sea,Dirty Mittens
19761,The Dock,Dirty Mittens
19775,R we gonna do something about it (refix),Volatil
19790,Mysterium,Liturgy
19791,Ecstatic Rite,Liturgy
19793,Arctica,Liturgy
19794,Renihilation,Liturgy
19816,Aire,ES [Eric Salazar]
19817,Little Movie,ES [Eric Salazar]
19818,This,ES [Eric Salazar]
19889,Tutu m.d.  muziq to mek u stagga,Dr Dub
19890,"A crazy, bulbous punchbag of sound (ft Andy Fairle)",Dr Dub
19891,Revolution: Dub of dispensation,Dr Dub
19975,Highway 101,Kate Power & Steve Einhorn
19976,El Belle/My Love,Kate Power & Steve Einhorn
19978,Pretty Little Girl,Kate Power & Steve Einhorn
19986,Wind,Flower-Corsano Duo
19989,Tin And String,Ashtray Navigations
20010,Love And Rockets,Alina Simone
20011,Louisiana,Alina Simone
20012,Lonesome,Alina Simone
20013,Velvet Painting,Alina Simone
20014,Black Water,Alina Simone
20050,Let's Go Down,Family Of The Year
20051,Lavender,50FOOTWAVE
20053,Neon Politik,The Franks
20054,Losing My Mind,Hope Anchor
20055,Swear To God,Emilyn Brodsky
20056,Some People [Touane Mix],Meanest Man Contest
20057,Furthest City Light,Learning Music
20058,Portland [Demo],RENMINBI
20059,Goodnight Hotel Internacional,Lushlife
20084,Johnny Nobles Hawaiians - Hawaiian Hula Melody,Johnny Nobles Hawaiians
20085,Ukulele Bailey - Ukulele Baby,Ukulele Bailey
20086,Young Men Lodgers,Alice Lloyd
20088,They Can't Find Kelly,Billy Merson
20089,How'd You Like To Spoon With Me?,Florie Ford
20090,"Ca Bages, Ca Beans, Car Rots",Florrie Ford
20091,We've Got A Jazz Band Here,Florrie Ford
20092,If They Bury Alexander's Band,Frank Curtis
20093,The Ragtime Curate,Frank Curtis
20094,Hello Susie Green,G.H. Elliot
20095,I'm Certainly Living A Ragtime Life,G.H. Elliott
20096,Don't Let 'Em Scrap The British Navy,Jay Laurier
20097,Poor Adam Was My Father,Miss Venie Temple
20098,Take Me Up With You Dearie,Robert Nash
20099,Mary Used To Love A Sailor,Rose Hayes
20100,Sam Stern - Nobody,Sam Stern
20101,"You Take Da Steamboat, I Take Da Train",Sam Stern
20126,Beautiful Eyes,Amy Butler
20127,I Just Came Back To Say Good Bye,Amy Butler
20128,Take Me Back To Dear Old Blighty,Florrie Ford
20129,Grandfathers Clock,George Formby
20130,Everybody Crazy On The Fox Trot,Harry Fay
20131,They All Do The Charlie Chaplin Walk,Henry Fay
20133,I'm Longing To Go Back,Jack Pleasants
20134,He Falls For The Ladies Every Time,Josie Sandler
20135,Some Boy,Kate Wiley
20136,Cohen At the Movies,Monroe Silver
20137,Cohen On the Radio,Monroe Silver
20138,Summer Blouses,Vesta Victoria
20139,That Mountain Melody,Zona Vevey
20142,Railroad Rag,Arthur Collins
20143,Cacliz March,Athenian Mandolin Quarter
20144,My Old Town,Columbia Quarter
20145,Kentucky Home,Crescent Trio
20146,I Love A Lassie,Harry Lauder
20147,Everybody Loves My Girl,Irving Kaufmann
20149,Hot Lips,Miss Patricola
20152,Nobody,Bert Williams
20153,Casey at the Bat,DeWolf Hopper
20154,Mr. Gallagher and Mr. Shean,Gallagher and Shean
20155,Roamin' in the Gloamin',Harry Lauder
20156,Drinking Scene,Weber and Fields
20157,I Love Her - She Loves Me,Atlantic City Orchestra
20158,Lucky Moon,Albert Henry
20159,Fluffy Ruffles,All Star Trio
20160,Traviata Sempre Libera,Amilita Galli-Curci
20161,Messe Solennelle - Crucifixus,Enrico Caruso
20162,Don't Never Trust a Traveling Man,Irene Franklin
20163,I Wish There Was a Wireless to Heaven,Irving Kaufman
20165,Tosca Vissi d'arte,Nellie Melba
20166,Pickaninny Blues,Princes Orchestra
20167,Silver Heels,Vess L. Ossman
20168,Wild Cherries Rag,Victor Orchestra
20181,"Romance From ""L'Eclair""",Kitty Berger
20197,The 'Mancipation Handicap,Arthur Collins and Byron G. Harlan
20198,Arrah Wanna,Billy Murray
20199,Ross' Double Shu,Black Face Eddie Ross
20200,Uncle Josh In A Chinese Laundry,Cal Stewart
20201,Swanee Smiles,Clyde Doerr and His Orchestra
20202,King of the Bungaloos,Gene Green
20203,Towser is Dead,Golden and Heins
20204,The Ragtime Drummer,James I. Lent
20205,Cohen at the Real Estate Office,Joe Hayman
20206,Wabash Blues,Mamie Smith and her Jazz Hounds
20207,When Ragtime Rufus Rags the Humoresque,M.J. OConnell
20208,That Moaning Saxophone Rag,Six Brown Brothers
20209,A Lucky Duck,The Columbia Orchestra
20226,Big Fish,eatliz
20227,Attractive,eatliz
20231,Whales Dance for Me,Amit Erez
20234,Ghetto Music,CM aka Creative
20264,Turkey Bones,Tonstartssbandht
20277,Slow Fuck,Iad
20280,Minimal,Iad
20296,Part 3,Sikhara
20341,I'll Be There,Lover!
20342,Man in the Woods,Lover!
20344,Let's Play a Game,Lover!
20345,All in My Head,Lover!
20347,Forced to the Ground,Lover!
20361,Penguin,Ergo Phizmiz
20362,Narwhal,Ergo Phizmiz
20364,Ice Cream Truck,Ergo Phizmiz
20365,Transformer,Ergo Phizmiz
20366,Toucan,Ergo Phizmiz
20368,Lonely Flea in Antartica,Ergo Phizmiz
20369,Love Scene,Ergo Phizmiz
20372,Sedna,Ergo Phizmiz
20373,Storm,Ergo Phizmiz
20374,Battle,Ergo Phizmiz
20375,Northern Lights,Ergo Phizmiz
20376,Walrus,Ergo Phizmiz
20395,Holiday In,Gwilly Edmondez
20424,Unemployment Dirge,Gwilly Edmondez
20428,In The Movie Of The Guy,Gwilly Edmondez
20432,Bubuia,Ceu
20443,Driving  Stupid,Animals & Men
20444,I,Animals & Men
20445,It's Hip,Animals & Men
20446,Sugartown,Animals & Men
20447,John Of The Sword,Animals & Men
20448,Dreaming of Babylon,Animals & Men
20449,Door Money,Sandro Marinoni & Stefano Roncarolo with Roberto Padovan
20450,Cold Flowers,Sandro Marinoni & Stefano Roncarolo with Roberto Padovan
20452,Stolen Moments,Sandro Marinoni & Stefano Roncarolo with Roberto Padovan
20457,Volonta di Potenza in Basilicata,ZONA MC
20458,It's all nature,ZONA MC
20461,Non mi e venuta una buona idea per il titolo,ZONA MC
20462,Suburban Jive,Sandro Marinoni & Stefano Roncarolo with Roberto Padovan
20463,The Lady And The Traveler,Sandro Marinoni & Stefano Roncarolo with Roberto Padovan
20464,Sad Song,Sandro Marinoni & Stefano Roncarolo with Roberto Padovan
20465,Benares,Sandro Marinoni & Stefano Roncarolo with Roberto Padovan
20466,Danzaggio,ZONA MC
20469,La nascita del tragicomico HipHop dallo spirito degli speaker,ZONA MC
20484,power of no,Mob Action
20485,doomsday,Mob Action
20486,car crash,Mob Action
20487,dracula,Mob Action
20489,yer lucky,Mob Action
20490,he's my kind of nightmare,Mob Action
20491,fear of a teenage gangster,Mob Action
20576,One,Sim Cain
20577,Three,Sim Cain
20662,Just to be serious for a moment,Vim
20663,random collection of consonants,Vim
20664,clockworko,Vim
20665,merton court mash up,Vim
20666,quality coats,Vim
20667,surprisingly upbeat about it,Vim
20668,ricky babes on the town,Vim
20669,could cut keys,Vim
20670,paroxetine,Vim
20671,audio,Vim
20672,a tune of sorts,Vim
20673,abyers73,Vim
20675,trivial machine,Vim
20676,signing on makes my fortnight,Vim
20677,ickmansworth,Vim
20678,1994 gold,Vim
20686,Eöööhh! (with The Discoghosts),Tracky Birthday
20692,Newish Disco,Tracky Birthday
20695,Free Dschimi,Tracky Birthday
20696,Balla!,Tracky Birthday
20704,Crack For Hippies,Appetite
20705,Pedal Pusher,Appetite
20707,Friendly,Appetite
20709,where it falls suz rip up the rug rmx,David Last
20729,Swanee,All-Star Trio
20730,The Ragtime Violin,American Quartet
20731,The Little Ford Rambled Right Along,Arthur Fields
20732,Take Me to The Land of Jazz,Bert Harvey
20733,Georgia Rose,Broadway Quartette
20734,When The Midnight Choo-Choo Leaves For Alabam,Collins and Harlan
20735,Ida! Sweet as Apple Cider,Earl Fullers Rector Novelty Orchestra
20736,Take It 'Cause It's All Yours,Edith Wilson and Johnny Dunn's Original Jazz Hounds
20737,Goo Goo Eyes Parody,Frank Wilson
20738,Longing For Home,"George Stehl, Marshall Lufsky and Paul Surth"
20740,Ain't Dat A Shame,Silas Leachman
20741,Evening Chimes,Venetian Trio
20742,Cupid's Garden,William Wrights
20743,Cross My Heart and Hope to Die,Ada Jones
20744,The Mouse and the Thomas Cat,Adeline Francis
20745,The Whistler and His Dog,Arthur Pryors Band
20746,The County Fair at Pun'kin Centre,Cal Stewart
20747,Polish Dance,Charles Kellogg
20748,The Joys of Spring,Guido Gialdini
20749,Pussy's in the Well,Manhattan Ladies Quartette
20750,The Railroad Section Gang,Peerless Quartet
20751,Rock Me in My Swanee Cradle,Shannon Four
20818,03 The Wedding Ring,Harrius
20920,leche caliente,San Cristóbal Orquesta
20926,bateria,San Cristóbal Orquesta
20961,Oh Death! (traditional),Animals & Men
20962,Dragon Fly,Animals & Men
20963,Easy Riding,Animals & Men
20964,I Never Worry (09),Animals & Men
20965,(I've been bitten by the) Bug,Animals & Men
20966,Just a Dot,Animals & Men
21006,Boss skinhead (Original Vocals by Reggaenerator),Retrigger
21007,Frankie on the drums,Retrigger
21011,Flying Platypus,Retrigger
21013,EZ Money,Retrigger
21058,Titanic Sofas,Sore & Steal
21080,I Wanna Get Married,De Cylinders
21081,Looking for Work,De Cylinders
21083,The Boring World of Niels Bohr,The J. Arthur Keenes Band
21084,Catfish Lagoon,The J. Arthur Keenes Band
21085,Dispatch,The J. Arthur Keenes Band
21086,Supplicant,The J. Arthur Keenes Band
21087,part1,Hall Of Fame
21129,How Ya Gonna Keep 'Em Down On the Farm (After They've Seen Paree)?,Byron Harlan
21130,Bake Dat Chicken Pie,Collins and Harlan
21131,When the Works All Done This Fall,E.V. Stoneman
21132,In My Tippy Canoe,Hackel-Berge Orchestra
21133,Avny Bey,"Hairy Bey ""Oody"""
21134,Amorosa,Orquestra Internationale
21135,"Orientalische Motive, 1 Teil",Oscar Zehngut
21136,When It's Springtime In Virginia,That Girl Quartet
21137,Ullweil Luftig,Tiroler Ganger Die Gludstinder
21138,Old Time Song Medley,Will Oakland
21158,Number Cruncher,Roglok
21159,Home Is Where The Trash Is,Roglok
21160,Rodolfo,Roglok
21161,Desert Of Time,Roglok
21162,:P,Roglok
21163,Topskore,Roglok
21164,Anti Vanishing Spray,Roglok
21165,Tarty Prash,Roglok
21166,Carry On Carillon,Roglok
21167,Bouncy Castle,Roglok
21168,Europe,Roglok
21169,Squarehead,Roglok
21184,Lulu's Lips,Grass Widow
21185,To Where,Grass Widow
21186,Tattoo,Grass Widow
21187,Uncertain Memory,Grass Widow
21188,Celebrate The Mundane,Grass Widow
21189,Landscape,Grass Widow
21190,Rattled Call,Grass Widow
21191,Give Me Shapes,Grass Widow
21192,Out Of Body Experience,Grass Widow
21193,Strangers,Grass Widow
21226,Brilliant Daze (days are confused mix),Pat Chilla The Beat Gorilla
21227,Desaprendere feat. Silvia O (KC's Silky Jazz Mix),KCentric
21228,Dig Deep Mix,Lasswell
21230,Magic In Your Eyes [Omni Vista's Rio Mix] (ft. Songboy3),Omni Vista
21231,"Not Like That-Collaboration Mix (ft. Mindmovie, Peter (Paddy) Bussmeier)",TheJoe
21232,Where I Stand,Alex077
21234,Youre My Everything (ft. Beckford),mykleanthony
21275,Summer Carnival '96,Hally
21276,GENOCIDE,Utabi/Hally
21279,'88 ACID REVIVAL,Mack
21282,Tekkno is HardCore,Mack
21302,Two Steps,Home Blitz
21345,Rythmeache,Iso Brown
21349,Izometric,Iso Brown
21351,Une furieuse envie,Iso Brown
21352,Plan marketing,Iso Brown
21353,Nada,Iso Brown
21363,Love,Bakers At Dawn
21400,Un Don D'ovules Porteur De Vie,Montag
21401,Did The Red Sea Part?,Ghost Bees
21402,"Oh, Chicken Feathers!",Liger
21403,Pony Rides,Candy Claws
21404,Island Grows,Airships
21405,Using Tacos To Catch A Thief,Polichinelle
21409,"Japanese Robot Likes Sushi, Fears President",Peter Fuhry
21410,A Day To Float The Bahnar Boat,These United States
21414,(From Up Here) She Looks Like An Angel Now,Binärpilot
21415,Cleveland Official Blasts Teen Thug,Blaerg
21416,Bianca Freire Fucks A Few Fresh Veggies,Oxygenfad
21418,Vermont Takes On Detroit,Duran Duran Duran
21419,Spice Girls Team Up,Poor Jiffy
21420,Drinking Songs That Put Yours To Shame,Dev/Null
21422,Cleaning San Fran Oil Spill With Hair Mats And Mushrooms,Mochipet
21423,Birds Dazed And Confused,Terminal 11
21424,Deforestation Of Brazil's Amazon Rises Sharply,Scrambled Mache
21426,Out Of Season,Wisp
21522,Shacked Up In Yr Egyptian Tomb,The Axemen
21527,Presto,Andrew Christopher Smith
21528,Rondo,Andrew Christopher Smith
21529,Pizz,Andrew Christopher Smith
21530,Geese,Andrew Christopher Smith
21532,Chorale,Andrew Christopher Smith
21533,Very Slow,Andrew Christopher Smith
21542,Variations,Andrew Christopher Smith
21555,"Future, and It Doesn't Work",Starscream
21556,Rise of Space,Starscream
21557,Space Party Anthem,Starscream
21558,Gravity in Terms of Space-Time,Starscream
21559,Kepler's Star Catalog,Starscream
21565,Funny People,Santosh
21569,Mongo Bongo,Santosh
21587,Polka Of Wrath,Santosh
21652,My Best Friend,Volumina
21657,Study For A Pop Band,Volumina
21672,Bad Love,Guidance Counselor
21676,Life is Glass,Guidance Counselor
21677,I Don't Wanna Speak,Guidance Counselor
21678,"First Day, Some Lake",KKFS
21679,Glob Story,kilowatts
21680,Blown Subs,Ruairi Lazers
21682,Acid Casualty,Bogsnarth
21683,The World Has Spoken And Blowing Things Up Is Good,Spark
21689,sEkrAt,Aligning Minds
21695,Got Something For Ya,Sunny D. Levine
21697,Peeing_Yelloq,Venetian Snares
21701,Smoking Blue Midi,The Flashbulb
21707,A Poem In Slow Motion,Alice Rose
21708,Swimming in September,Ilana Cameron and Kurt Goltz
21717,I Love Rock'n'Roll,everyone
21743,Seahorse Sing-Along,Doom Squad
21774,Dutch East Indies,Snawklor
21776,Confluences,Snawklor
21798,Yesterday's News,Delta Dreambox
21799,Winter in My Heart,Delta Dreambox
21800,Queen of Loneliness,Delta Dreambox
21839,Sunflowers Part 2,The Council Flats of Kingsbury
21842,Tam814,LJ Kruzer
21843,Tamxr,LJ Kruzer
21844,Tamx,LJ Kruzer
21845,Tam+,LJ Kruzer
21847,Tamb,LJ Kruzer
21848,Tamz,LJ Kruzer
21849,Tam8+ei4,LJ Kruzer
21855,2 Stroke Zoo,Titus 12
21856,Step Forward,Titus 12
21857,Thumb War,Titus 12
21858,FanfarI,Titus 12
21859,Alchemy Lab,Paint and Copter
21860,Everyone Wins,Paint and Copter
21861,Sub Naught,Paint and Copter
21885,The Glass Bead Game,Sephirot
21886,Same Old Beat,Sephirot
21887,FlyButter feat. Hieronymous,Sephirot
21888,Aurora,Sephirot
21889,Synthaesthesia,Sephirot
21890,Kleinzeit,Sephirot
21891,"Sunrise, Nightfall",Mikuś
21892,Sinai Dub,Mikuś
21893,Rain Down (feat. Kevin Robinson),Mikuś
21894,Belly of the Beast,Mikuś
21895,Most High Dub,Mikuś
21896,Neuro Science feat. Mouch,B1t Crunch3r vs Killeralien vs Phonetic System
21897,Mentalism feat. Dubbwune,B1t Crunch3r vs Killeralien vs Phonetic System
21898,White Hole Nocturne feat. Jay Cotton,B1t Crunch3r vs Killeralien vs Phonetic System
21899,Flux Capacitor feat. Section 8,B1t Crunch3r vs Killeralien vs Phonetic System
21912,Loungecore Cringe,Falco Subbuteo
21926,Water Thank You,Dorian Concept
21931,This Might Hurt,Dorian Concept
21932,When Things Go Wrong Two,Dorian Concept
21953,ahirskew,quarta330
21954,ASUTATA50,quarta330
21956,Llave materna,Universildo
21957,Jahva,Universildo
21958,Camina,Universildo
21959,Olga,Universildo
21960,Luz,Universildo
21962,You Sick Little Monkey,Psilodump
21963,Follow the Leaders,Psilodump
21964,Senki Otus,Psilodump
21965,Ninja Cookies,Psilodump
21991,I'm a Jazz Vampire,Marion Harris
21995,zero rhythm dollar boy,Katapulto
21996,gospellioza,Katapulto
21997,purity & danger,Katapulto
21998,karaoke megablast,Katapulto
21999,danse macabre,Katapulto
22000,kolorowe wody,Katapulto
22001,philcollins takes your hand,Katapulto
22021,Play Ground Remix,Syem
22022,ソラノウタ Remix,U-1 a.k.a DJ Sounguage
22023,Song of Sky.,Syem
22024,Yesterday Remix,U-1 a.k.a DJ Sounguage
22029,Bad Company,Syem
22031,Lovely One,Ty Segall
22032,Standing at the Station,Ty Segall
22033,Where We Go,Ty Segall
22038,Techno Mahal,Gassyoh
22039,Cowdub,Gassyoh
22040,Tiny Drummer,Gassyoh
22048,Cents,Ty Segall
22049,Oh Mary,Ty Segall
22050,Die Tonight,Ty Segall
22081,Ferdowsi,dustmotes
22084,Never Be Another Day,Pearl Taylor's Grandbaby
22088,House of the Rising Son,Tab & Anitek
22091,Wondering Why (Featuring Nate Mezmer and Janice Bailon),ETHX
22093,I'm Not Dreaming,Josh Woodward
22094,I Remember When,Gates
22095,Restless,Just Plain Ant
22096,Better Then Way Too Post-Rock,Nic Bommarito
22097,Over Me,The Gasoline Brothers
22100,ABB Theme,Atomic Butter Babes
22104,Corporate Death Nacho,Atomic Butter Babes
22110,Underwater Basketball,Atomic Butter Babes
22113,Cheeseburger In Paradise,Atomic Butter Babes
22116,No Pants Romance Decree,Atomic Butter Babes
22126,Fuck Monday,Mark Reinhardt
22127,Aura,Mark Reinhardt
22128,While Working Out,Mark Reinhardt
22129,Criss Cross pt 1,Jon Gibson
22130,Criss Cross pt 2,Jon Gibson
22131,"Rhythm Study for Voice, Hands, and Feet",Jon Gibson
22132,Song 4,Jon Gibson
22134,Maple,Cellar Dweller
22135,Fish Tank,Cellar Dweller
22136,Sunlight On The Smoking Shelter,Cellar Dweller
22137,Home Again/With Friends,Cellar Dweller
22138,Big Bad Bernie,Barker
22139,Big Bad Bernie (K.I.D.L.I.B Remix),K.I.D.L.I.B
22140,Big Bad Bernie (Andulus Bomb A Drop Remix),Andulus
22141,Big Bad Bernie (DeadBeat 4x4 Remix),DeadBeat
22142,Big Bad Bernie (M.I. Loki Remix),M.I. Loki
22143,Big Bad Bernie (Anagramm Remix),Anagramm
22144,Big Bad Bernie (Battered Sausage Remix),V3xation
22150,The Horror Approaches,Jeff McLeod
22151,Lapse,Jeff McLeod
22152,Brass Knuckles [Personal and the Pizzas cover],Ty Segall
22290,For Dr. Mark Sadgrove,Metal Rouge
22292,LA Softcore (Side 2),Un Ciego
22295,Sorry,Comfort Fit
22296,Je Suis Le Peuple Sans Visage Featuring Arnaud Michniak,DJ /rupture
22298,global warning,Jan Grünfeld
22299,enjoy the silence,Jan Grünfeld
22302,tv serie,Jan Grünfeld
22305,still,Jan Grünfeld
22306,end rico,Jan Grünfeld
22307,im traum,Jan Grünfeld
22315,Taqasim,DJ /rupture
22332,Jazz Club,Kriss
22333,"Blood, Guts, and Fire Trucks",Haggis Rising
22334,Cut the Mullet,Absent Me
22336,Fuck You,M-Halo
22339,I Smoke Weed,Matt Angus
22340,Suck a Cheetah's Dick,uncuT
22342,Arnold Schwarzenegger,BSO Industries
22344,Outburst,deadeyedstare
22346,Vampire Bat,Dark Humor
22347,Alanis Morissette,Delusions of Grandeur
22348,The Chicken Cow,Boys Suck
22349,Jesus Is the Answer,James Apollo
22351,"At the moment of commitment, the universe conspires to assist you",Herv
22354,Dexstacy,Herv
22355,A Hare's Rush,Herv
22356,Thy Totalities,Herv
22357,Remember Yourself,Herv
22358,Seequinn,Herv
22367,How Do You Sleep?,The Sights
22368,Hello to Everybody/Honey,The Sights
22369,Grindstone,The Sights
22370,Muse,The Sights
22371,Maria,The Sights
22372,Interiority,Herv
22373,"Sometimes Open, Sometimes Absent",Herv
22374,Keep Going,Herv
22375,LSDVUL,Herv
22376,What have I done,Herv
22377,Straz,Herv
22378,Animated,Herv
22379,Aus Bei Mit Nach Seit Von Zu (Herv Rebuild),Herv
22432,Jet Set Lets Go!,Henry Homesweet
22433,Red Skie At Night,Henry Homesweet
22434,Tragic But Magic,Henry Homesweet
22435,Laputa,Henry Homesweet
22436,Summer Smiles,Henry Homesweet
22437,Pocket Monster,Henry Homesweet
22438,Simple Pleasures,Henry Homesweet
22439,Sprite Heart Bleeds No More,Henry Homesweet
22440,Static Minimal,Henry Homesweet
22443,Until I Sleep,Henry Homesweet
22445,Dead Disco!,Henry Homesweet
22453,Via Arcade,Henry Homesweet
22454,Garble House,Henry Homesweet
22455,Lulla Bye,Henry Homesweet
22456,Micro Love,Henry Homesweet
22457,Okiirobo Navigation System,Henry Homesweet
22458,Satori,Henry Homesweet
22459,The Myrtles,Henry Homesweet
22472,Busby Berkeley,Ergo Phizmiz
22473,Food and War,Ergo Phizmiz
22474,John the Baby,Ergo Phizmiz
22475,On My Mind,Ergo Phizmiz
22476,Music For an Underground Circu,Ergo Phizmiz
22477,Monkeystage,Ergo Phizmiz
22478,Something Dirty,Ergo Phizmiz
22479,Mandrill,Ergo Phizmiz
22480,Celia,Ergo Phizmiz
22481,The Sandman,Ergo Phizmiz
22550,Radioactive,The Demands
22558,hope or dope,Exteenager
22559,not to be,Exteenager
22560,religious morning with birds,Exteenager
22561,steve hyperventilating,Exteenager
22562,Love Is Like Lightning,Benji Cossa
22584,farfalla nocturn,h.
22592,Underwater High Rise,DJ /rupture & Matt Shadetek
22596,Rock That Away,Farmer's Boulevard
22597,Identity,Farmer's Boulevard
22598,Burn The Flags,Farmer's Boulevard
22599,6th Sense,Farmer's Boulevard
22601,Don't Forget Africa,Farmer's Boulevard
22602,Trust In Me,Farmer's Boulevard
22603,Knock Me Down (Destination: Death),Farmer's Boulevard
22945,Kill Me,Lame Drivers
22982,The Bourguignon Prize,Brian Joseph Davis
22984,Bury My Heart at Tataouine,Brian Joseph Davis
22985,Five Minutes To Sexy Hair,Brian Joseph Davis
23010,Stereo-vision radio,Monopole
23013,Bust This Bust That,Professor Kliq
23014,These Days,Robin Grey
23015,Falling For You (Piano Version),Sean Fournier
23016,While She Sleeps (Morning Edit),The Lights Galaxia
23034,The Opening (Featuring Sedrick the MC),ETHX
23035,In Someone's Eyes,Just Plain Ant
23037,Chinese Drop,major Major
23038,Pressure,Christophe Marc
23039,First Comes Rug Burn Then Comes Fire,Pinkle
23041,Cold Age,Stromble Fix
23042,Plush (Featuring Jay Slim),Joey Ripps
23063,poor economic policies,adcBicycle
23070,Lunar Landing,BLOB
23071,Dog,BLOB
23072,Intergalactic Shoutout,BLOB
23073,Monster March,BLOB
23074,Hypnomania,BLOB
23075,Blues Lounge,BLOB
23077,Whiskers,BLOB
23078,Stone Cold,BLOB
23081,Broom,BLOB
23082,Bugs,BLOB
23141,The black hole,Lee Maddeford
23142,Under a dark garment,Lee Maddeford
23143,Geneviève,Lee Maddeford
23144,Dreams,Lee Maddeford
23145,Wink,Lee Maddeford
23146,Ciao,Lee Maddeford
23147,Con nostalgia ma non troppo,Lee Maddeford
23148,"Eat you, bite you",Lee Maddeford
23149,Gigue,Lee Maddeford
23150,BAM,Lee Maddeford
23151,Back To Bulgaria,Lee Maddeford
23152,Boum,Lee Maddeford
23155,Bouchon (with Les Gauchers Quintet),Lee Maddeford
23156,Biens souvent (with Les Gauchers Quintet),Lee Maddeford
23160,L'oiseau gris (with Les Gauchers Orchestra),Lee Maddeford
23161,Le petit jardin (with Les Gauchers Orchestra),Lee Maddeford
23172,Octopussy,Juanitos
23186,Tom's Lullaby (with Les Gauchers Orchestra),Lee Maddeford
23188,Irresistible Yvette (with Les Gauchers Quintet),Lee Maddeford
23190,Titanic Woompah,Sister Gwen Mckay
23191,1 - SÆIEGLÎ:N,Dora'li
23192,2 - DAEIKM,Dora'li
23256,"Side A, Track 1",NASA
23257,"Side A, Track 2",NASA
23329,Sexual Vulnurability,Tony Conrad
23339,Suicide Kings,The Octagon
23349,(live @ WFMU 1/5/2010 part 1),GDFX
23353,Eigenvalue Subspace Decomposition,Choc
23355,Length and Brecht /Synaecide Remix/,Halogen
23356,a new beginning ii,geir tjelta
23358,cruisin,pink
23359,fame,pink
23360,zero impression,d'aizl
23361,blondie,geir tjelta
23362,magical shower outrun,pink
23363,i love holy daze,geir tjelta
23364,countdown to nil,geir tjelta
23365,afternoon voyage iii,pink
23371,I Want To Destroy Something Beautiful,Josh Woodward
23372,Walkampfchampagne,Erdbeerschnitzel
23448,Loading,Tom Woxom
23449,Chipset,Tom Woxom
23450,This Is Amiga Speaking,Tom Woxom
23451,Paula And Sid,Tom Woxom
23452,Planet On,Tom Woxom
23453,Sofachips,Tom Woxom
23454,Electronic Mind,Tom Woxom
23455,Changemode,Tom Woxom
23456,Kickstart,Tom Woxom
23457,Amigabass,Tom Woxom
23458,Woxom,Tom Woxom
23459,Casio Dream,Tom Woxom
23460,Flybass (Tom Woxom's Kickstart Edit),Tom Woxom
23461,Chipset (Steve's Vocoder Dudez Version),Tom Woxom
23481,Living Animals (micromusic mix),Bacalao
23482,Soirée Libre,Bacalao
23483,Living Animals (edit),Bacalao
23489,Flat Four,Candlestickmaker
23492,To The Thunders!,Candlestickmaker
23493,Unicycles,Candlestickmaker
23497,Take Me Elsewhere,Candlestickmaker
23498,See,Candlestickmaker
23499,Memories Rewritten,Candlestickmaker
23500,A Life In A Day,Candlestickmaker
23501,(Re)Seeds [Twenty Knives Remix],Candlestickmaker
23503,Everything Is 3:16,Candlestickmaker
23504,Dance Or Die Trying,Pierlo
23505,Cliverpool,Pierlo
23506,Timmy Jerk,Pierlo
23507,Keep On Zion RMX,Pierlo
23508,Wrestling Zergling,Pierlo
23509,Technicolor Diffidence,Pierlo
23510,Dodgy Looks,Pierlo
23511,Klangschirm,Pierlo
23512,Daje De Zion,Pierlo
23513,Buona Nachtchen,Pierlo
23514,(Start),Vernon Lenoir
23515,When It Snows (feat. Tracky Birthday),Vernon Lenoir
23516,Umbrella Pete Strut,Vernon Lenoir
23518,Vodka Bitter Smartie Party (Ergo Phizmiz' version),Vernon Lenoir
23524,Midget Madness,Vernon Lenoir
23525,Putting Spells On Birds,Vernon Lenoir
23527,Devil Water Blues,Vernon Lenoir
23528,Mr. Pig & Mr. Chrome,Vernon Lenoir
23529,Peloponnes,Vernon Lenoir
23530,I Put A Spell On You,Vernon Lenoir
23532,Bataille Bloodclat,Vernon Lenoir
23535,Vodka Alone (Vernon's version),Vernon Lenoir
23537,Ghostbustersbusters,The Discoghosts
23538,Monsterdance (feat. Hasi International™),The Discoghosts
23539,Can Opener,The Discoghosts
23540,Happy Joy,The Discoghosts
23541,Jellyfish,The Discoghosts
23544,Straight But Gayish,The Discoghosts
23545,Mr. Shake It Up,The Discoghosts
23546,For The Ladies (feat. Hasi International™),The Discoghosts
23669,Hipster Grandma,Rot Shit
23678,Dead I,Rot Shit
23764,high and low,Walser
23765,your in the house,Walser
23766,walser_imitations,Walser
23786,Arc.yo,The Hunters
23787,Breathe,The Hunters
23788,Amadoi,The Hunters
23789,PASERRA,The Hunters
23790,Shine,The Hunters
23817,414,Mini Roc
23818,Oh Hoity - Toity Are We,Mini Roc
23820,Select A,Mini Roc
23821,Bitter Bleeps,Mini Roc
23822,It's A Long Way To The Top,Mini Roc
23824,Rage Against The Highscore,Mini Roc
23826,Rave On You Zappelphilipp,Mini Roc
23853,Cp-l,Goto80
23854,Datahell,Goto80
23855,Exy,Goto80
23856,Bullcactus,Goto80
23857,Soft Commando,Goto80
23859,Spill,Goto80
23860,Markus,Goto80
23861,Rofon,Goto80
23862,Datahell Beta,Goto80
23878,Igotintoscrabbleforthepussy,ignatzthemouse
23879,Annoying Gangplank,ignatzthemouse
23880,3. Unrealistic wasp,ignatzthemouse
23881,Speccy Nerdy f*cknuts,ignatzthemouse
23882,New music for fields,ignatzthemouse
23883,Musical moth,ignatzthemouse
23884,Point taken but I'm just going to keep saying 'cactuses' anyway,ignatzthemouse
23885,Eleccy tape,ignatzthemouse
23886,Small yellow taxi,ignatzthemouse
23888,Roland & The Lamprey,glomag
23889,Fan Service,glomag
23890,Bad Therapy,glomag
23892,Last Train To Transcentral,glomag
23893,The Ecstasy of Gold,glomag
24051,Activity,Chandeliers
24053,Candy Apple,Chandeliers
24059,Nissa La Bella (Live),Je deviens dj en 3 jours
24060,Backdoor Christian feat. Luke (Live),Je deviens dj en 3 jours
24062,Trashing Fakers /Faking Trashers (Live),Je deviens dj en 3 jours
24063,So Sue Me (Live),Je deviens dj en 3 jours
24064,Decoupage (Live),Je deviens dj en 3 jours
24065,Aerodynamic (Live),Je deviens dj en 3 jours
24066,Commerce Équitable Triangulaire (Live),Je deviens dj en 3 jours
24101,Pesadilla Americana,Adelit@s
24138,Heart Container,Chromix
24141,Your Love is Like a Hadouken to the Face,Chromix
24142,Cirque Berzerk,Chromix
24144,It's my Birthday Bitch,Chromix
24173,Maneuverer (Live),Bit Shifter
24174,Cock Block Disco (Live),Bit Shifter
24175,Reformat The Planet (Live),Bit Shifter
24176,Rough Weather (Live),Bit Shifter
24177,Easy Prey (Live),Bit Shifter
24178,Winning The War On Pseudoscience (Extended Version) (Live),Bit Shifter
24216,Bleached Beach,Noveller
24217,Redgrave,Noveller
24218,Under the Color Cave,Noveller
24331,A Voyage,Stefano Ferrian
24339,Broken Groove Box,Stefano Ferrian
24362,Outro,Cuban Cowboys
24363,Intro,Cuban Cowboys
24364,Liberace Afternoon,Cuban Cowboys
24365,Shipwrecked Sailors,Cuban Cowboys
24366,El Danzon de Noventa Millas,Cuban Cowboys
24367,The Devil's Dance,Cuban Cowboys
24368,El Capitan,Cuban Cowboys
24369,Nobody Told Me,Cuban Cowboys
24370,Sr. Balaban,Cuban Cowboys
24371,Mauricio,Cuban Cowboys
24418,"6,49",Black Ant
24420,1982,Black Ant
24421,Black Ant,Black Ant
24422,Boomerang,Black Ant
24423,D8M3,Black Ant
24424,fACEMELTERmp3,Black Ant
24425,Fater Lee,Black Ant
24426,government funded weed,Black Ant
24427,Michael Vendette,Black Ant
24428,Underdog,Black Ant
24429,Oh K.,Black Ant
24430,Self Explainitory,Black Ant
24431,5 Piece,Black Ant
24432,Christmas Eve 2009,Black Ant
24460,8 Days (Featuring Erin Nicole),ETHX
24512,Schreien,Joerg Piringer
24513,Aubers Vespers Farnaby Absalom Mix,Ergo Phizmiz
24514,R,Sebastien Lespinasse
24515,Ne Me,People Like Us
24516,Chutz,Ambrosia Rasputin
24517,Static Language Duets,Language Removal Services
24520,Country Garden,Sue Tompkins
24521,Flightless For Candy,Irene Moon & Sara O'Keefe
24523,NANI (What?),Tomomi Adachi
24524,T.O.U.C.H.I.N.G,C. Spencer Yeh
24544,Down South,Vess Osman
24545,Sweet Cider Time When You Were Mine,Dolly Connolly
24546,Blues,Esther Walker
24547,These Feet of Mine,George O'Connor
24548,The Ragtime Drummer,James Lent
24549,The Meanest Man in the World (Milady's Blues),Leona Williams
24550,My Little Lovin' Sugar Babe,Premier Quartet
24551,My Lady of the Telephone,Sam Ash and Mixed Quintette
24552,Laughing Rag,Sam Moore & Horace Davis
24553,Achin' Hearted Blues,Sara Martin
24554,I'll Be Good But I'll Be Lonesome,The Southern Negro Quartette
24555,Angel's Serenade,Valentine Abt
24640,Hullamzoret,failotron
24641,Eyes Lose Their Fire,failotron
24654,The Accursed Share,Angels in America
24655,Suck It If You Can (If You Really Want To),Angels in America
24698,Hora Lui Perisani,Ardei Iute (Moldavian string band)
24699,Hora Moldavaneasca,Ardei Iute (Moldavian string band)
24700,Hora De Mana,Ardei Iute (Moldavian string band)
24701,(banter),Ardei Iute (Moldavian string band)
24702,Klezmer Hora,Ardei Iute (Moldavian string band)
24712,Bison bison,Andrew Christopher Smith
24717,O Kurjam Kan O,Kadife
24720,Besena Rovena / Beqare Moj,Kadife
24739,Mileva Racenica,Druzina
24741,Davaj Me,Druzina
24742,Pajdusko,Druzina
24744,SV. Georgi,Druzina
24745,Hora Colaj,Gipsyork
24746,Tutti Frutti / Portocala,Gipsyork
24747,Mamuliga Branzali / Dimeneata se Numara Banii,Gipsyork
24748,Hora Nuca,Gipsyork
24749,Batuta,Gipsyork
24750,Memories,Granlab
24792,The Day Has Begun,Just Plain Ant
24793,Wanderlust,Just Plain Ant
24794,Peace Be Unto All Of Mankind,Just Plain Ant
24795,Restless,Just Plain Ant
24796,"Great Pretender, Pts. 1 & 2",Just Plain Ant
24797,One First Step,Just Plain Ant
24798,Fly Over Me,Just Plain Ant
24799,Epiphany,Just Plain Ant
24800,Your Portrait,Just Plain Ant
24801,"We Are, Now",Just Plain Ant
24802,Spin,Just Plain Ant
24803,Where We Started,Just Plain Ant
24805,Tomorrow,Just Plain Ant
24806,Rain,Just Plain Ant
24807,As I Tell You,Just Plain Ant
24809,Little Things In Life,Just Plain Ant
24811,Spin (Sleaze Remix),Just Plain Ant
24812,Restless (Just Plain Ant Remix),Just Plain Ant
24813,In Someone's Eyes,Just Plain Ant
24814,Wanderlust (Annu Remix),Just Plain Ant
24815,Fly Over Me (Rowan Dub),Just Plain Ant
24816,Every Little Thing,Just Plain Ant
24817,"Wasted Effort, Pts. 1 and 2",Just Plain Ant
24818,Wake Up & Try Again,Just Plain Ant
24820,I Mean You No Harm,Just Plain Ant
24831,Chopin: Prelude Op 28 No 9,Paul Cantrell
24832,Chopin: Prelude Op 28 No 4,Paul Cantrell
24842,Tango Toscana,Quartet San Francisco
24843,Mash The Tiny Pingpong Ball,Allergie gegen die langweilige
24844,Cut The Wire,Allergie gegen die langweilige
24855,Das Muss Liebe Sein,Elektronova
24876,Falling Asleep in Sadness,Ten and Tracer
24896,tokyo-shimokita,Sawako
24898,paris-children,Sawako
24899,paris-stationloop,Sawako
24901,barcelona-practice,Sawako
24902,swiss-dinnerbell,Sawako
24903,swiss-nakaniwa,Sawako
24904,netherlands-reharsal,Sawako
24908,cologne-sunday,Sawako
24909,UK-transit,Sawako
24912,lisbon-flute,Sawako
24913,berlin-midnight,Sawako
24914,berlin-window,Sawako
24915,italy-station,Sawako
24917,lisbon-ambience,Sawako
24919,Pista Afuera,Epstein
24920,Crowds Make Me Nervous,Ezekiel Honig
24921,Kumorizoranohajimarutokoro,Hosomi
24922,"November 25, 2007",Kenneth Kirschner
24923,Lisbon,Mark Templeton
24925,If You're Ther,Nicola Ratti
24926,07to08,Sawako
24927,Snowfall,Steinbruchel
24928,Summer Tour Bird Windows,Strategy
24929,098,Zimoun
24945,Sluice,Sawako
24946,Electronic Noises,Ergo Phizmiz
24949,Tea For Two,Ergo Phizmiz
24950,Snowy,Ergo Phizmiz
24952,Summer Time,Ergo Phizmiz
24957,Mad Hatter Research,Ergo Phizmiz
24960,Jew's Harp Mambo,Ergo Phizmiz
24963,Sexy Party,Ergo Phizmiz
24966,The Fly and the Spy,Ergo Phizmiz
24971,Nuts on Boxing,Ergo Phizmiz
24975,Hungarian Tango,Ergo Phizmiz
24977,Peanuts,Ergo Phizmiz
24979,Parisian Paraguayos,Ergo Phizmiz
24983,Singing in the Raindrops Keep,Ergo Phizmiz
24984,Comedian Harmonist Waltz,Ergo Phizmiz
24985,Scorpion Sabre Dance,Ergo Phizmiz
24986,001+track,Alexander Wendt
24987,Billy Gomberg remix,Billy Gomberg
24988,spring_thaw,The Green Kingdom
24989,constellation,Ieva
24990,color for me,Marihiko Hara
24991,Thomas Hildebrand SummerTour Remix,Thomas Hildebrand
24992,Tim Prebble remix,Tim Prebble
24993,Mizuame (Sawako Sun),Tomasz Bednarczyk
24994,Beached Wales,Ergo Phizmiz
24995,Chubby's Mambo Wobble,Ergo Phizmiz
24999,Erotic Fondue Music,Ergo Phizmiz
25000,Tannoy Playtime,Ergo Phizmiz
25004,Let Spring Decide,Chromix
25005,New Caution,Chromix
25007,Passive Resistance,Chromix
25008,Spacer.gif,Chromix
25009,To The Floor,Chromix
25010,Doctor Gregory,Chromix
25011,Hello Boys and Girls,Chromix
25012,Master Auto Panda,Chromix
25013,"New York, NY",Chromix
25014,Ritalin,Chromix
25015,Running Toward Rectangles,Chromix
25016,Send in the Clowns,Chromix
25028,La Circiuma de la Drum-Bessarabian Rom Hora,Romashka
25029,Loli Phobay,Romashka
25030,Shimdiggy / Batuta,Romashka
25031,Tuchi v Golubom,Romashka
25032,Cocek Kadrievi,Romashka
25033,Hochu Lyubit,Romashka
25055,Judgement Day,Ghosts and Strings
25063,between cloud and land,Ketsa
25066,Laugh Chile Puree,the menu
25067,Workin Boy Blues,Bombay Laughing Club
25104,Black Cat Veins,Bombay Laughing Club
25111,You Want It All,Bombay Laughing Club
25123,Brother,Bombay Laughing Club
25124,Bridge Jumping,Bombay Laughing Club
25140,My Own Iona,Rene Dietrich and Horace Wright
25142,"When You Drop Me Off at Cairo, Illinois",Billy Murray
25143,The Ghost of the Saxophone,Collins and Harlan
25144,Castle House Rag,Edison Promenade Band
25145,Marionette,Felix Arndt
25147,The Whistling Bowery Boy,Frank Kernell
25148,Dublin Daisies,'Gene Green
25149,Luxembourg Waltz,Guido Gialdini
25150,Lanette,H. Benne Hendon
25151,Anina,Mabel McKinley
25152,Wedding of the Winds,P. Frosini
25153,Auld Lang Syne,Princes Band
25154,The Mocking Bird,Frank Haffort
25168,Whoa Dar Mule,Silas Leachman
25170,Stay Down Here Where You Belong,Arthur Fields
25172,I'll Do it All Over Again,Billy Murray
25177,You Couldn't Hardly Notice It At All,S. H. Dudley
25178,A Negro Hymn and Sermon,Silas Leachman
25179,I Must Have Been Dreamin',Silas Leachman
25215,Ruchenitsa,Zlatne Uste Balkan Brass Band
25216,Kolo Iz Sumadije,Zlatne Uste Balkan Brass Band
25227,"Tjønnblomen, waltz",Loretta Kelley
25232,"Sjåheimen, Valdresspringar",Loretta Kelley
25233,"Urheimen, vossarull",Loretta Kelley
25234,"Ruske-Sara, telespringar",Loretta Kelley
25235,"Jon Vestafe, telespringar",Loretta Kelley
25236,Cyclone,Shroud Eater
25237,We Are Beasts,Shroud Eater
25238,Vesuvius,Shroud Eater
25324,Low Budget Cable Sketch Comedy Show Instrumental Theme Song,We're Late For Class
25363,Brand Nu Snowjoggers,Zinger
25364,Aurora Dawn,Seablue
25365,doesn't matter what,bzl
25367,Backtrackin',Vhiiula
25368,Where Do I Start,Zabutom
25370,Magisk Kollaps,Zinger & Bacter
25371,Dishsoap Boubles,Nim
25372,So I Did A Happy Tune,Valzi & Zinger
25373,Gun Parade,Zinger & Nagz
25374,Filtered Skies,Little Elk
25375,10X dear cumbergini,Ciccilleju
25376,Sparrow Dance,Zinger
25377,Aaaaa,Lithis
25378,"love, ignorant",valzi
25379,Copper Termites,Blot
25380,rhino sting,Zinger
25381,asbestos,valzi
25382,Strawberry,TechnoiZ
25383,Eowin,Ciccilleju
25384,In,Dafear
25385,Matusalemm,Ciccilleju
25387,Vintage_Soda,Blot
25388,VKM does morales...?,VKM
25390,Made 2 Fade,Ciccilleju
25391,Dr. Frolek's Files,Nagz & Zinger
25601,7th Sea Dub in Twilight,Ras Amerlock meets Professor Balthazar
25603,Tribute to Volfoniq (Auverne Mix),Ras Amerlock
25605,Tribute to Disrupt (Nah Fuk Round Riddim),Ras Amerlock
25606,Tread Wise (Version),Ras Amerlock
25608,Ambassadors,Ras Amerlock meets Mc Zulu
25609,Leipzig Im Winter,Ras Amerlock
25668,Love not money (feat. Solo Banton & Sam),Volfoniq
25669,Love not monnaie (feat. Tribuman),Volfoniq
25670,Mystic riddim,Volfoniq
25735,Bright Idea,Burro Music
25795,Abre caminhos,Buguinha Dub
25796,Liberate,Buguinha Dub
25797,Adubando,Buguinha Dub
25802,Satisfacao,Buguinha Dub
25804,Celebrando a vida,Buguinha Dub
25855,Track01,-1348-
25902,Black Sheep,The Doughboys
25903,I'm Not Your Man,The Doughboys
25922,Michael Tilson Thomas: Grace,"Jennifer Check, soprano; Laura Ward, piano"
25928,Claude Debussy: Chansons de Bilitis,"Sasha Cooke, mezzo-soprano; Pei-Yao Wang, piano"
25996,Paint Job,Appetite
26007,Can I Help U?,Comfort Fit
26008,Planetary Picknick,Comfort Fit
26010,Freeze The Cut,Comfort Fit
26011,Take a Look,Comfort Fit
26012,True Form,Comfort Fit
26013,Thursday is Thursdy,Comfort Fit
26014,Whenever You Wanna Call Me,Comfort Fit
26015,As Pure as Possible,Comfort Fit
26016,She Knows Me Now (re-edit),Comfort Fit
26017,Remember Something I Forgot,Comfort Fit
26018,Don’t Show This Message Again,Comfort Fit
26019,Kurz Vor Danach Ganz ‘05,Comfort Fit
26020,Emotional Draft,Comfort Fit
26021,Hairy Crushed Nuts,Comfort Fit
26022,The Hunt,Comfort Fit
26023,Something To Do,Comfort Fit
26024,"Go On, Take It Further",Comfort Fit
26025,Swabian Sound System,Comfort Fit
26026,Miles of Smiles,Comfort Fit
26034,Dro Please,Cvees
26035,For You,Cvees
26036,Spread Love to Ya,Cvees
26062,ishar,epsilon not
26064,vacuum,epsilon not
26065,rolf,epsilon not
26068,Left For Deadish,junior85
26169,MJ's Grave,Monk Turner
26171,Freeway Parking Lot,Monk Turner
26174,A Place to Call Home,Monk Turner
26176,New Downtown,Monk Turner
26177,A Dive Bar off Main Street,Monk Turner
26178,The Club,Monk Turner
26179,Trapped in my Head,Monk Turner
26181,Ah Celebrate,Binärpilot
26182,Tjaere Igjen,Binärpilot
26183,Pharmacokinetik,Binärpilot
26184,Otosclerosis,Binärpilot
26186,Iritis,Binärpilot
26187,Tjaerlighet,Binärpilot
26244,Policeman,The Yummy Fur
26297,Kill The Messenger,Karl Blau
26298,"Slow Down, Joe",Karl Blau
26301,The Dance Of The Sugar Plumb Fairy,Karl Blau
26302,Ode To Demons,Karl Blau
26307,96,Karl Blau
26310,Mockingbird Diet,Karl Blau
26322,Gnos Levohs,Karl Blau
26324,Screaming and Streaming into the Starlit Nite (Radio Edit),Sendelica
26325,Screaming and Streaming into the Starlit Nite (Remix),Sendelica
26327,Remembering UAETCOC (Original Demo),Sendelica
26409,aphex twin peaks,GB pka Gâteaux Blasters
26429,green places,epsilon not
26430,waiting,epsilon not
26431,"click, bang",epsilon not
26432,respirator,epsilon not
26433,arizona,epsilon not
26434,"ugly, too weird",epsilon not
26435,breakfast,epsilon not
26437,big stars [bonus track],epsilon not
26440,cosmonaut,epsilon not
26464,Falling Off the Map,Spectre Folk
26465,Toot! Toot!,Spectre Folk
26466,Burning Bridge,Spectre Folk
26469,Méditation from Thaïs,"Nicola Benedetti, violin; Julien Quentin, piano"
26476,orange reddish jellyfish stinger,Overthruster
26477,breathing underwater,Overthruster
26478,contagion something something,Overthruster
26479,count krishnakh anal butter,Overthruster
26480,hoover mash up this up your cunt,Overthruster
26482,dental floos with coarse slut cunt hair,Overthruster
26483,still slick attached shit sperm,Overthruster
26484,Float,Vespero
26485,Sever,Vespero
26486,Rito,Vespero
26487,Lino,Vespero
26490,Salma Simiere,Vespero
26529,Alto Saxophone,Roman Stolyar & Ilia Belorukov
26530,Piano,Roman Stolyar & Ilia Belorukov
26531,Baritone Saxophone,Roman Stolyar & Ilia Belorukov
26532,Piano & Melodica,Roman Stolyar & Ilia Belorukov
26542,Gloomy Monday Morning,The Black Hollies
26546,Can't Stop These Tears,The Black Hollies
26583,"""Jane Icin (For Jane - In Turkish)"" by Charles Bukowski",Lezet
26585,"""Cigarren"" by Kurt Schwitters",Lezet
26586,"""Dos cuerpos"" de Octavio Paz",Lezet
26591,"""Aja Sofija"" by Ljubomir Micic",Lezet
26593,"""Elegy"" by Alan Dugan",Lezet
26595,"""John Coltrane"" by James A. Emanuel",Lezet
26600,"""(Me up at does)"" by E. E. Cummings",Lezet
26601,"""To Be Or Not To Be""(extract)  by William Shakespeare",Lezet
26605,"""Ella Fitzgerald"" by James A. Emanuel",Lezet
26612,"""Soft Snow"" by William Blake",Lezet
26626,Good Morning Bunny,NOISE64
26627,Pi Sigma,NOISE64
26628,Alice In Patternland,NOISE64
26629,Heroic Hexa Epic,NOISE64
26630,Mote Dance,NOISE64
26631,I Luv U Bunny,NOISE64
26632,Greyscale Girls,NOISE64
26633,Instead Of Playing Madonna Bootlegs,NOISE64
26634,Sys,NOISE64
26635,Goodnight Bunny,NOISE64
26636,Táncolj (w/ ztr),NOISE64
26638,02,Flowerheads
26639,03,Flowerheads
26640,04,Flowerheads
26641,05,Flowerheads
26642,06,Flowerheads
26643,07,Flowerheads
26651,Deep Sky Blue,Graphiqs Groove
26652,Bleuacide,Graphiqs Groove
26653,Yellow Ocher,Graphiqs Groove
26654,Midnight Blue JzDnB,Graphiqs Groove
26655,Frosty Blue,Graphiqs Groove
26656,Sea Green,Graphiqs Groove
26657,Reed Gray,Graphiqs Groove
26658,Burn Tumber JzDnB,Graphiqs Groove
26659,Cyanos,Graphiqs Groove
26669,Hermeneutic,Erick Diego
26670,Días que no volveran,Erick Diego
26673,Waltz,Disen Gage
26674,Solaris,Disen Gage
26675,Komar,Disen Gage
26676,Augenapfel,Disen Gage
26677,Kategerin,Disen Gage
26678,Arabia,Disen Gage
26679,Chinagroove #17,Disen Gage
26680,Witchtanz,Disen Gage
26681,Latino,Disen Gage
26682,Jewboilove,Disen Gage
26693,Auto Hackney,Sam Price
26697,We Was Them,Panoptique Electrical
26729,Extant,DUSTdevils
26730,Nose,DUSTdevils
26740,tilda2,Cherly KaCherly
26744,space invaders,Cherly KaCherly
26754,Alarm Clock,Tiny Creatures
26764,Everybody Hurts,Tiny Creatures
26765,Everybody Is Happy,Tiny Creatures
26804,Das,His Electro Blue Voice
26805,Fog,His Electro Blue Voice
26851,silver cactus,"I, Cactus"
26853,chartreuse cactus,"I, Cactus"
26854,green cactus,"I, Cactus"
26855,bamboo cactus,"I, Cactus"
26859,ruby cactus,"I, Cactus"
26861,yellow cactus,"I, Cactus"
26868,Peach Bitch,Kupa
26869,Lakitu,Kupa
26870,Kupa & Mekha - Hongo_Rojo,Kupa
26871,Chango Island,Kupa
26902,The Hit,Goto80
26904,Boys Say Only You feat. Yazoo,Goto80
26905,Viking Conquistador feat. Acid Terrorist,Goto80
26906,Invader Tune,Goto80
26907,Plastic Metal (Goto C64 Mash),Signal Electrique
26921,humble,Tep
26927,zicle,Tep
26930,no mémé,Tep
26932,piporko,Tep
27107,Argentinian Cows,Koen Park
27141,fumble-trouble,Tep
27148,patatadata,Tep
27150,fat waltz,Tep
27155,Drug Buddies,Dino Felipe
27164,thisis a humalong (feat. featherbeard),Rhoda
27175,Boss Worm,Pixelord
27176,Cartoon Friend,Pixelord
27177,Quartz Boy,Pixelord
27178,Cybernator,Pixelord
27179,Cybernator (Chocolate Girl Cybergirl Remix),Pixelord
27180,Quartz Boy (Coco Bryce Dirt Rider Remix),Pixelord
27181,Boss Worm (Calm as Worm DZA Rework),Pixelord
27182,Cybernator (PXLRD Remix),Pixelord
27183,Cybernator (Abby Lee Tee Cyberwars Rebot),Pixelord
27184,Cartoon Friend (Demokracy Remix),Pixelord
27185,Boss Worm (Jameszoo Roparrot Recompose),Pixelord
27186,Quartz Boy (Coco Bryce Hangover Remix),Pixelord
27187,Cartoon Friend (AshTreJinkins Global Oreo Remix),Pixelord
27188,Boss Worm (OL Zima Remix),Pixelord
27189,Cartoon Friend (Miracle Libido Foggy Mix),Pixelord
27194,Barcelona Afrobeat 07,Barcelona Afrobeat International Orchestra
27195,Barcelona Afrobeat 01,Barcelona Afrobeat International Orchestra
27197,Barcelona Afrobeat 03,Barcelona Afrobeat International Orchestra
27198,Barcelona Afrobeat 04,Barcelona Afrobeat International Orchestra
27213,Shark Fist,Toss
27216,Do You Like Kung-Fu,Toss
27222,Whisky & Coke,Sakee Sed
27224,Happy Thomas,Sakee Sed
27225,Waltzer,Sakee Sed
27227,I'm Drunk,Sakee Sed
27235,Benson & Eggs,Sakee Sed
27258,The Divine Invasion,P.G. Six
27303,Street Bitch,Addiquit
27305,Faces,Addiquit
27340,I'm Just a Fine Young Man & I'm Doing So Well,Charles Albright
27341,Tonight,The Decay
27349,Oh! Oh! Oh!,Cigarettes
27350,Gimme Cigarette,Cigarettes
27379,"Canonjack [remix, original track by Jazz l'Eventreur]",Bacalao
27389,"Turned to loud [remix, original track by Super700]",Bacalao
27404,Bellydance at Ebisu,Ryo Miyashita
27405,Subway Line,Ryo Miyashita
27406,Cafe de Brasil,Ryo Miyashita
27407,Surf,Ryo Miyashita
27408,"Triple Trouble [remix, original track by the Beastie Boys]",Bacalao
27409,Test,Intelligence
27420,Venice Sun,Hue Blanc's Joyless Ones
27426,The New Slap & Tickle,Hue Blanc's Joyless Ones
27430,The Ballad of Solaf Sar,Hue Blanc's Joyless Ones
27431,01 Bay Si May,Makers Of The Dead Travel Fast
27435,08 Toad,Makers Of The Dead Travel Fast
27438,Tim Horton's As A Gateway Drug To The Canadian Army,1-Speed Bike
27439,We Trade You Sting For A Toyota Pick-Up Filled With Weed,1-Speed Bike
27440,Taliban Horton Overnight Price Doubling,1-Speed Bike
27441,Oakland Pulic Library Cambodian Tape Archive Remix For The Afghani People,1-Speed Bike
27442,Taking Care Of Business Like The DOA Video,1-Speed Bike
27443,Take The Red Out Of The Canadian Flag And You Get Surrender (We Are Wolves Remix),1-Speed Bike
27444,"It's Your Duty As A Canadian To Go To Tim Horton's 5 Times A Day (feat Gordon Krieger, Alexis Farand, Bruce Cawdron and Malcolm Bauld)",1-Speed Bike
27445,Taliban! Our Hot Women Soldiers Will Turn Your Women Gay!,1-Speed Bike
27446,Wiggle Wiggle Wiggle (Found Magazine tape from Ypsilanti Parking Lot Remix),1-Speed Bike
27447,Steve Earle Number One Taliban Commander,1-Speed Bike
27448,Grrrls Look Good In Canada And Afghanistan (feat Mr Badman),1-Speed Bike
27449,Kandahar Porn Merchant Moustache Twitch,1-Speed Bike
27450,He Died With Walnut Crunch Crumbs On His Moustache,1-Speed Bike
27451,I Sure Know A Lot About Afghanistan So Let's Invade It (Or Make A Record About It),1-Speed Bike
27452,Hotboxing The LAV May Protect You From The IEDs,1-Speed Bike
27453,I Wipe My Ass With Your Yellow Ribbon,1-Speed Bike
27454,Track 1,Sun Araw
27455,Track 2,Sun Araw
27456,Track 3,Sun Araw
27457,I'm still alive,Bacalao
27462,Tribal Love (edit),Bacalao
27463,Riddle of Steel,Bacalao
27464,Radical Non Fashion,Bacalao
27547,I'm a Sir,Frau
27548,Mesin Penenun Hujan,Frau
27549,Rat and Cat,Frau
27550,Sepasang Kekasih Yang Pertama Bercinta Di Luar Angkasa,Frau
27551,"Salahku, Sahabatku",Frau
27552,Glow,Frau
27565,Dr. Sleepgood 2,Pocketmaster
27566,Crunch,Pocketmaster
27567,Ninja Maggots,Pocketmaster
27568,Wrong Calibration,Pocketmaster
27569,Unsynthetisch,Pocketmaster
27570,It Crowd Remix,Pocketmaster
27571,Mob,Pocketmaster
27572,Play The Game,Pocketmaster
27573,Frag'Em,Pocketmaster
27574,Information Rmx,Pocketmaster
27575,Die Uhr Rmx,Pocketmaster
27576,Epilog (Stu Rmx),Pocketmaster
27591,Riv U 2 Bits,junior85
27604,Radio Friendly Fire (radio edit),The Grand Astoria
27605,Enjoy The View (radio edit),The Grand Astoria
27606,The Inner Galactic Experience Of Emily Dickinson And Sylvia Plath (radio edit),The Grand Astoria
27607,Visit Sri Lanka,The Grand Astoria
27608,Wikipedia Surfer (radio edit),The Grand Astoria
27609,Baile me por Tangos,El Niño del Parking
27610,Big Foot (Cuántos Años),El Niño del Parking
27611,La Juerga en Estado Puro,El Niño del Parking
27612,Que te Quiero Yo,El Niño del Parking
27613,Los Dolores de Juana,El Niño del Parking
27632,sunnday,junior85
27633,Meat Bap,junior85
27634,s6c6wr3m7x2,junior85
27667,Deep Performance,Gradient
27668,Sonate pour viole de gambe et clavecin,Bacalao
27669,Concerto no.1 pour clavecin,Bacalao
27670,Suite pour flûte et cordes,Bacalao
27671,Fugue en sol,Bacalao
27673,Marche pour la cérémonie turque,Bacalao
27674,Trumpet tune,Bacalao
27675,Offrande musicale,Bacalao
27752,It's-An Italian!,1st Dude
27754,Did She Whistle,1st Dude
27785,à notre avenir,Bacalao
27787,Dream Smotherer / False Jesii Pt 2,Pissed Jeans
27797,Come to Gwangju with Me (ft. Grizzly616),The Orchestral Movement of 1932
27798,Inspire Me Forever (Secret Anomaly Jonez Mix),spinningmerkaba
27799,Elevator,Ms.Vybe
27802,Like A Flock Of Birds In Flight,onlymeith
27803,"After the War (ft. Alex, MoShang, HEJ31)",SackJo22
27804,|Two Sides| Why? (ft. Colin Mutchler & Mykleanthony),Scomber
27805,Both Eyes Closed (ft. Panu Moon),State Shirt
27841,For the Rich,Dan Brasco
27842,For the Poor,Dan Brasco
27851,The Most Beautiful Dream (Pica Pica Jazz Beach),Fenderchet
27855,Sunset Spiral,Hall Of Fame
27856,Rival,Hall Of Fame
27866,Solo Guitar,Ivanovich
27945,(b) I Know How,Cooper-Moore
27946,(g) There's Trouble In Paradise,Cooper-Moore
27949,(f) Steal Away,Cooper-Moore
27950,(e) If Only piano and morse code,Cooper-Moore
27953,(a) The Forest,Cooper-Moore
27975,Ladrang WILUJENG,Gamelan Nyai Saraswati
27978,Gending MOON,Gamelan Nyai Saraswati
27981,"Ladrang ASMARADANA, Slendro Ma",Gamelan Nyai Saraswati
27987,Bubaran UDAN MAS,Gamelan Nyai Saraswati
28022,Dynamic Alloy,V.Majestic
28023,Mr. Motion,V.Majestic
28024,Her Five Sisters,V.Majestic
28032,Accidental Anachronisms,V.Majestic
28036,The One-Handed Persuader,V.Majestic
28065,Dancing on a Dime,Bare Wires
28066,Young Love,Bare Wires
28067,Peculiar Julia,Bare Wires
28068,Seeking Love,Bare Wires
28069,Artificial Clouds,Bare Wires
28070,Romantic Girl,Bare Wires
28071,Family Heat,Bare Wires
28072,Nice to Know You,Bare Wires
28085,Dewey Square,Hugo 'Droopy' Contini
28086,Beat Goes On,Hugo 'Droopy' Contini
28087,Sandu,Hugo 'Droopy' Contini
28088,Dexterity,Hugo 'Droopy' Contini
28089,Captain Hugo,Hugo 'Droopy' Contini
28097,"Alkan, 1ere Suite, Op 31, 1 Lentement",Felipe Sarro
28098,"Alkan, 1ere Suite, Op 31, 2 Assez lentement",Felipe Sarro
28099,"Alkan, 1ere Suite, Op 31, 3 Dans le genre ancien, Tres lentement",Felipe Sarro
28100,"Alkan, 1ere Suite, Op 31, 4 Priere du soir, Assez lentement",Felipe Sarro
28101,"Alkan, 1ere Suite, Op 31, 5 Psaume 150me, Avec enthousiasme",Felipe Sarro
28102,"Alkan, 1ere Suite, Op 31, 6 Ancienne melodie de la synagogue, Andante flebile",Felipe Sarro
28103,"Alkan, 1ere Suite, Op 31, 7 Librement mais sans secousses",Felipe Sarro
28104,"Alkan, 1ere Suite, Op 31, 8 La chanson de la folle au bord de la mer, Lentement",Felipe Sarro
28105,"Alkan, 1ere Suite, Op 31, 9 Placiditas, Tranquillement",Felipe Sarro
28108,"Alkan, 2me Suite, Op 31, 12 Le temps qui n'est plus, Andante",Felipe Sarro
28109,"Alkan, 2me Suite, Op 31, 13 J'etais endormie, mais mon coeur veillait, Lentement",Felipe Sarro
28110,"Alkan, 2me Suite, Op 31, 14 Rapidement",Felipe Sarro
28111,"Alkan, 2me Suite, Op 31, 15 Dans le genre gothique, Assez vite et avec beaucoup de grace",Felipe Sarro
28112,"Alkan, 2me Suite, Op 31, 16 Assez lentement",Felipe Sarro
28113,"Alkan, 2me Suite, Op 31, 17 Reve d' amour, Assez vite",Felipe Sarro
28114,"Alkan, 3me Suite, Op 31, 18 Sans trop de mouvement",Felipe Sarro
28116,"Alkan, 3me Suite, Op 31, 20 Moderement vite et bien caracterise",Felipe Sarro
28117,"Alkan, 3me Suite, Op 31, 21 Doucement",Felipe Sarro
28118,"Alkan, 3me Suite, Op 31, 22 Anniversaire, Assez lentement",Felipe Sarro
28119,"Alkan, 3me Suite, Op 31, 23 Assez vite",Felipe Sarro
28120,"Alkan, 3me Suite, Op 31, 24 Etude de velocite, Prestissimo",Felipe Sarro
28121,"Alkan, 3me Suite, Op 31, 25 Priere, Lentement",Felipe Sarro
28122,"Alkan, Alleluia Op. 25",Felipe Sarro
28124,nn2,Neil / Noah
28126,nomerem1,Neil / Noah
28170,BackFoot,I.D. & Baobinga
28171,White Girl,I.D. & Baobinga
28172,Red Dust,I.D. & Baobinga
28173,Man Down,I.D. & Baobinga
28174,Still Tippin,I.D. & Baobinga
28175,Inland,I.D. & Baobinga
28176,Hither & Thither,I.D. & Baobinga
28177,The King,I.D. & Baobinga
28178,Hush Up Riddim,I.D. & Baobinga
28179,Raise Riddim,I.D. & Baobinga
28199,More of What You Like,Kraus
28201,At The Schloss,Kraus
28241,Greek Yoghurt Advice,Copydex
28259,Chalk Circles,Big Troubles
28260,Leave You Forever,Cloud Nothings
28261,Oh Golden Dawn,Campfires
28262,Melting,Sore Eros
28264,Red Hot,Possum
28265,Snow Song (Live on WNYU),Coasting
28266,Working Song,Lame Drivers
28274,There Goes My Girl,Sultan
28276,A Troll's Soirée,CSC Funk Band
28278,Bad Banana Bread,CSC Funk Band
28279,Caneca,CSC Funk Band
28364,Rastamunkies,Bomis Prendin
28367,38 Angry Tigers,Bomis Prendin
28368,N.Y. Nightmare,Bomis Prendin
28375,Salutation,Bomis Prendin
28376,The Doppler Shift,Bomis Prendin
28377,Vacation A,Bomis Prendin
28426,Secret Speech,Heezen
28467,Bojo Loro,TerbujurKaku
28468,Meneketehe,TerbujurKaku
28469,Darah Muda,TerbujurKaku
28471,Karmila,TerbujurKaku
28472,Kubawa,TerbujurKaku
28473,Rindu Berat,TerbujurKaku
28474,SMS,TerbujurKaku
28475,Bang Toyib,TerbujurKaku
28476,Jablay,TerbujurKaku
28477,Feel It,The Pop Winds
28478,Drowning In The Dark,The Pop Winds
28479,The Turquoise,The Pop Winds
28480,Will Be A Dream,The Pop Winds
28481,Met Some New Colors,The Pop Winds
28482,Perennial,The Pop Winds
28483,Owl Eyes,The Pop Winds
28484,Fools,The Pop Winds
28485,Good Person,The Pop Winds
28499,Psychedelic Capsule,Radioactive Sparrow
28525,Dyname,Knut Aufermann
28526,Garment,Alva Noto
28527,Pink Bread,Alexei Borisov & Anton Nikkilä
28528,Frijd,Frank Bretschneider
28529,A View At The Edge Of An Ice Field,Lawrence English
28530,(Rough) Sketch For Autumn,Freiband
28534,Short Windy,Sawako
28535,Schetsje (Machinefabriek Remix),Wouter Van Veldhoven
28536,I'm With You,Zenial
28546,Our Slanted Voices (ft. Colin Mutchler),DoKashiteru
28548,summer,General Fuzz
28549,Forever blue (March Rosetta re-imagined version),Fabrizio Paterlini
28551,something,airtone
28553,Lullaby,_ghost
28571,Epic,Radioactive Sparrow
28577,Do Do Do Do,Radioactive Sparrow
28578,What Do You Spy In The Woods,Radioactive Sparrow
28594,The Dark Side Of Frigiliana,Breuss Arrizabalaga Quintet
28595,Tsurugi,Breuss Arrizabalaga Quintet
28596,Zubaida,Breuss Arrizabalaga Quintet
28597,Pensamiento,Breuss Arrizabalaga Quintet
28598,Mount Fuji,Breuss Arrizabalaga Quintet
28600,They Dwell On Other Planes,Breuss Arrizabalaga Quintet
28601,Nfamoudou-Boudougou,Breuss Arrizabalaga Quintet
28606,Tiempo Espacial,Breuss Arrizabalaga Quintet
28607,Ghosts,Breuss Arrizabalaga Quintet
28608,VOLCANO,Ergo Phizmiz
28609,VOLCANO-DUB,Ergo Phizmiz
28691,I Don't Like You,The Black Bug
28692,You A Grave,The Black Bug
28702,fucklife,Timeheater
28765,Japon 4,Mockinpott
28774,Nunca atacas con la ropa puesta,Bam Bam
28781,Astrobilly copy,Bam Bam
28783,Her Boobs,Los Implantes
28802,Eating Babies,Grave Babies
28898,Jazz is dead,Fonkdongo
28901,go pues ft M3ta1,Fonkdongo
28902,playing guitar (bonus track),Fonkdongo
28916,Call,His Electro Blue Voice
28917,Opening The Portal,Nuit Noire
28918,Faerie Punk,Nuit Noire
29037,raw instrumental pt.1,Digi G'Alessio
29039,malva (instrumental),Digi G'Alessio
29040,raw instrumental pt2,Digi G'Alessio
29041,switches (instrumetal),Digi G'Alessio
29042,darix togni,Digi G'Alessio
29043,perro,Digi G'Alessio
29044,ekiti son feat valeska - april deegee rmx,Digi G'Alessio
29045,I Want You,Buffalo Stance
29046,Maya,Buffalo Stance
29047,Friends Forget,Buffalo Stance
29128,gymnosperm,Jim Morisson mon cul
29180,mamido,Charlene Darling
29184,forcing spring,"nina K ,oso el roto"
29187,judy oh,Charlene Darling
29243,Blue Hardrock Spasm,Benjamin Bret
29244,Return Of the Gold Caravan,Benjamin Bret
29245,The Angel,Benjamin Bret
29253,Sweet Tokyo Soap,Benjamin Bret
29255,Lounge Light,Benjamin Bret
29261,Bo0ze Infused Wisdom,Tab & Anitek
29262,Little,Illus
29263,Lost In A Lonely Road,Mo'town Junkie
29265,A Place To Call Home,Monk Turner
29266,Is That Enough?,Sleaze
29267,Bridges,ZOE.LEELA
29271,Discount Store,Dan Bryk
29272,Cycle Fragment,Ergo Phizmiz
29324,jungle,Rock Monsieur
29334,Sugar plum fairy,Mangeclous
29350,"Misa en Quechua en Pisac, Perú - 7 7",2 cholitas
29351,tipac tipac,danzante de tijeras
29355,Yayno,InKa
29396,boba,AlexandreDavidGabriel
29397,j essaye la gomme,AlexandreDavidGabriel
29398,le train est parti,AlexandreDavidGabriel
29401,bobo,AlexandreDavidGabriel
29447,Oro Flash,Bam Bam
29448,Hi-Q,Bam Bam
29451,Sin las patas traseras,Bam Bam
29452,Si viviera en Paris,Bam Bam
29453,Astrobilly,Bam Bam
29465,Aunt Sqrot & Narcoleptus Git,Copydex
29466,Blurq Fezzh- Ubelievably Yellow Piss By Sartre,Copydex
29469,California,Falcao and Monashee
29470,Hollywood Cigarettes Off Road,Falcao and Monashee
29476,Money,Falcao and Monashee
29478,Valentine,Falcao and Monashee
29480,Fighting Challenge,Falcao and Monashee
29496,No Hero,Learning Music
29498,Early Morning Existential Crisis,Learning Music
29501,Beat You At Your Own Game,Saucy Jacks
29505,Can't Say Anything,Saucy Jacks
29506,Keep You So Happy,Saucy Jacks
29526,Blast Off!,8bit Betty
29527,Was that away message for me?,8bit Betty
29528,And I know that you're happy (ballad of the lonesome spaceboy),8bit Betty
29529,Nikoma's Theme (extended mix),8bit Betty
29530,Spooky Loop,8bit Betty
29532,Green Kangaroo,8bit Betty
29586,Audience Reactions,Mr. Busalot
29587,The Story Of Mr Busalot Trailer (Bonus Track),Mr. Busalot
29602,L'Automne En Amour,KenLo Craqnuques
29603,L'Hiver En Amour,KenLo Craqnuques
29606,Le Hochelag Swag,KenLo Craqnuques
29607,361 Degrés (ft. DJPhak),KenLo Craqnuques
29621,I Wanna Do It,Sonny & The Sunsets
29622,Lovin' on an Older Gal,Sonny & The Sunsets
29625,Bend,Binärpilot
29626,Destroy The Popollution,Binärpilot
29627,Markell Fiksen,Binärpilot
29628,Robot Wars,Binärpilot
29659,A Bird Came Flying,Anne van Schothorst
29662,Animal Hop,Listen With Sarah
29663,Drum N Berceuse,Listen With Sarah
29668,"Frogs Sing, Birds Dance",Listen With Sarah
29672,Dub-cha-pap,Listen With Sarah
29673,I.C.,Listen With Sarah
29680,Pangolin,Ergo Phizmiz
29684,Going on a Picnic,Ergo Phizmiz
29685,Rock Me with Your Love,Ergo Phizmiz
29689,The BBC Have Their Say,Ergo Phizmiz
29690,Valse for Lydia,Ergo Phizmiz
29692,The Sunday Bells,Ergo Phizmiz
29718,Controlled Relaxation,Codex Machine
29719,Man vs. Monkey,Codex Machine
29720,S.P.Y.,Codex Machine
29721,You Can Never Escape The Underground,Codex Machine
29738,Just Say Booger (Brody and the Booger Brigade),Brody
29739,Big Blue Day,Uncle Neptune
29740,The Jagables,Kazoo Funk Orchestra
29741,Il Circo Smorfioso,A Smile for Timbuctu
29742,Penguin and Sea Lion,El Zoologico
29744,All You Need Is Toys,Rufus Hofbagger
29745,Spunky Left Two Three,The Bran Flakes
29746,Dont Let Sheep Play The Piano (Lee and Sheep),Lee Rosevere
29747,Padi Badi Bap (Mister Jan and His Singing Little Spiders),Mister Jan
29750,The Little Monkey Song,Pastor McPurvis
29752,Row Row Row Your Boat (Mister Jan),Mister Jan
29807,Intro / Reggae 1 / Rising Son,The Dreams
29808,Tropique du Cancer,The Dreams
29809,Satan's Lied,The Dreams
29810,Palm Street,The Dreams
29811,Milk By Myself,The Dreams
29813,Reggae 2,The Dreams
29814,Boxing Around,The Dreams
29816,In The Fall,Future Islands
29817,Swept Inside,Future Islands
29818,Inch Of Dust,Future Islands
29819,Walking Through That Door,Future Islands
29820,Vireo's Eye,Future Islands
29837,00,Wukir
29838,Peace of Mind,White Hills
29839,Oceans of Sound,White Hills
29840,Three Quarters,White Hills
29841,Dead,White Hills
29855,Modern Intimacy,Big Troubles
29856,Phantom Vibrations,Big Troubles
29858,Freudian Slips,Big Troubles
29859,Drastic and Difficult,Big Troubles
29861,Bad People,Big Troubles
29881,Midnight Morning,Willoughby
29932,Gomorah Gold,Iron Man
29933,Curse the Ages,Iron Man
29934,Black Night,Iron Man
29936,Run From Light,Iron Man
29937,The Wraith,Iron Man
29939,Facebreaker,Deal The Villain
29940,Judas,Deal The Villain
29942,Sweet,Deal The Villain
29943,Ruff Draft,Deal The Villain
29944,Night Loot,Deal The Villain
29945,102,Deal The Villain
29947,Want You,Deal The Villain
29948,Land-O-Lakes,Deal The Villain
29950,2:34,Deal The Villain
29951,The Trunk,Deal The Villain
29953,Two Grudges,Deal The Villain
29954,Off,Deal The Villain
29955,Ah-Ha !,Deal The Villain
29956,Build A Beat,Deal The Villain
29957,Faith's Witness,Deal The Villain
29958,Wit Me,Deal The Villain
29959,Who Knows,Deal The Villain
29961,Villaintime Madness,Deal The Villain
29971,wild tape,Amy Sayer
30000,We will dance to Tokyo waltz,Bleeptor V. Telescope
30002,Suicide,Dani Shivers
30003,Imge economy to the future,Desolate
30004,Kill kill kill,Error.Error
30013,The structure,Unsexy Nerd Ponies
30033,The Skies Don't Lie! (But I Does),Cullah
30034,1024^8,Cullah
30035,A Mess These Days,Cullah
30036,Gloriful,Cullah
30037,Mance Daster,Cullah
30038,Microphone City,Cullah
30040,Reigning Fire,Cullah
30041,Rocket Into The Future,Cullah
30043,Soul Hip Hop,Cullah
30044,Sound Perception,Cullah
30045,Straight to Heaven,Cullah
30046,The Beat Influence,Cullah
30047,The Power of Flight,Cullah
30048,Snake Charmer,Cullah
30049,MC Cullah's in the House (Intro),Cullah
30050,Accordion,Cullah
30051,Behold How Good it is for Brothers to Dwell Together in Unity,Cullah
30052,BoB Marmalade,Cullah
30053,Chippy,Cullah
30054,Eclectric Smurf,Cullah
30055,Fire and Ice,Cullah
30056,Gypsy,Cullah
30057,How You Like Me Now?,Cullah
30058,JazzBass,Cullah
30059,MC Cullah's Guitar,Cullah
30060,Outlaw Hop,Cullah
30071,Marlene,X-Breed
30072,"Excerpt from ""Circus of Terror""",Frozen Horizons
30073,On the Can,Titfield Thunderbolt
30074,Sittin' on a Stool,Rodney Maynard & the Hundred Dollar Band
30075,Cocktails for Thieu,Little Lacy & His Trembling Lips
30076,The Old Endicott Building,The Vampire Cows
30077,Miss Two Knives,X-Breed
30083,Land of Laughs,The Woolen Men
30084,Dogs,The Woolen Men
30090,Tribal 23 Tribute,1 Riche Kannibal
30093,Snuff Movie,1 Riche Kannibal
30095,Millenium Samba,1 Riche Kannibal
30098,Mi cama en altamar,Snorkel Quintet
30118,test-1º FLESH,Juan Antonio Nieto
30120,test-3º SOME PIANOS AND A BICYCLE,Juan Antonio Nieto
30133,Every Little Thing,Valley Lodge
30135,Hey,Valley Lodge
30136,Break Your Heart,Valley Lodge
30137,If It Takes All Night,Valley Lodge
30153,Bollywood Women,The Above
30166,Cup Of Coffee and a Piece of Pie,The Ribeye Brothers
30168,Halloween,White Mystery
30173,Farmer,White Mystery
30196,Phase Of Prisms,Lee Rosevere
30198,Son Of Tegwar,Lee Rosevere
30199,Soho Joe,Lee Rosevere
30230,TIME/Leap,St. LaRok
30247,Archetype,St. LaRok
30248,Ground Liftin' Up,St. LaRok
30302,Well Struck Deals,E150
30303,Little Wolf,Uncle Lew
30304,More Problems,Smoked Meat Fax Machine
30305,Flux People,Alcove
30306,Space Itself,Radarsat-1
30307,Lazy Tuesdays,Jesse Morris
30309,Standing in the Vestibule,The Crayon Industry
30310,Silver and Gold,AJ
30315,Sorry,The VME
30316,Frozen Assets,Wm. Burke's Hideous Truth
30330,Retired,Network / R.M. Keller
30374,Superheroes,Brownstone Megaphone
30376,Making Bubbles,Brownstone Megaphone
30384,Mommy Is A Music Box,Brownstone Megaphone
30397,Action Pants,The Shamblers
30410,Winter Wonderland,The Shamblers
30486,gneiss,Amil Byleckie
30487,probably digging my own grave,Amil Byleckie
30488,that face you wear,Amil Byleckie
30498,Beard Of Boils,Bermuda Triangles
30500,Cannibal Island,Bermuda Triangles
30507,Boomerang,The Woolen Men
30508,Hammer,The Woolen Men
30518,Sodium Sonet,Trash80
30519,Icarus,Trash80
30520,Robot Sneakers,Trash80
30521,Missing You,Trash80
30522,At Teh Disko,Trash80
30633,Zapoved 69,Asian Women on the Telephone
30634,Verhniy etaj,Asian Women on the Telephone
30636,connecticut,"If, Bwana"
30667,Bactra,¡para!helion
30669,Lampaka,¡para!helion
30676,Ghazna,¡para!helion
30679,To the Phone Booth! (Corner of Bedlam and Squalor Mix by aboombong),Boom Dispenser
30681,Daymare (Two Turntables mix by Fez Dispenser),Boom Dispenser
30682,Daymare (Meth Lounge mix by Fez Dispenser),Boom Dispenser
30683,Drag Along Behind (Dab mix by Fez Dispenser),Boom Dispenser
30689,Sonorous Permutations,Akoustik Timbre Frekuency
30690,Magma,Ambient Fabric
30694,Equisetum Fucking Arvense,Astral Social Club
30698,After The Wake,Clutter
30702,Walk through Trees,Gurdonark
30717,"K, aged",Silverhead
30727,wellcome to the funeral,TB
30728,Long live Gameboy Krautrock,Cornbeast
30729,shiflijf,Gijs Gieskes
30730,Flogging A dead Chip,AUTOCIDE
30731,I tried to write some cutesy platformer kiddy nintendo shit,Jellica
30732,blitter bater,k9d feat won hot huntress
30733,The New New Real Real Folk Blues,Bud Melvin
30734,The Last Arp Fades At Dawn,Flashbob
30735,CHIPHOUSE,neotericz
30736,nothing is left (chip me hard),nestroyer
30737,these are bad,Overthruster
30738,chiptune is as dead as gabe's mom,environmental sound collapse
30739,Episode Of Little Consequence,butchre sleeve
30740,Part IV,Paul Metzger
30865,"Imagine of Power, Poolside",Electric Jellyfish
30893,The Istanbul Clan (La Partenza),Digi G'Alessio
30894,The Istanbul Clan (Wave Ya Mitrahs in da Air),Digi G'Alessio
30895,Camuffarsi e Mantenere la Calma (Al Pianobar),Digi G'Alessio
30897,Preparativi per L'Autobomba,Digi G'Alessio
30898,A Pranzo dal Nemico,Digi G'Alessio
30899,Intercettati,Digi G'Alessio
30900,Il Nascondiglio,Digi G'Alessio
30901,La Nuova Macchina del Boss,Digi G'Alessio
30902,L'Ultimo Giorno Allo Stadio,Digi G'Alessio
30903,The Istanbul Clan (L'Invasione Delle Spie Russe),Digi G'Alessio
30904,Appuntamento Al Club,Digi G'Alessio
30905,L'Attentato Fallisce,Digi G'Alessio
30927,G.I.R.L.F.R.E.N. (You Know I've Got A),Everybody Was In The French Resistance...Now!
30928,Creeque Allies,Everybody Was In The French Resistance...Now!
30929,Super Glue,Everybody Was In The French Resistance...Now!
30930,My Way (Isn't Always The Best Way),Everybody Was In The French Resistance...Now!
31040,Hallon,Christian Bjoerklund
31041,5,Christian Bjoerklund
31042,FB-01_#2,Christian Bjoerklund
31043,The Professor's Lab,Christian Bjoerklund
31044,In The Belly Of Gorgul,Christian Bjoerklund
31119,Home Again Blues,Aileen Stanley
31120,Tiddle-Dee Winks,Billy Murray
31121,Old Country Fiddler at the Telephone,Charles Ross Taggart
31122,Cow Bells,Nora Bayes
31126,O Death Where is Thy Sting?,Bert Williams
31127,When You're All Dressed Up,Billy Murray
31128,Frogs Legs,Columbia Saxaphone Sextette
31129,Maurice Tango,Fred van Eps
31130,Because,John McCormack
31131,Roses of Picardy,John McCormack
31132,Happy Li'l Sal,Margret Hellar
31133,Naughty Naughty Naughty,Marguerite Farrell
31134,When I Hear That Jazz Band Play,Marrion Harris
31135,Some Little Bug is Going to Find You,Roy Atwell
31136,On The High Alps,Walter Biederman and Hans Von Wegern
31142,Moonbeams,Joseph Samuels' Music Makers
31143,Sweet Adeline,Bieling and Dudley with Hayden Quartet
31144,Somebody Else is Gettin' It,Eddie Morton
31145,When The Right Little Girl Comes Along,George Alexander
31146,Idol Eyes,Paul Biese Trio
31147,"Man, Man, Man (Girls You're Thinking Too Much Of The Men)",Vesta Victoria
31148,Poor John,Vesta Victoria
31149,Summer Blouses,Vesta Victoria
31150,Sally In Our Alley,Whitney Brothers Quartet
31154,Dorobo,BNegão & Seletores de Freqüência
31160,Qual é o seu nome?,BNegão & Seletores de Freqüência
31165,A palavra / O primeiro passo,BNegão & Seletores de Freqüência
31233,"Bach, French Suite 4, BWV 815, 1 Allemande",Felipe Sarro
31234,"Bach, French Suite 4, BWV 815, 2 Courante",Felipe Sarro
31235,"Bach, French Suite 4, BWV 815, 3 Sarabande",Felipe Sarro
31236,"Bach, French Suite 4, BWV 815, 4 Gavotte",Felipe Sarro
31238,"Bach, French Suite 4, BWV 815, 6 Air",Felipe Sarro
31239,"Bach, French Suite 4, BWV 815, Gigue",Felipe Sarro
31240,"Bach, Sinfonia 11, BWV 797",Felipe Sarro
31241,"Bach, Prelude 8, BWV 853",Felipe Sarro
31242,"Bach, Cantata, BWV 29, Sinfonia, Siloti transcription",Felipe Sarro
31243,"Bach, Violin Sonata 2, BWV 1003, Andante, Siloti transcription",Felipe Sarro
31245,"Bach, Prelude, BWV 555, Siloti transcription",Felipe Sarro
31246,"Bach, Flute Sonata 2, BWV 1031, Siciliano, Siloti transcription",Felipe Sarro
31247,"Bach, Cello Suite 1, BWV 1007, Prelude, Siloti transcription",Felipe Sarro
31248,"Bach, Fantasia, BWV 906, Siloti transcription",Felipe Sarro
31249,"Bach, Orchestral Suite 3, BWV 1068, Air, Siloti transcription",Felipe Sarro
31250,"Bach, Prelude, BWV 855a, Siloti transcription",Felipe Sarro
31257,Blackout,Gorod
31260,Fireworks and Beer,Bloody Muffs
31261,Drama Queen,Bloody Muffs
31313,Dog Jobs,The Shamblers
31316,Fly Fishing with Eric Bana,The Shamblers
31317,Happy Mothers Day,The Shamblers
31326,Olympics Rant,The Shamblers
31356,Toot Toot,Spectre Folk
31389,Last Night,Amy Sayer
31390,Hands of Time,Amy Sayer
31391,More Love,Amy Sayer
31392,Siren Song,Amy Sayer
31426,Pirates,Shearer
31434,Rock'n'Roll,Shearer
31436,Out of the Dark,Shearer
31440,Say My Name,Shearer
31441,You and Me,Shearer
31446,Feeling Numb,Shearer
31455,Stupid Boy RMX (Original Track by Buskerdroid),Kenobit
31456,I Need A Square Wave,Buskerdroid
31457,Take That,arottenbit
31458,Before The Storm,Kenobit
31459,Psy GB,Microman
31460,Happy Chipcore RMX (Original Track by Kenobit),Microman
31461,Microrodeo RMX (Original Track by Microman),arottenbit
31462,Torinouta RMX (Original Interpretation by arottenbit),Buskerdroid
31561,Nuo Maisemat,Paavoharju
31562,Kuljin Kauas (Lepovaunu-05 Live),Paavoharju
31565,Pepe,Paavoharju
31566,Tartu Tähän Hetkeen,Paavoharju
31568,Morning News,Nameless Dancers
31569,Warm Evening,Nameless Dancers
31570,EugeneKha's Tropico,Nameless Dancers
31571,Secret Inclination,Nameless Dancers
31572,Cool Standarts,Nameless Dancers
31573,Old Cinema (Album Version),Nameless Dancers
31574,Freestyle,Nameless Dancers
31575,Shy Touches,Nameless Dancers
31576,Night Dance,Nameless Dancers
31577,Rio Tribal,Nameless Dancers
31578,Old Cinema (Slow Acoustic Ballad Version),Nameless Dancers
31618,Do The Kangaroo,Juanitos
31621,Ooh La La Boogaloo,Juanitos
31622,Soul Walking,Juanitos
31623,La Black Mustang Foursuite,Juanitos
31627,Mondo Wack,Juanitos
31645,Metronome,The Kirbi
31647,Elev to Mezz,Dan Melchior und Das Menace
31714,Russkie Gorki,Asian Women on the Telephone
31802,Cold Mountains,Kill! Kill! Death! Death!
31804,Mount Rushmore's Mushroom,Goat River
31805,The Blues Ain't My Cuppa Tea,Drawings on a Chalkboard
31807,Oh Eve,Fuck Buddies
31823,Happy Family (Quality Life Po-Novobogdanivsky),Riasne 2000
31847,Big Toy (Crash Table Side),Eat Rabbit
31851,My Boss is a Secretary Fucker,Eat Rabbit
31852,Organ IP,Eat Rabbit
31853,Paris 1981 (Perry Cover),Eat Rabbit
31854,Seagulls (With Jack Cut),Eat Rabbit
31855,Sexomatoz + Doom,Eat Rabbit
31856,Vilaine,Eat Rabbit
31887,Gavotte,Louise Ebrel and Ifig Flatres
31888,Pach Pi,Louise Ebrel and Ifig Flatres
31889,Pierig a Fransoazig,Louise Ebrel and Ifig Flatres
31898,Ejaculation Ejaculation,Blue Sabbath Black Fiji
31904,FIFA Anthem 98,Blue Sabbath Black Fiji
31912,smiling dull,dsbrdr
31913,you often ebb,dsbrdr
31999,I Want a House,Twin Sister
32000,Dry Hump,Twin Sister
32001,Ginger,Twin Sister
32002,Nectarine,Twin Sister
32014,Cats,Das Black Milk
32021,Christmas,Das Black Milk
32045,Scrutiny,Aaron Siegel
32055,Candy Funk,Michael Wells
32065,Crabs Ashore,Vespero
32066,Cosmos,Vespero
32067,Silver Rainbow,Vespero
32068,Lino,Vespero
32075,Rocker's Night Out (Punk for a Day),Single Bullet Theory
32076,Rock Around the Apocalypse,Single Bullet Theory
32077,Lies,Single Bullet Theory
32078,Les Bonnes Chansons,Single Bullet Theory
32079,Peggy Got Her Eyes Full,Single Bullet Theory
32080,Keep It Tight,Single Bullet Theory
32081,Miss Two Knives,Single Bullet Theory
32082,There is the Boy,Single Bullet Theory
32083,Das Madchen,Single Bullet Theory
32084,Five Strings,Single Bullet Theory
32085,Anxious,Single Bullet Theory
32087,Easty Boys,USK
32088,Little Sound Disko#05,USK
32089,Shanghai Moon,USK
32090,Little Sound Disko#04,USK
32091,Little Sound Disko#06,USK
32097,True (Instrumental),CM aka Creative
32149,Sandor's Hammor,KILT
32214,Button A Button B,Re:ndz
32215,I Want You,Re:ndz
32216,From Ten to Nine,Re:ndz
32217,Means,Monokle & Galun
32218,Happy Sun,Monokle & Galun
32219,Colding,Monokle & Galun
32220,Two Times,Monokle & Galun
32221,Globus,Monokle & Galun
32222,Fine Care,Monokle & Galun
32230,#6,Soft Tags
32231,Cut The Right Wire,Soft Tags
32325,Krime,Plushgoolash
32326,Spatabit,Plushgoolash
32327,Mr Head Talks About His Testic,Plushgoolash
32328,A Frog's Cheese,Plushgoolash
32329,Elephant Juice,Plushgoolash
32330,Happy Birthday to Your Mother,Plushgoolash
32331,My Purple Shirt,Plushgoolash
32332,Les,Plushgoolash
32333,Bride of Chucky,Plushgoolash
32334,Brown Rainbows,Plushgoolash
32335,Legs on a Wine Glass,Plushgoolash
32336,Blatant Drunken Lies,Plushgoolash
32337,I Invented Everything,Plushgoolash
32338,Bad Boy,Plushgoolash
32339,The Crap Lion,Plushgoolash
32340,A Man Called Dave,Plushgoolash
32370,Early Hospital,The Procedure Club
32371,Your Fat Body,The Procedure Club
32407,Somewhere Between Night and Sky,A.M
32410,Live at Happy Bar,The Stumps
32431,Story Behind the Name,Majemuk
32432,Intro,Mendhoan
32433,Wake Up,Crazy Games
32434,Friday 13th Kliwon,Chip For Breakfast
32435,Password,Go Gadget
32436,Undergorund Ex-School,Bitluzherbip
32437,Healing,Big Bang Boom
32438,Go! Go! Go!,You Kill My Brother
32439,Chased By A Running Chupacabra,Son Of A Bit!
32448,Bathman,Sic Alps
32449,Bells (with Tremolo and Distortion),Sic Alps
32451,Do You Want To Give $$?,Sic Alps
32457,The Drake,Sic Alps
32458,Altar Of Medicine,Without God
32459,They Rot,Without God
32460,Forgiveness Sunday,Without God
32461,Eat The Shit,Without God
32462,Space Weed,Without God
32472,Sweet Dreams,CM aka Creative
32473,Let Me Love You,CM aka Creative
32478,Grown & Sexy,CM aka Creative
32508,FanfarI (Culprate Remix),Titus 12
32509,Motego,Brainpain
32510,Emigrant,Adam Kroll
32511,Solstice (Cixxx J Edit),Dubbwune
32512,No Condor No Shower,Rigorous Intuition
32513,Fireworkz,Rogue State
32514,New Ferves,Smurd
32515,Bremsstrahlung,Sephirot
32516,Zion Blood,Titus 12
32517,Leaf,Mantra
32518,BO1-03,Kingstux
32519,Mannequin Execution,Haemon
32520,Alkali,Mikuś
32521,Contact,Sascha Müller
32525,I Can't Help Falling in Love with You,Secret Cities
32533,Seven Days Later,The Procedure Club
32534,Awesome Animals,The Procedure Club
32539,Let us leave the town,The Procedure Club
32677,Bloody Knuckles,Apache
32678,Bullet Train,Apache
32679,Fingerbanger,Apache
32680,Hit The Clubs,Apache
32681,Hospital Bed,Apache
32682,Outside,Apache
32683,Pint Size Punk into Jam Pusher,Apache
32684,Rio Grande,Apache
32685,White Hammer,Apache
32686,Class,transient
32687,You and Me,transient
32688,Shake 'em Down,transient
32689,Lazy Groove,transient
32690,Downtime,transient
32691,Faded Embrace,transient
32692,Ain't No Cure For the Way You Walk,transient
32693,Organic,transient
32694,Take a Trip and Never Leave the Farm,transient
32695,In Too Deep,transient
32697,Zomerdagen Oostenwind,Het Gloren
32742,pushups,Rabato
32743,chorson dival jr.,Rabato
32744,simachip,Rabato
32745,superpila,Rabato
32747,ass slap,Rabato
32748,lektrogirl,Rabato
32750,Jazz Police,Rare & Cheese
32752,A Farewell To Trends,dustmotes
32755,Teknical Development,Anitek
32756,Ninety Days,Robin Grey
32758,I Saw You,Crookram
32759,And The Pond Life Flourished,Heifervescent
32760,Bury The Doubt,Christophe Marc
32767,Blind in One Eye,Coliseum
32768,Crime and the City,Coliseum
32769,Defeater,Coliseum
32771,Everything to Everyone,Coliseum
32774,Year of the Pig,Coliseum
32775,romantic nit,uiutna
32776,Rage,uiutna
32791,Odin,Hox Vox
32792,Jörð,Hox Vox
32800,It's Not The Heat (It's The Humidity),Yair Yona
32811,Super Mario (remix),Bacalao
32812,Turrican (remix),Bacalao
32813,Shadow of the Beast (remix),Bacalao
32814,Gods (remix),Bacalao
32815,Cheat Codes,Bacalao
32832,You Shouldn't Have Let Her Go,Muck and the Mires
32838,Computer granma,Hiromushi
32839,Snooze,Dj Jo Quaid 5
32840,MarioKart makes me horny,The Captain Kirk on LSD Experience
32841,This is not vaseline,Hypanaut
32842,Squat Player,Bokusatsu Shoujo Koubou
32843,21122012,Dr. Von Pnok
32844,Pooxel piwer,The Toilet
32845,Saigner du cul c'est cool,Célomalabit
32846,Screw Base,Beytah
32847,PulsePrak,Peter Quistgard
32848,Grinochio,Chantal Goret
32849,Sensory Payload,Yatagarasu
32850,Lostone,Unas Rakraganh
32851,Grosnoble,Zombectro
32852,Damn Chip,Divag
32853,Peakin' with control,Toxic Lipstick
32854,Pusse del flow,Una Niña Malvada
32855,NYAS,Iserobin
32856,Le bouton bleu,Osica
32857,PSEM 1,Motif_r
32874,J-Live - Weather The Storm (Remix),Katrah-Quey
32875,Crown City Rockers - Without Love featuring Zion (Remix),Katrah-Quey
32876,Crown City Rockers - Something (Remix),Katrah-Quey
32879,J-Live - Audio Visual (Remix),Katrah-Quey
32880,J-Live - Aww Yeah (Remix),Katrah-Quey
32881,Crown City Rockers - Simple (Remix),Katrah-Quey
32882,Crown City Rockers - No Sense (Remix),Katrah-Quey
32883,Crown City Rockers - B-Boy (Remix),Katrah-Quey
32895,croire que tout est possible,Hargreaves / Noyes / Duplant
32900,And On The Carefree Shores Of Dub...,Globular
32915,La samba on s'en bat,Lady Data
32956,I Got You (Instrumental),CM aka Creative
32958,This Is Madness (Just Plain Black) (Featuring Black Liquid) (Album Version),Just Plain Ant
32959,This Is Madness (Just Plain Black) (Instrumental),Just Plain Ant
32962,Some People Never Learn (Instrumental),Just Plain Ant
32987,Surf The Noise,Bernd Burnson
33012,Def Leppard (Socket Science Remix),Donny Karson
33017,Be Happy,Dublin Duck Dispensary
33018,Shoot The Curl,Dublin Duck Dispensary
33020,Whistling/Cartoons,Dublin Duck Dispensary
33034,Disappearing Trick,Asthmaboy
33040,Russian Song,Asthmaboy
33049,Carnival,Eric Lindley
33050,It's Funny,Eric Lindley
33064,Little Toys,Willow
33067,Gran Pecador,Chico Trujillo
33068,Loca,Chico Trujillo
33069,Sombrero - Calentones,Chico Trujillo
33070,Villera Mistica,Chico Trujillo
33071,La Gata Bajo La Lluvia,Chico Trujillo
33072,Lanzaplatos,Chico Trujillo
33119,r735,Elisa Luu
33120,22  Marz,Elisa Luu
33121,Flow Time,Elisa Luu
33122,13 Maggio,Elisa Luu
33123,Piano  5-1,Elisa Luu
33124,Colazione su saturno,Menion
33125,My neural forest,Menion
33126,Dear Dad,Menion
33127,Compostela,Menion
33128,I love imperfection,Menion
33129,Your body in the dark,Menion
33137,Tizzy,Lo-Bat
33138,White Russian,Lo-Bat
33139,Twinkle,Lo-Bat
33140,Smack The Jackpot,Lo-Bat
33141,Bibibi,Lo-Bat
33144,Wet Highway,Growsound
33166,Crown of Age,The Ettes
33184,Hey Hey Hey Hey,Jim Jones Revue
33185,Rock 'n' Roll Psychosis,Jim Jones Revue
33192,Princess and the Frog,Jim Jones Revue
33195,Arka,Alphabets Heaven
33200,Out Of The Unknown,El Haijn
33203,African Era,Maryos
33211,The Simple Life,The Model
33212,Belgraded,TRG
33213,The Original,Alien Pimp
33214,Nukekubi,Makunouchi Bento feat. Selfmademusic
33215,French Kiss,Michi
33216,Noi Doi (Silent Strike Remix),Alexandrina
33217,Take Me Elsewhere (And Back Again) [Contorsionist Remix],Candlestickmaker
33218,One Time Only,Minus & Ion
33219,a a a,Poor Relatives
33220,Str. Ongfeeling,Discoballs
33221,Belladonna,Suie Paparude
33223,Woolfia,Sillyconductor
33238,Couch Revenge,Cristi Cons
33239,Beginnings,Bogdan
33240,Azotool,Inner
33241,Master-Freier,Ion (Romania)
33242,Sanie,Poor Relatives
33243,Random#9,Vlad Caia
33271,Wander With Me,Jason Hunter & The Great Red Shark
33278,Rails,Bing and Ruth
33300,I’m Learning Who You Are,Geotic
33301,At Our Cabin In The Woods,Geotic
33302,I Find Your Warmth Infectious,Geotic
33303,Smiles and Experiments In The Vanilla Kitchen,Geotic
33304,Time Melts Like Snow Off The Porch,Geotic
33305,The Logs Burn Slower Here,Geotic
33306,We Forget The Days of The Week,Geotic
33307,"Our Windows Glow, Safe From Frozen Trees",Geotic
33308,Filling Our Lives With Each Other,Geotic
33309,Sleeping Forever; We're Gods On Miles Of Clouds,Geotic
33331,Toxic Love,PC Worship
33332,So Denied,PC Worship
33333,Social Anxiety,PC Worship
33335,Staring At The Sun,PC Worship
33336,Tides,PC Worship
33337,Wake Up In The Dark,PC Worship
33338,Trench Life,PC Worship
33360,Heels,s.maharba
33415,Folklore Inca-Qheswa,runa simi language singer
33422,DIANA      Quiñota   Chumbivilcas(2),BANDA TIPICA LOS AUTENTICOS DE MARKA MARKA
33424,???,las Salcabambinitas
33426,CANTOS DE LAS JOVENES,CONCHACCOTA PROGRESO GRAU
33446,Mad About You,Yair Yona
33459,Cherry Cherry,Unrest
33460,So Sick,Unrest
33461,Make Out Club,Unrest
33463,Isabel,Unrest
33464,June,Unrest
33465,West Coast Love Affair,Unrest
33466,I Do Believe You Are Blushing,Unrest
33467,Firecracker,Unrest
33477,"Some nights when our dreams were scratched away, we tried to remain calm with the Single String Charmer",Ran Slavin
33486,location 6,Greg Davis
33492,Give us the green light,Spiny Norman
33493,Bionic Boiz,Yakuza Heart Attack
33494,Terraforming Mars,Alex Mauer
33495,Spheredivers,Rico Zerone
33496,Song from Croqel 3D,Phlogiston
33497,A Barrage of Hostile Abstractions,Norrin_Radd
33498,Malbone street wreck,Disasterpeace
33499,Meteor shower pro,Joshua Morse
33500,hushhush,zan-zan-zawa-veia
33501,Floating Point (Alex Mauer cover),Temp Sound Solutions
33502,What was once a great nation,TristEndo
33533,Slippershell,Kristin Hersh
33534,Torque,Kristin Hersh
33535,Around Dusk,Kristin Hersh
33536,Morning Birds,Kristin Hersh
33537,Speedbath,Kristin Hersh
33538,Roka,Calexico
33539,Bend To The Road,Calexico
33540,Inspiracion,Calexico
33541,Crystal Frontier,Calexico
33542,Two Silver Trees,Calexico
33543,Red Blooms,Calexico
33544,Victor Jara's Hands,Calexico
33545,Man Made Lake,Calexico
33546,Fractured Air,Calexico
33547,All Systems Red,Calexico
33552,I Listen 2 Classical (Featuring Sleaze),Just Plain Ant
33555,Way Back When (Featuring Chuck D),Just Plain Ant
33651,Through a Glass Darkly,Glows in the Dark
33772,Laughing Bag Saloon,Six Heads
33953,NTK1V3,_jjj_
33985,Dancing On My Bed,The Pleasure Kills
33986,Pictures On The Floor,The Pleasure Kills
33987,Hearts Run Out,The Pleasure Kills
33988,Modern Problems,The Pleasure Kills
33989,Mission Boy,The Pleasure Kills
33990,Self Destruct Also Smash Up The Radio,The Pleasure Kills
33991,Victoria,The Pleasure Kills
33992,Oblivion,The Pleasure Kills
33993,And Me,The Pleasure Kills
33994,Bring Me A Match,The Pleasure Kills
33996,Against Imagination,Andrij Orel
34003,On Eerie Bonds,Andrij Orel
34082,Call My Name,Grand Mal
34083,Children of Light,Grand Mal
34103,Consciousness Is The Key,Propaganda Anonymous
34137,01 Remember,Yair Yona
34147,05 Russian Dance,Yair Yona
34148,06 Broken Rockin' Chair,Yair Yona
34149,07 Steamboat Gowin' Round Da Bend (John Fahey Cover),Yair Yona
34167,WFMU Freestyle,Blitz The Ambassador
34189,Sifu Bruce Lee,Sexton Ming
34198,Hot Rod Man,Sexton Ming
34254,Lights,Bebe Fang
34255,Walk,Bebe Fang
34256,Dirt,Bebe Fang
34257,Ocean,Bebe Fang
34258,Work,Bebe Fang
34263,Nature's Cry,Bebe Fang
34264,One Ear,Bebe Fang
34312,Orlando Gibbons - Out of the Deep,The Tudor Consort
34313,William Byrd - Civitas Sancti Tui,The Tudor Consort
34314,Palestrina - Sicut Lilium Introduxit Me Rex,The Tudor Consort
34315,Jacobus Clemens non Papa - Ego Flos Campi,The Tudor Consort
34316,Claudio Monteverdi - Quel Augelin Che Canta,The Tudor Consort
34317,Alonso Lobo - Versa est in Luctum,The Tudor Consort
34318,Thomas Tallis - Lamentations I,The Tudor Consort
34319,Cipriano de Rore - Agnus Dei - Missa Praeter Rerum Serium,The Tudor Consort
34320,Annibale Stabile - Apollinaris Inclyti,The Tudor Consort
34348,I Don't Know Where You Are,Another Day On Earth
34352,Zelda Whistle,Another Day On Earth
34360,I Dunno,Another Day On Earth
34426,This Is The Best,CAVE
34428,Teenager,CAVE
34429,On The Rise,CAVE
34430,Hot Bricks,CAVE
34438,Young & Dumb (ft. Bubbz),HeavyFeet
34439,War (ft. Jenna G),HeavyFeet
34440,Saving Me (ft. Jon Rice),HeavyFeet
34441,I Spy... vs. Virus Syndicate,HeavyFeet
34457,Palestrina - Sicut lilium inter spinas,The Tudor Consort
34458,Palestrina - Kyrie - Missa Sicut lilium inter spinas,The Tudor Consort
34459,Palestrina - Gloria - Missa Sicut lilium inter spinas,The Tudor Consort
34460,Palestrina - Credo - Missa Sicut lilium inter spinas,The Tudor Consort
34461,Palestrina - Sanctus / Osanna I / Benedictus / Osanna II - Missa Sicut lilium inter spinas,The Tudor Consort
34462,Palestrina - Agnus dei - Missa Sicut lilium inter spinas,The Tudor Consort
34463,Pizzetti - Requiem aeternum - Messa di Requiem,The Tudor Consort
34465,Pizzetti - Sanctus - Messa di Requiem,The Tudor Consort
34466,Pizzetti - Agnus dei - Messa di Requiem,The Tudor Consort
34467,Pizzetti - Libera me - Messa di Requiem,The Tudor Consort
34484,Comic Topic,Not From This World
34506,Section 1,Cecilia Lopez
34507,Section 2,Cecilia Lopez
34508,Section 3,Cecilia Lopez
34509,Section 4,Cecilia Lopez
34510,Section 5,Cecilia Lopez
34511,Vilse (Slutet Cover),Symfoniorkestern
34512,Sowilo,Gorowski
34513,Mystic Space,Gorowski
34515,Dagaz,Gorowski
34516,Wok The Funk,Gorowski
34517,Cowboy Zeppelin,Gorowski
34518,High On Life,Gorowski
34519,Homage To Them Chiefs,Gorowski
34520,Sleazy Sal (Feat. Crepesuzette),Gorowski
34521,Soul Retrieval,Gorowski
34522,Trinity,Gorowski
34523,Ending Of Becoming,Gorowski
34524,Slinger,Gorowski
34525,Through That Day (Feat. Crepesuzette),Gorowski
34526,Sacred Warriors,Gorowski
34527,Shake The Shake,Gorowski
34528,New Chord Revolt,Gorowski
34529,I'll Get By (Feat. Crepesuzette),Gorowski
34530,We Came To Party (ft. Kovas),HeavyFeet
34541,Track 1,Bronze Horse
34542,Track 2,Bronze Horse
34547,Track 6,Bronze Horse
34550,Track 8,Bronze Horse
34579,House of books,Party Boys
34642,Travisaurus,Snorlax
34851,Motorbike (live at ATP-NY '08),Wooden Shjips
34887,One,James Ferraro & Zac Davis
34975,Deth,Doc Deem
34976,The Pepper Room,Doc Deem
34977,SAM-42,Doc Deem
34978,The Conflict,Doc Deem
34979,Leigh Novimber,Doc Deem
34980,Send Postcards,Doc Deem
34981,Meedletown,Doc Deem
34982,Miss,Doc Deem
34983,Lowe Road,Doc Deem
34984,Troy Bellamy,Angels in America
34988,The Blue Cathedral,Talvihorros
34989,Twin Peaks Theme,Talvihorros
34994,Dear Listener,6 or 7
34996,Ritual,Ambient Fabric
35002,Food Medicine Energy,Beentjes Donovan Johnco
35006,Uncopyrighted Zones,Denis McCarty
35007,Volker Goes to Spain,EHEIM 1000.220 with PAS
35008,Sadness,Gurdonark
35017,Pleasant Harvest,Sweetie
35019,Water Spiders,TVLASUNOR
35149,The Sunshine Path,Metal Rouge
35159,Communion,White Suns
35160,Neap Tide,White Suns
35161,Centering,White Suns
35162,Burial Rites,White Suns
35163,Sundial,White Suns
35182,Glimmer (Album Version),Garmisch
35183,Unreal (Album Version),Garmisch
35184,U Fine,Garmisch
35186,Unreal (TSP Refix),Garmisch
35193,In Heaven (Eraserhead Soundtrack),Olelé Brut
35194,Surfin,Olelé Brut
35198,It's Now or Never (Elvis Presley),Olelé Brut
35199,Know (Nick Drake),Olelé Brut
35204,Gnossienne No 1 (Erik Satie),Olelé Brut
35220,Pre Dawn Channel Surfing Ritual,Trans Atlantic Rage
35222,Detached Somewhat Panicky Disoriented Walk Through,Trans Atlantic Rage
35224,Defragmentation Of My Self-Discipline,Trans Atlantic Rage
35284,Deaf Sister,Royal Hideouts
35296,Super Antihistamine,Dntel
35299,Petdestroyer,Mochipet
35342,TV Power,Oval
35343,Heptatrot,Oval
35344,Baroque,Oval
35345,GM Sadder,Oval
35367,Tekiah (with Matt Welch),Lainie Fefferman
35368,Reading The Greens (Extended Version),Hogan Grip
35391,Simian Skylights March,Ergo Phizmiz
35392,Mammal Interpreter (ituri-mix),Okapi
35394,I got Rhythm,End.
35397,Edo,Satanicpornocultshop
35419,Zombie Chevys,Steve Mackay
35443,Song With No Name,Leonard Mynx
35444,Wick,James Beaudreau
35450,All They Had Was Hope Then It Too Died,Zeptosound
35451,Duet,Zeptosound
35452,Empty,Zeptosound
35453,From Chaos,Zeptosound
35454,If I Scream Will You Hate Me?,Zeptosound
35455,On This Day,Zeptosound
35456,SonarChild,Zeptosound
35457,Space + Light,Zeptosound
35458,Stasis,Zeptosound
35460,Voltage?,Zeptosound
35461,Why Is It Frozen,Zeptosound
35462,Solo improvisation,MV Carbon
35525,Inamorata,Lorenzo's Music
35527,Downtown,Lorenzo's Music
35528,All's Good That Ends Well,Lorenzo's Music
35530,Voomp Boomp,Lorenzo's Music
35532,Fervor,Lorenzo's Music
35534,Feed The One,Lorenzo's Music
35535,Old Old Story,Lorenzo's Music
35537,Indian Summer,Lorenzo's Music
35539,Oh Oh Oh,Lorenzo's Music
35541,After All That's Happened,Lorenzo's Music
35543,It Could Be You,Lorenzo's Music
35544,Facing the Sea,Garmisch
35545,Try 01,Garmisch
35546,Unreal,Garmisch
35549,Laugh Tracks,Garmisch
35550,Glimmer,Garmisch
35551,The Cultural History of the Penis,Garmisch
35565,Ion (feat Herodot) -  I.E,Ion (Romania)
35566,Politics Of Smooth,Ion (Romania)
35567,The New Way Is All The Way,Ion (Romania)
35568,Very Strong Leadership,Ion (Romania)
35569,Education After Auschwitz (Bonus Track),Ion (Romania)
35571,Dunebuggy,Marvelry Skimmer
35586,Drum Solo (Drum Solo),Mannlicher Carcano
35608,Second Hand News,Stan
35672,Water Music #1,Really Happening
35734,Animateur commercial intime,James Franc-Parler
35784,Monster Roar Horn,Poo Poo Cushion
35818,the heroic narrative of Yuri,Trap of the Trap
35945,mark,mackay/watt/estel
35946,john,mackay/watt/estel
35987,Clicks2play (4U),Herre Jorna
35988,Oops A Glitch,Herre Jorna
35989,Click-O-Matic,Herre Jorna
35990,Glitch Paradise,Herre Jorna
35991,Click & Play,Herre Jorna
35992,Itchy Glitchy,Herre Jorna
35993,ClickRbox,Herre Jorna
35994,Glitch-A-Lot,Herre Jorna
36050,Troubled Dreams,Rushjet1
36051,Konamized,Rushjet1
36052,Overdrive! Easter Egg Mode,Rushjet1
36053,Bob's Theme,Rushjet1
36054,Sea of Memories,Rushjet1
36055,Society of Nonconformists,Rushjet1
36056,The Battle Continues,Rushjet1
36057,The Final Conflict,Rushjet1
36085,Motorbike,Wooden Shjips
36096,your name is rain,Exteenager
36097,it was magic,Exteenager
36098,myster nein,Exteenager
36099,morpheus,Exteenager
36138,Jazz Trip,Kink Slap Simian
36139,Jungle Gilbert,Kink Slap Simian
36140,Code 9101,Kink Slap Simian
36141,Angelico (Space Arab Mix),Kink Slap Simian
36142,Tangible Evidence of Others (ft. A-Natural 14),Kink Slap Simian
36143,Beautiful Android,Kink Slap Simian
36144,Apollo Wakes,Shatterfreak
36145,In a Dream Where I'm Sleeping,Shatterfreak
36146,In The Face Of,Shatterfreak
36147,PMoos - Champagne Dreamz (Shatterfreak's 0% Alcohol Remix),Shatterfreak
36178,03  Return of the Thin White Dook,Fat Worm of Error
36187,You Can't Go Easy When You're Making Trees,Comma
36188,Flow My Tears,Comma
36189,The Thunder That You Are,Comma
36190,Parking in the Disabled Spot,Comma
36191,Engine Failure,Comma
36192,Between The Sunset And The Sea,Comma
36221,Every Night,The Girls At Dawn
36241,DisasterArea,Crooked One
36242,SquelchGate,Blackmass Plastics
36243,TekTek,Blackmass Plastics
36244,UraniumBlues,Crooked One
36245,::Intro,mo-seph
36246,Spacious,mo-seph
36249,Leda's Theme,mo-seph
36250,Martin,mo-seph
36256,Swamp,mo-seph
36257,::Flowers,mo-seph
36258,Contact,mo-seph
36261,Audhumla,mo-seph
36272,"Competition Rehearsal, Song 1",Demiran Ćerimović and His Orkestar
36273,"Competition Rehearsal, Song 2",Demiran Ćerimović and His Orkestar
36275,"Restaurant Concert, Song 1",Demiran Ćerimović and His Orkestar
36277,"Restaurant Concert, Song 2",Demiran Ćerimović and His Orkestar
36300,Inbetween,Lifeshows & Asthmatic Astronaut
36301,Happens to be,Lifeshows & Asthmatic Astronaut
36302,Horn's for breakfast,Asthmatic Astronaut
36303,aberdeen,Burning Bright
36304,the cherry tree,Burning Bright
36305,despair resistant care assistant,Burning Bright
36306,This Is My Body,Metatron
36307,So Subliminal,Metatron
36308,Anjulus,Metatron
36322,Sweet as a cat,Delgarma
36325,Louise,Delgarma
36326,You can stay,Delgarma
36328,Cheesecakes,Delgarma
36330,Att sakna,Delgarma
36331,Mummy,Delgarma
36332,La colere,Delgarma
36333,Wedding,Delgarma
36371,U.G.L.Y. (CC BY-NC-SA 3.0),ZOE.LEELA
36373,wie weich (CC BY-NC-SA 3.0),/'angstalt/
36375,The Tower (CC BY-NC-ND 3.0),The Inventors of Aircraft
36378,Excellenti (CC BY-NC-SA 3.0),Small Radio
36380,Cybernator (CC BY-NC-SA 3.0),Pixelord
36388,Bridges,ZOE.LEELA
36399,Creeping Things Dig Slowly,Lovely Little Girls
36400,Poor Old George,Lovely Little Girls
36402,Birthday Cake for The Pope,The J. Arthur Keenes Band
36403,Incestuous Union,The J. Arthur Keenes Band
36404,It Ain't Hawaii (Citizenship Enforcement Squad theme),The J. Arthur Keenes Band
36405,"Miles ""Tails"" Prower Was Too Good To Me",The J. Arthur Keenes Band
36406,Whatever You Want,The J. Arthur Keenes Band
36426,Some sort of thrive,Bitbasic
36427,Milk,Bitbasic
36428,The lack of anything good,Bitbasic
36429,Pixel Mixel,Bitbasic
36430,Oily slither,Bitbasic
36431,Owls eye crust,Bitbasic
36432,Sift if you like,Bitbasic
36433,Malcard,Bitbasic
36434,Fish restaurant,Bitbasic
36435,Please Mind the Dubstep,Bitbasic
36436,An opener,Bitbasic
36459,Introit - Resurrexi et Adhuc Tecum Sum,The Tudor Consort
36460,Kyrie Eleison,The Tudor Consort
36461,Gloria in Excelsis Deo,The Tudor Consort
36462,"Collect - Deus, Qui Hodierna",The Tudor Consort
36463,Epistle - Expurgate Vetus Fermentum,The Tudor Consort
36464,Gradual - Haec Dies,The Tudor Consort
36465,Alleluia - Pascha Nostrum,The Tudor Consort
36466,Sequence - Victimae Paschali Laudes,The Tudor Consort
36467,Gospel - Maria Magdalene et Maria Jacobi,The Tudor Consort
36468,Credo in Unum Deum,The Tudor Consort
36470,Offertory - Terra Tremuit,The Tudor Consort
36471,Sursum Corda,The Tudor Consort
36472,Sanctus,The Tudor Consort
36473,Benedictus,The Tudor Consort
36474,Pater Noster,The Tudor Consort
36476,Agnus Dei I,The Tudor Consort
36477,Agnus Dei II,The Tudor Consort
36478,Communion - Pascha Nostrum,The Tudor Consort
36479,"Post-Communion - Spiritum Nobis, Domine",The Tudor Consort
36481,fashion city,Las Ruinas
36485,cubata de fairy,Las Ruinas
36516,Don't Apologize,Lou Barlow
36518,Home,Lou Barlow
36520,Sharing,Lou Barlow
36521,Praise,Lou Barlow
36523,"Gravitate/1 Machine, 1 Long Flight",Lou Barlow
36525,Caterpillar Girl,Lou Barlow
36526,Faith Defies the Night,Lou Barlow
36527,Losercore,Lou Barlow
36530,Stabat Mater,The Tudor Consort
36531,Cujus animam gementem,The Tudor Consort
36532,Quis non posset,The Tudor Consort
36533,"Eja Mater, fons amoris",The Tudor Consort
36534,"Sancta mater, istud agas",The Tudor Consort
36536,Juxta crucem,The Tudor Consort
36537,Inflammatus,The Tudor Consort
36538,Fac ut animae,The Tudor Consort
36539,Amen,The Tudor Consort
36553,01 shine,Manuel J Grotesk
36560,09 jungle,Manuel J Grotesk
36561,08 anniversaire,Manuel J Grotesk
36567,Blue Orchid (The White Stripes),Kommissar Hjuler
36572,I Don't Want You To Love Me...,Emily Lacy
36575,Lets Go Lets Leave,Emily Lacy
36576,I Need You,Emily Lacy
36614,sCare bears,Amil Byleckie
36615,Owl be yours,Amil Byleckie
36616,three horses,Amil Byleckie
36618,the deceptive time machine,Amil Byleckie
36619,donkey wearing the up-do bearing the weight of the world,Amil Byleckie
36643,Desperate Den of Snakes,Amil Byleckie
36652,El Lenguaje,Diploide
36653,El lenguaje (instrumental),Diploide
36654,La idioma,Garbanzo
36655,El indivi-duo,Garbanzo
36659,Lucky,All India Radio
36799,Tanah,Rully Shabara & Wukir
36800,Hujan,Rully Shabara & Wukir
36801,Geni,Rully Shabara & Wukir
36802,Warna,Rully Shabara & Wukir
36803,Angin,Rully Shabara & Wukir
36804,Abu,Rully Shabara & Wukir
36834,Snowy (feat. Sore Eros),The Procedure Club
36836,Dead Rocks,The Procedure Club
36959,Facing the Sea (Album Version),Garmisch
36961,Requiem for Wolf,Garmisch
36963,U Fine (Zengineers Remix),Garmisch
36964,Facing The Sea (Dustmotes Remix),Garmisch
36965,U Fine (TSP's 8-Bit Edit),Garmisch
36966,Glimmer (mGee's the Boom and the Bap Remix),Garmisch
36983,B.,Black Ant
36984,Natural Organics,Black Ant
36985,Mother Earth,Black Ant
36986,Sleep.,Black Ant
36987,james p. funk 2,Black Ant
36988,Damn.,Black Ant
36990,Brain HOle 9,Black Ant
36992,Space Goat Remix,Black Ant
36994,Put it together,Black Ant
36997,Abstract Concepts - What up in the streets,Black Ant
36998,bonsoir tiroir!,Exteenager
36999,"Restaurant Concert, Song 3",Demiran Ćerimović and His Orkestar
37014,A Tale For Lancinant Screws,Meczûp
37015,Kwaidan,Meczûp
37017,Puriest Morning of All Times,Meczûp
37018,Blossoming in Cemetery,Meczûp
37021,The Bridge of Khazad-dûm,Meczûp
37041,Improvisation,MV Carbon & Philip White
37046,Traveler's Shoes,John Bellows
37051,Eraserhead Suite,Cpt. Benny David
37074,All I Need Is A Decent Night's Sleep!,A Lifetime Of Trials
37076,Meat Valve of Pleasure,Animal Machine
37078,In Heaven Everything Is Fine,Seven Lines
37079,Priviledge,Pset
37111,Devil's Candy Shop,Nigel Simmons
37113,Very Scary (Part 2),Weirdomusic
37119,Dark Hallway,Lee Rosevere
37121,The Story of the Stairs,Jeffrey Letterly
37131,Dracular's Revenge,Pharmacom
37136,Don't Think I Don't Miss You,X-tokyo-river-god
37141,Eller,Urban Inbreed
37145,Day Of The Ax,Zombie Raiders
37147,Soul of the Demon,Zombie Raiders
37148,The Beginning,Scabeater
37149,Haunted,Scabeater
37150,The End,Scabeater
37151,Indian Tension,Scabeater
37152,October,Scabeater
37153,La Porte,Scabeater
37154,Requiem,Scabeater
37155,Immersion,Scabeater
37156,Mow,Scabeater
37157,Eclosion,Scabeater
37158,Horrhoe,Scabeater
37159,Golden Butterfly,Scabeater
37160,Frostbitten Heartbeat,Scabeater
37161,Wither,Scabeater
37162,Fragile,Scabeater
37319,Poslepu (Blinded),Už Jsme Doma
37323,Kapka (Droplet),Už Jsme Doma
37324,Synecek (Little Son),Zuby Nehty
37325,Bili_Ptaci (White Birds),Zuby Nehty
37326,Clockwork (Live at WFMU),Kowloon Walled City
37327,Anthem (Live at WFMU),Kowloon Walled City
37329,The Division,Batillus
37330,Uncreator,Batillus
37331,Filth Pig (Ministry Cover),Batillus
37368,Fisherman's Friend,Útidúr
37369,Grasping for Thoughts,Útidúr
37385,obovate,Mattisson
37386,dentate,Mattisson
37387,deltoid,Mattisson
37388,lobed,Mattisson
37389,ovate,Mattisson
37390,oval,Mattisson
37416,Octo Gate,Church Of When The Shit Hits The Fan
37417,Locust Ritual,Church Of When The Shit Hits The Fan
37423,Crimson Snow,Church Of When The Shit Hits The Fan
37457,Bad Lady Goes To Jail,John Wesley Coleman
37459,A Clown Gave You A Baby,John Wesley Coleman
37460,Ooh Basketball,John Wesley Coleman
37510,play,uiutna
37529,Fever (Flu Shot Mix),The Superfools
37530,Exercise 1,The Superfools
37532,Ms Pac Man,The Superfools
37538,Latin Electronico,The Superfools
37587,Funeral Home Marionettes,The Communion
37588,The Masochistian,The Communion
37589,Mausoleum Lothario,The Communion
37590,Postcards From Solitary + Iron Lung Dust Bowl,The Communion
37591,Conjugal Apparition,The Communion
37592,Tablespoon Cataract,The Communion
37630,No Rules,Pure Hell
37637,Hard Action,Pure Hell
37725,The Stars Behind,Bardo Pond
37726,Karwan,Bardo Pond
37727,Tommygun Angel,Bardo Pond
37728,Just Once,Bardo Pond
37729,Absence,Bardo Pond
37730,Sometimes Words,Bardo Pond
37731,Limerick,Bardo Pond
37768,silver sitcom,Emile Miroir Jr
37779,Carroussel,La Rainbow Toy Orchestra
37780,Dumbo en el País de las Maravillas,La Rainbow Toy Orchestra
37781,El Circo de Nunca Jamás,La Rainbow Toy Orchestra
37782,Hansel y Gretel,La Rainbow Toy Orchestra
37783,"Kiss Me, Blancanieves",La Rainbow Toy Orchestra
37784,My Little Pony,La Rainbow Toy Orchestra
37785,OZ,La Rainbow Toy Orchestra
37787,El Soldadito de Plomo,La Rainbow Toy Orchestra
37859,In The Hall Of The Mountain King,The Itchy Creeps
37860,Gorilla Foot,The Itchy Creeps
37876,Nicole,Baby Scream
37911,A Dyslexic Dumb Dead Voice,Limonadiac
37917,Game Boy Rock!!,Wizwars
37918,Cosmic Waveform,Wizwars
37919,Intergalactic Disko Dance Party,Wizwars
37920,8 Bit Raceway,Wizwars
37921,Right Back To You,Wizwars
37925,Quize Show,Scrambled Mache
37927,Juicy,Scrambled Mache
37928,Numb,Scrambled Mache
37929,The Music Teacher,Scrambled Mache
37930,Flash Back,Scrambled Mache
37931,Run Pool,Scrambled Mache
37934,Dream Speaker,Scrambled Mache
37935,Deforestation of Brasil,Scrambled Mache
37937,Under Cover,Scrambled Mache
37938,Egg Yolk,Scrambled Mache
37947,Shadow of the Past,Vermillion Sands
37957,Al ritorno,Peter Sharp
37958,Paris nentant,Peter Sharp
37959,Come to me,Peter Sharp
37960,From left to right,Peter Sharp
37961,I met Mr.Bassmore,Peter Sharp
37962,Do u wanna shake hands?,Peter Sharp
37963,Why not?,Peter Sharp
37976,"Douglas, Mephistopheles",Illinois Brass Band
37977,"Holst, Uranus",Illinois Brass Band
37978,"De Falla, Ritual Fire Dance",Illinois Brass Band
37979,"Bach, Toccata and Fugue in D Minor",Illinois Brass Band
38078,Patricia Highsmith,Katherine Young
38079,"For Autonauts, For Travellers, III",Katherine Young
38081,Soon To Be Innocent (Arthur Russel),Katherine Young
38200,We Don't Have To Be Sexy,Brown Torpedo
38265,english shame,Dan Melchior und Das Menace
38312,A72,James Yates
38316,Swan Souffle,Bobbie Peru
38317,Hot Bricks,CAVE
38318,Encino Mang,CAVE
38321,Door Peeper,Tommy Tornado
38323,Unza Unza live at Pacific Parc De Dichter,Unza Unza Orkstar
38324,Bonaparte live at Pacific Parc Who Took the Pill,Bonaparte
38325,Bonaparte live at Pacific Parc Too Much,Bonaparte
38326,Tchakare Kanyembe track 03,Tchakare Kanyembe
38351,Memories of a machine,Mastermind XS
38352,Business of panic (instrumental),Mastermind XS
38353,Sunny day (instrumental),Mastermind XS
38354,Not free but not afraid (instrumental),Mastermind XS
38361,First Wind,A Way
38362,Around Under,A Way
38363,Conclusion,A Way
38364,(Other),A Way
38365,Stop that mission (instrumental),Mastermind XS
38399,"O Pastor, a Droga e as Visões",Stealing Orchestra
38405,O Gajo que trocava Deus por um,Stealing Orchestra
38421,Canker,Ut
38422,Dr. No,Ut
38423,Rummy,Ut
38435,Beloved Girlfriend,Kraus
38450,Let the little children come to me,Children for Breakfast
38455,Sister Lucy in the sky with diamonds,Children for Breakfast
38461,interview with Brian Turner,Legendary Pink Dots
38516,Count your blessings 1,Transmitters
38517,Testosterone,Transmitters
38519,The wrong clothes,Transmitters
38520,Radio studente,Transmitters
38521,God give me strength,Transmitters
38522,Cellos,Transmitters
38523,Count your blessings 2,Transmitters
38538,Come on in My Kitchen,Nobody's Bizness
38539,Ain't Nobody's Bizness,Nobody's Bizness
38540,When the Lights Go Out,Nobody's Bizness
38541,Down in the Dumps,Nobody's Bizness
38542,The Same Thing,Nobody's Bizness
38543,Smack Dab in the Middle,Nobody's Bizness
38544,Women Be Wise,Nobody's Bizness
38545,Sittin' on Top of the World,Nobody's Bizness
38552,Transistor,Bildmeister
38556,Leaving The Home Tribe,Party People in a Can
38557,Surfing With My 2 Little Brothers,Party People in a Can
38558,20 To 48 Hours,Party People in a Can
38560,Diesel Rainbow Surface,Party People in a Can
38613,Go... Fight ... Win...,Sta. Apolónia
38614,The Monsters are Due on Maple Street,Sta. Apolónia
38617,Electric Cyan,Kraus
38618,Shaker,Invacuo
38619,Collegiate,Invacuo
38620,tinydistortedairplane,Invacuo
38621,Mark Twain in Japan,Invacuo
38622,Clapmosphere,Invacuo
38666,Zombie Addict,dj Skull Vomit
38668,Anamelech,dj Skull Vomit
38669,Tales of Grugela,dj Skull Vomit
38670,Nilbog,dj Skull Vomit
38671,Kill Me (Singaya Remix),Captain Ahab
38672,Priest of Filth,Singaya
38673,Rat Monkey,Singaya
38674,Seven Flies,Singaya
38675,10. Rat Monkey (Throw Up Your Brains Remix By Infekkted),Singaya
38678,Clap Your Head,Debmaster
38679,Fish Alert,Debmaster
38691,Moon Dogs,Debmaster
38692,Urgency,Debmaster
38743,Absence,Bardo Pond
38745,Straw Dog,Bardo Pond
38748,Chicken Gun,Bardo Pond
38750,Diane Had Lunch,Boodle Boy
38775,"Kesh Jig, Leitrim Fancy",Sláinte
38776,Silver Spear,Sláinte
38777,Star of the County Down,Sláinte
38778,"Gander in the Pratie Hole, Morrison's Jig, Drowsy Maggie",Sláinte
38779,Carolan's Draught,Sláinte
38780,Maid Behind the Bar,Sláinte
38781,"Denis Murphy's, John Ryan's",Sláinte
38782,Wild Mountain Thyme,Sláinte
38783,Banish,Sláinte
38784,Julia Delaney,Sláinte
38785,"Si Beag Si Mor, Snowy Path",Sláinte
38817,The Banshee. Gravel Walks. The Old Copperplate,Sláinte
38818,Mairi's Wedding,Sláinte
38819,The Butterfly. Kid on the Mountain,Sláinte
38820,Fear a Bhata,Sláinte
38821,Britches Full of Stitches. Munster Bank. Bill Sullivan's (The A Polkas),Sláinte
38822,The Manx Lullaby,Sláinte
38823,Scully's Reel. Mrs McLeod's. Cooley's Reel,Sláinte
38824,Lakes of Pontchartrain,Sláinte
38825,Lark in the Morning. The Atholl Highlanders,Sláinte
38826,She Moved Through the Fair,Sláinte
38827,The Crosses of Annagh. The Humors of Tulla. The Cup of Tea,Sláinte
38828,Denis Murphy's Polka. I'll Tell Me Ma. John Ryan's Polka,Sláinte
38829,Fanny Power,Sláinte
38830,Jig of Slurs. Dublin Reel - Merry Blacksmith. The Mountain Road,Sláinte
38833,Black Velvet Band,Sláinte
38834,Sally Gardens,Sláinte
38845,I Will Call You Again,6 or 7
38847,Ambiguity,Ambient Fabric
38859,Berries,Gurdonark
38864,Succotash on Scoria,Murmurists
38865,Movement Towards Soundtrack,Noise Research
38866,Abbasong,One Minute Wanda
38876,No Cause for Alarm,Zoologic
38877,Centrifugal Force,Zilmrah
38878,Traveller,Anders Ilar
38879,"the beginning, actually",File Under Toner
38880,favorites,File Under Toner
38881,and who gives a shit,File Under Toner
38882,speedmetal machine music,File Under Toner
38884,surf ace noise,File Under Toner
38886,magic,File Under Toner
38887,high fidelity,File Under Toner
38888,party,File Under Toner
38890,sex machine,File Under Toner
38891,justified,File Under Toner
38892,moi non plus,File Under Toner
38893,fahr far fun,File Under Toner
38894,name that tune,File Under Toner
38895,howlin' wolf,File Under Toner
38896,sardana,File Under Toner
38898,violins,File Under Toner
38899,fly me to the moon,File Under Toner
38900,hello dolly,File Under Toner
38901,rock around the click,File Under Toner
38902,la valse Ã  mille echos,File Under Toner
38904,typewriting,File Under Toner
38905,si los curas,File Under Toner
38906,horses,File Under Toner
38907,take me to the movies,File Under Toner
38908,look ma no hands,File Under Toner
38910,greyish,File Under Toner
38911,pink remedy,File Under Toner
38912,ego,File Under Toner
38914,"whip me, christy",File Under Toner
38954,Don't Look Back (Featuring NOTE),Just Plain Ant
38955,Bird Of Prey,Liam Stewart
38956,Veloma,Fabrizio Paterlini
38961,Feel It,The Pop Winds
38964,The Robots,Talulah Lotus
38965,Lullaby,Talulah Lotus
38966,Horrorphone,Talulah Lotus
38967,Spooky,Talulah Lotus
39018,16 January,RPM Orchestra
39113,Wikileaks,Str8 Sounds
39114,Wilderness Disko REMIX 3,Str8 Sounds
39116,Bathroom Evangelism,Str8 Sounds
39117,Liar,Str8 Sounds
39186,Slumdank,U Can Unlearn Guitar
39188,Get Wright With Gould (more Surfjams with Sufjan),U Can Unlearn Guitar
39196,Why I'll while away a while with U,U Can Unlearn Guitar
39198,Flounced In The Garden Of Sunny Delite,U Can Unlearn Guitar
39199,"Ma, Sam Slapped Meh",U Can Unlearn Guitar
39259,Murder in The Dark,U Can Unlearn Guitar
39278,"Chicago, Etc.",U Can Unlearn Guitar
39282,Vast Placid Spasms,U Can Unlearn Guitar
39291,Citylife (Meme vs Xan),Meme
39298,Fourty niners,Gina Artworth
39312,Saint Carbonarius Speaks,John Badger & The Moustache Riders of Doom
39314,Faust Reaches The Crossroads,John Badger & The Moustache Riders of Doom
39316,Hart Island,John Badger & The Moustache Riders of Doom
39317,Brave New World,John Badger & The Moustache Riders of Doom
39318,A Dream of Heaven in a Terminal Ward,John Badger & The Moustache Riders of Doom
39357,Waragine a ragine,Dubosmium
39359,The last hours of sunshine,i'dawn
39377,Not Swotten,U Can Unlearn Guitar
39378,Most Polite are Imaginary My Friends (R Knot-sh!),U Can Unlearn Guitar
39434,Better Off Dead,Easy Action
39435,Already Alright,Easy Action
39436,Piece Of Me,Easy Action
39437,Where She Comes From,Easy Action
39438,She Ain't My Girlfriend,Easy Action
39439,Nobody's Home,Easy Action
39440,Bye Bye Baby (and) Friends Of Rock And Roll,Easy Action
39484,Minoree,U Can Unlearn Guitar
39488,CELTIC IN BRAZIL,Jay Martinez
39511,Automobiles,Metatron
39512,Planes,Metatron
39513,Trains,Metatron
39524,The Information Chase,Bit Shifter
39525,Chase Init_,Bit Shifter
39526,Activation Theme,Bit Shifter
39527,Hexadecimal Genome,Bit Shifter
39528,Particle Charge,Bit Shifter
39529,Reformat The Planet,Bit Shifter
39530,Bird Of Prey (Album Version),Liam Stewart
39536,Bird Of Prey (UltraGlider Mix),Liam Stewart
39552,Azurescent,Jonah Dempcy
39553,Lumen Arcanum,Jonah Dempcy
39554,Myriad Ways,Jonah Dempcy
39555,Upsurge,Jonah Dempcy
39556,Humans in Universe,Jonah Dempcy
39557,Reticulating Flux,Jonah Dempcy
39558,Mother Matrix Most Mysterious,Jonah Dempcy
39605,Disco High,UltraCat
39607,Unexpected Little Happenings,UltraCat
39658,Hott R Nott,Quiet Hooves
39659,Good Moves,Quiet Hooves
39660,Womb,Quiet Hooves
39661,AVP,Quiet Hooves
39662,Bigg Boy,Quiet Hooves
39663,Til It Stops Talkin,Quiet Hooves
39664,My Girl,Quiet Hooves
39665,Can't Catch A Break,Quiet Hooves
39666,Meals On Wheels,Quiet Hooves
39667,Your Troubles + Feelin Down,Quiet Hooves
39683,1 The Model - I Am Always on Your Mind,The Model
39685,3 The Model - Catwalk Drama,The Model
39686,4 The Model feat. Camil - Damen,The Model
39687,5 The Model - Six Days of Heat pt. 2,The Model
39722,#0466,Cezary Gapik
39761,Street Fighter 5,My Mind
39765,Desert Fathers (Variety of Religious Experience),My Mind
39768,"A New Man, My Life Coach, He Shine",My Mind
39769,Wheel of Eyes (The Disappointing Fantasy),My Mind
39788,Peace & Love (Hippie Style),Profeetta Elämän Äänikoulu
39847,Castles Made of Everything feat. DJ Chillroom,Str8 Sounds
39848,Ecstatic Spin,Str8 Sounds
39850,Diatribe,Str8 Sounds
39855,Moon Milieu,Str8 Sounds
39860,Cancel My Appointments,Chocolate Chips
39863,Acquired Taste,Chocolate Chips
39864,Feel for the Industry,Chocolate Chips
39866,Fed Up With Myself,Chocolate Chips
39872,Tune In,Uton
39875,Sexual Energy,Uton
39878,Heat Of The Flower,Uton
39893,Krishnascapes And Folk Rhythms,Uton
39895,Spiritual Calling,Uton
39896,Sweet High Joy And The Stone With Dots,Uton
39899,Brahma Sky,Uton
39900,Air Stairs,Uton
39904,As The Times Ends Comes The Fire,Uton
39928,Earth Under Quarantine REMIX,Str8 Sounds
39940,Ignorance,Spectral Mystics
39941,The Root,Spectral Mystics
39942,"Space, Time and Beats",Spectral Mystics
39943,Mental Travel,Spectral Mystics
39944,Dreaming Colors,Spectral Mystics
39945,Projections,Spectral Mystics
39946,Namarupa,Spectral Mystics
39947,Why,Spectral Mystics
39948,Daydreaming,Spectral Mystics
39949,"Ignorance, Part 2",Spectral Mystics
39965,Winnie Cooper's Bones,Winter Drones
39984,a gentle shimmer,Rumbus Merrylegs
39985,down an autumn pathway,Rumbus Merrylegs
39987,Cotton Memory Dancing feat Niamh De Barra,Rumbus Merrylegs
39988,comfortable pickles,Rumbus Merrylegs
39993,organ,Rumbus Merrylegs
39996,slipping away,Rumbus Merrylegs
39997,whispered soft goodbyes,Rumbus Merrylegs
40077,Washedout,Kido
40078,Er-calculate,Kido
40079,Ongoing,Kido
40080,Midnightman,Kido
40081,.....,Kido
40121,Last Chants,Sun Araw
40122,Deep Cover,Sun Araw
40123,Heavy Deeds,Sun Araw
40131,Cave Of The Blind Ones,Behold! The Living Corpse
40132,DEATH TOLL: 47 (99),Behold! The Living Corpse
40133,Two Headed Baby,Behold! The Living Corpse
40134,Death March,Behold! The Living Corpse
40136,Octopus,Krestovsky
40139,Horror,Krestovsky
40140,Heaven's a Ghost Town,Krestovsky
40141,"A Sure Thing (""wedding song"")",Krestovsky
40147,Opening Title,Gwilly Edmondez
40152,Games And Night Of The Firedog,Gwilly Edmondez
40161,Tarantella Tomatoes,Gwilly Edmondez
40162,Recent Commentary On Top-Notch Sexualists,Gwilly Edmondez
40173,Sharpenin Man,Kuuleminen Asiat
40174,Artist Messages,Kuuleminen Asiat
40175,Acetylene,Kuuleminen Asiat
40176,Barren Lands,Kuuleminen Asiat
40177,Dead Concrete,Kuuleminen Asiat
40178,Pine Metal,Kuuleminen Asiat
40179,Sankirtan (Vrndavan),Kuuleminen Asiat
40180,Sweet Lily,Kuuleminen Asiat
40181,Tungsten Archive,Kuuleminen Asiat
40182,Wires On Words,Kuuleminen Asiat
40229,The Sound & The Sea,Big Blood
40230,Lay Your Head On The Rails (& Comeback),Big Blood
40231,Mouth of Seven Tongues,Big Blood
40232,South of Portland,Big Blood
40233,Destin Rain,Big Blood
40234,Oh My Child,Big Blood
40235,"This is Record, OK?",Big Blood
40236,Waiting Is ...,Big Blood
40237,Moo-Hoo,Big Blood
40238,AIRAID AIR RAID,Big Blood
40239,She-Wander(er),Big Blood
40240,Creepin' Crazy Time,Big Blood
40241,Reverse Hymnal,Big Blood
40242,Song for RO-HE-GE,Big Blood
40243,Coming Home Pt. III,Big Blood
40244,... Is All We Have,Big Blood
40245,Ringers in the Fold,Big Blood
40246,Summer Vacation,Harpoon Forever
40248,Paddle to the Sea,Harpoon Forever
40249,Creedence Pattern,Harpoon Forever
40250,Ponds,Maps & Transit
40265,Pine,Emil Klotzsch
40269,Life Keeps Getting Longer,Kingface
40272,Lullabye,Kingface
40276,Lick the Moon,Kingface
40277,Dirty Water Come,Kingface
40279,Everywhere You Look,Kingface
40280,Read my Back,Kingface
40281,Ain't Talkin 'bout Love,Kingface
40341,Midnight Drive In An Empty Highway,Depriver
40342,Jakarta Seems Empty Without You Here,Depriver
40351,Kontradiksi Tirani,A.L.I.C.E
40352,Myasthenia Gravis,A.L.I.C.E
40353,1994,123SYF
40354,Phil Collins,123SYF
40355,Konspirasi,Megamaut
40356,Omnivora,Megamaut
40358,Beautiful Zinc Faceless Lady,Serigala Jahanam
40369,I Am Analog,Krumble
40370,Out Of The Unknown,El Haijn
40373,Upghostery,Liar
40399,CGI Fridays,Back To The Future The Ride
40400,Sleep on Stars Tonight,Back To The Future The Ride
40401,Full Moon on an Empty Planet,Back To The Future The Ride
40402,Surface to air Hieroglyph,Back To The Future The Ride
40403,The re-Dawn of Distance,Back To The Future The Ride
40414,Bring Back the Healthy,Mt. Gigantic
40416,Grandpa Plays the Drums,Mt. Gigantic
40417,Rachel and Her Children,Mt. Gigantic
40418,Bells,Mt. Gigantic
40421,Hey There Is No Birthday Party for Me in Here. I Want to Punch You,Mt. Gigantic
40504,Hitman,Bacalao
40505,"Je t'aime, moi non plus (Gainsbourg cover)",Bacalao
40506,Oops i did it again (Britney Spears cover),Bacalao
40508,Upload,Bacalao
40509,Light Field (excerpt),Richard Garet
40510,the blue marble,Duke Hugh
40511,polaroids,Duke Hugh
40512,sky,Duke Hugh
40516,haunted,Duke Hugh
40519,daysoul,Duke Hugh
40520,busride,Duke Hugh
40521,catch a wave,Duke Hugh
40522,derby/dana,Duke Hugh
40523,it's all good,Duke Hugh
40525,sweet and lowdown,Duke Hugh
40526,ahyeah,Duke Hugh
40527,the journey part two,Duke Hugh
40541,kiss of halloween,uiutna
40542,kiss of halloween instrumental,uiutna
40598,How Interesting! How Bizarre!,Honey Trappists
40629,Trecco Bay,Min-Y-Llan
40630,The Bone Marrow Virus Theory,Min-Y-Llan
40631,We Are 1,Min-Y-Llan
40632,Silver Skies,Min-Y-Llan
40633,The Road,Min-Y-Llan
40634,I Only See In Colour,Min-Y-Llan
40635,Regulate Condition,Min-Y-Llan
40636,Radio America,Min-Y-Llan
40637,Out in Public,Min-Y-Llan
40638,A Twist in Time,Min-Y-Llan
40639,Deal Breaker,Min-Y-Llan
40640,Luminous Arc,Min-Y-Llan
40642,Receive,c4
40643,Smile for Sarah,c4
40644,Star Float,c4
40645,Tributary,c4
40646,Avec,c4
40647,Shapes,c4
40648,Tega,c4
40649,Night Train,c4
40650,Star Float (flutter mix),c4
40654,A Boat in the Fog and a Battle,Albert Glasser
40655,The Dragon,Albert Glasser
40656,Into The Sewers,Albert Glasser
40657,Opium,Albert Glasser
40658,The Auction 1,Albert Glasser
40659,The Auction 2,Albert Glasser
40660,Pursuit,Albert Glasser
40683,Interloper,Str8 Sounds
40687,Finix (featuring Prepared Piano Piece 1 by Lezet),Matthew Sforcina & Lezet
40689,Prepared Piano Piece 3,Matthew Sforcina & Lezet
40692,Spiritual Qualms,Matthew Sforcina & Lezet
40693,Mother's Song (rehearsed),Matthew Sforcina & Lezet
40694,Malleable,Matthew Sforcina & Lezet
40701,Maya Angelou,Harpoon Forever
40703,super magic dark rainbow,uiutna
40704,boom!,uiutna
40721,Cepheid Variable,Str8 Sounds
40725,It's My Life Welcome To It,Str8 Sounds
40771,Whip the Gift,Chandeliers
40772,Heavy Traffic,Chandeliers
40778,Candy Apple,Chandeliers
40779,Pony Ride (live at home edit),E.lebleu vs. Plug
40780,Polynesian Rush feat. Rugoso,E.lebleu
40781,Like Tigers in the Back Seat of My Car,E.lebleu
40782,I Wish You Were Real,E.lebleu
40783,The Mothman feat. Nuuro,E.lebleu
40784,The Two Lines Between Us,E.lebleu
40785,Continue,Kupa
40786,Slipwok,Kupa
40787,Peach Bitch,Kupa
40788,Lakitu,Kupa
40789,Tanooki,Kupa
40790,Castillo,Kupa
40791,Fantasmas,Kupa
40792,Hongo Rojo Feat. Mekha,Kupa
40793,Bloody Tears,Kupa
40794,Kahuama,Kupa
40795,Chango Island,Kupa
40796,Salvame,Kupa
40797,Perdido,Kupa
40798,telstar,madmaid
40799,hoaaaaa!!!,madmaid
40808,YUMENIKKI,Kanji Kinetic
40809,EcchiSketch,Kanji Kinetic
40810,W-ITEM GLITCH,Kanji Kinetic
40811,selfish G,Downliners Sekt
40812,white dawn,Downliners Sekt
40813,incerta glòria,Downliners Sekt
40814,from under spinning lights,Downliners Sekt
40815,Vapor (Mekha's Redub Feat. Mc Mega Zimze),MHV
40816,Vapor (The Raging Sea Mix),MHV
40817,Vapor (Kupa Mix),MHV
40818,MHV - Vapor (original mix),MHV
40821,Unmute 2.2,Sk'p
40822,Pix Inversed,Sk'p
40823,Vleckeffect,Sk'p
40824,Soivelslevios,Sk'p
40825,Seyefer,Sk'p
40826,Chouyaku,Sk'p
40827,Mentoa Mass,Sk'p
40828,Lost Land,Sk'p
40829,Kraeacktor,Sk'p
40830,Cotrol Clod,Sk'p
40842,Death Proof,Fancy Mike
40843,Sunshine,Fancy Mike
40844,E.M.F.H.,Raw Stiles
40845,Rouge,Raw Stiles
40851,Moving Toward You,Str8 Sounds
40903,The Devil is a Sad Spirit,James Beaudreau
40905,Canada Concrete,Mopno
40908,Safe And Sound,Mopno
40909,Adele,Mopno
40913,Muutat,Mopno
40921,Pre,Mopno
40922,Zapata,Mopno
40936,Chat With EFD,The Sights
40937,Back To You,The Sights
40938,Not As Pretty,The Sights
40939,Tick Talk Lies,The Sights
40940,Maria (and) Could Not Call It Love (and) How Do You Sleep,The Sights
40962,Reconnoitering,Angels in America
40984,Crooked,Kristin Hersh
40985,Chocolate Makes You Happy,Xiu Xiu
40986,Doubt,The Corin Tucker Band
41011,Standing on the Edge (alternative studio mix),Sendelica
41012,Guiding the Night (rough mix of track from the new album),Sendelica
41013,Glory Bee (alternative studio mix),Sendelica
41014,Spacehopper Blues (original demo mix),Sendelica
41015,Tinsel Tears (outtake from Streamedelica),Sendelica
41018,Au royaume de la money,Unity Vibration
41019,Manifesto,Bankil
41020,Digital system,Garage firm
41044,Cry People Cry [Demo version],Dan Alfresco
41045,Try People Try [DbassMasta remix],Dan Alfresco
41046,Try People Try,Dan Alfresco
41052,SALUT,Gouffre d un pôle à l autre
41054,RELAX,Gouffre d un pôle à l autre
41055,GAMIN,Gouffre d un pôle à l autre
41056,RUE DE LA BITE,Gouffre d un pôle à l autre
41076,At Sunrise,Norman Creed
41077,Drawning,Melmono
41078,De Somnambulismo,Vitalis Popoff
41079,Unity,Izmar
41088,Long Time,Taschenrechnermusikant
41089,Heiße Luft,Thompson & Kuhl
41090,Journey To The Moon,DjCode
41091,Metasphera,The Unique Matter
41092,Dinky Girlz,Stratoliner
41093,City Lights,Anakord
41095,The Lonely Smurfer,Johnny Hawaii
41147,Anti War Mindbot,Str8 Sounds
41163,8 bit bull,V.L.A.D.
41191,Candyboy,Weyes Blood
41192,Storms That Breed,Weyes Blood
41207,Run From The City (Live at WFMU),Purling Hiss
41208,Almost Washed My Hair (Live at WFMU),Purling Hiss
41209,Voices (Live at WFMU),Purling Hiss
41210,Passenger Queen (Live at WFMU),Purling Hiss
41211,Don't Even Try It (Live at WFMU),Purling Hiss
41212,(Chat w/ BT on WFMU),Purling Hiss
41245,Mucus,BoyScouts of Annihilation
41247,Who Cares Anyway,BoyScouts of Annihilation
41310,Mercury Spring,Funny Cry Happy
41375,NITE RULE,Phemale
41381,CREEPEOPLE,Phemale
41388,RUDEBROOD,Phemale
41439,Through The Somber Glaze,Floating Spirits
41442,Blue [Ambient Rebirth],Floating Spirits
41452,P2P,Dragan Espenschied
41453,Iced Earth,Dragan Espenschied
41454,Beepbop,Dragan Espenschied
41456,hrvat,Dragan Espenschied
41457,monopackung,Dragan Espenschied
41458,Zombie & Mummy Theme,Dragan Espenschied
41460,Оля Зимой,Dragan Espenschied
41566,Silence,Francesco Lettera
41567,Groovin' Man,Nazzareno Zacconi
41568,Dismissal,Fabryka
41569,Going to the City of Emeralds,Francesco Lettera
41570,UnDaTheC acoustic version,Simone Cicconi
41571,Empingue,Gepel
41573,Autumn,Janne Hanhisuanto
41580,Matkalla,Janne Hanhisuanto
41581,reMIDIscenze: 1,Seralf and Knob Alchemist
41583,Locus Ceruleus,CdP
41605,Side A Journey,Duncan Cameron
41706,Igor Stravinsky,As Seen On TV
41709,ABBA,As Seen On TV
41714,Radiohead,As Seen On TV
41752,Warna,Rully Shabara & Wukir
41755,Pissing Blood,Chapcha Terror
41758,Rat and Cat,Frau
41759,Raindrops,Salman Aditya
41761,Sekar Jupun Remix + Gadis Pujaan,TerbujurKaku
41801,Joan,The Asound
41802,Snow White,The Asound
41803,Open Eyes,The Asound
41809,Kontradiksi Tirani,A.L.I.C.E
41812,Flashback Documentary of Indonesian Independence Hegemony,Raden Anom Prakoso
41813,Survive,World Nasty Anarchy
41819,A SAD KID,Phemale
41820,THE FASTEST CAR,Phemale
41823,TOO MANY TOYS,Phemale
41825,THE DEADLIEST CAR (HAUNTED),Phemale
41828,Fiksi Pencuri Mimpi,Belkastrelka
41829,Local Heroes,J. Irwin
41833,Frozen Scratch Cerulean,Bottlesmoker feat. Ajie Gergaji
41834,Sky Smeared Orange,Evily Candy Machine
41863,Regret,From This Accident
41864,Again,The Classic Cluster
41865,Hexagon,Social Black Yelling
41866,I Never Met Another September,Rest In Pain
41867,Nieve Fur Tinkle Bee,Bersekutu Dengan Disco
41868,Tonite We Dine in Hell,Nervous Breakdown
41869,Labyrinth Boy,Chamberlain
41870,Rave #01,Twelve Insomnia
41874,02-ColdStreets,Caïman Nain
41876,04-SomewhereElse,Caïman Nain
41880,08-JetLag,Caïman Nain
41881,09-TooEarly,Caïman Nain
41882,10-OccidentalViewUponAPizza,Caïman Nain
41883,11-VivreOuFumer,Caïman Nain
41933,Noémie,Bacalao
41934,Maman et Papa,Bacalao
41935,Virginie et Ivan,Bacalao
41936,Léon,Bacalao
41937,Jeanne et Christophe,Bacalao
41938,Jean-Claude et les Filles,Bacalao
41939,Les Jazzeux,Bacalao
41950,Ave Maria (Sylvain Zimmer),Les Petits Chanteurs de Montigny
41951,Cantate Domino (Johann Crüger),Les Petits Chanteurs de Montigny
41952,Cantique de Jean Racine (Gabriel Fauré),Les Petits Chanteurs de Montigny
41953,Jubilemus Exultemus (François Couperin),Les Petits Chanteurs de Montigny
41954,Nocturnes (W.A. Mozart),Les Petits Chanteurs de Montigny
41955,Psaume 61 (Joseph Haydn),Les Petits Chanteurs de Montigny
41956,Cantate Domino (G.O. Pitoni),Les Petits Chanteurs de Montigny
41957,Messe à 3 voix (Antonio Lotti),Les Petits Chanteurs de Montigny
41958,O bone Jesu (C.G. Reissiger),Les Petits Chanteurs de Montigny
41959,Alma Redemptoris Mater (G.P. da Palestrina),Les Petits Chanteurs de Montigny
41960,L'immensité du firmament (Benedetto Marcello),Les Petits Chanteurs de Montigny
41961,Chasmaeon,Ga'an
41962,Living Tribunal,Ga'an
41963,I of Infinite Forms Part I,Ga'an
41964,I of Infinite Forms Part II,Ga'an
41965,Servant Eye,Ga'an
41966,Vultures of the Horn,Ga'an
41971,El Agujero,Juanita y los Feos
41983,...,Childs
42014,Skango - Volfoniq rmx (Canada),Caballo and the Mothafu Kings
42016,Them never love the flowers - Jambassa rmx by Dub One! (Germany),Dub One!
42017,There is a tower on that hill (Greece),Dub Riots
42018,La boite a track (Spain),Electronischebasisgeluide
42019,Them Never Love No Bans - DnB Mix (Germany),Hot Fire
42020,Real Avatar  (Jamaica),Jah Henchman
42023,No Banned Dubs  (Greece),Lowknee
42025,Live much longer (Jamaica),Money Pallet
42027,471-000 (South Africa),Restive
42028,No Fun (U.S.),Sugar Prince Ijahman
42029,Drumsong Riddim - dubshot's boombastic redub (Lowlands),Tony Dubshot
42030,Live to Raze again (Jamaica),Triple D
42031,Henri Martin Affair  (Sweden),Uffe
42040,Enjoy Your Holiday,Coolzey
42043,Movin',mGee
42044,NanowaR,NanowaR Of Steel
42045,The Great Break-off,The Insider
42046,Bottles of Reason,Dead Poets
42048,Fractals,Pinkle
42049,Creepin' Crazy Time,Big Blood
42119,Heavy Metal Attack Part 2,The HATE Noise and Anonymous
42126,Too Far,The HATE Noise and Anonymous
42129,Full-A-Blues,Colin Shaddick & Roger Nicholls
42135,E Boogie,Colin Shaddick & Roger Nicholls
42138,Capture My Soul,Colin Shaddick & Roger Nicholls
42139,Bebop Rain,Colin Shaddick & Roger Nicholls
42141,Smoke In The Blues Bar,Colin Shaddick & Roger Nicholls
42146,Blues For Brownie,Colin Shaddick & Roger Nicholls
42234,Lacin Cocek,Zlatne Uste Balkan Brass Band
42235,[interview],Zlatne Uste Balkan Brass Band
42236,Kozarica Kolo,Zlatne Uste Balkan Brass Band
42238,Srebrin,Zlatne Uste Balkan Brass Band
42240,Vranski Cocek,Zlatne Uste Balkan Brass Band
42241,Boki Trinaest,Zlatne Uste Balkan Brass Band
42243,Prodzo Selo,Zlatne Uste Balkan Brass Band
42245,Michael's Ruchenitsa,Zlatne Uste Balkan Brass Band
42247,Cororo,Zlatne Uste Balkan Brass Band
42257,Letter from France,Derek Spaldo
42262,House Nigga,Derek Spaldo
42265,Finally You're on My Side,Derek Spaldo
42269,History Rewritten,Nicky Cook
42276,Know what I Mean,Nicky Cook
42279,Tiny Pitfall,Thierry Massard
42281,Crunchy Craft,Thierry Massard
42283,Carbon Street,Thierry Massard
42285,7 fois 7 font 49,Thierry Massard
42286,Inside,Thierry Massard
42287,Myself & Me,Thierry Massard
42288,Où étiez-vous ?,Thierry Massard
42304,Kanopedia II Live in Japan,Lechones Sangrientos
42310,Sumar (intro),Lockerbie
42311,Laut,Lockerbie
42312,Snjóljón,Lockerbie
42372,Only Instrumental,Broke For Free
42373,Mell's Parade,Broke For Free
42374,My Luck,Broke For Free
42375,Day Bird,Broke For Free
42376,My Always Mood,Broke For Free
42377,Night Owl,Broke For Free
42426,A1 five steps,Panta Rei
42427,A2 White bells,Panta Rei
42428,A3 five o clock freak,Panta Rei
42430,B2 The turk,Panta Rei
42431,Introduction Insects,Dragon
42432,Lucifer,Dragon
42433,Leave me with tears,Dragon
42434,Gone in the wind,Dragon
42435,In the blue,Dragon
42436,Crystall Ball,Dragon
42441,A1 You speak and speak and colegram,univeria zekt
42442,A2 Altcheringa,univeria zekt
42443,A3 Clementine,univeria zekt
42444,A4 Something's cast a spell,univeria zekt
42445,A5 Ourania,univeria zekt
42447,B2 Undia,univeria zekt
42448,A1 A graca,Mario Garcia
42449,A2 Quando cair O super heroi,Mario Garcia
42456,What Now,Dinowalrus
42457,Radical Man,Dinowalrus
42461,Electric Car Gas Guitar,Dinowalrus
42462,Beastin The Airwaves Dub Part One,Dinowalrus
42463,A 1 still a rambler,Yves Rakotomalala
42464,A 2 working man,Yves Rakotomalala
42475,A 1 Freedom voice of my soul,Art Boys Collection
42476,A 2 Stoned wall,Art Boys Collection
42477,A 3 Roll engine roll,Art Boys Collection
42478,A 4 Flying machine,Art Boys Collection
42479,A 5 Love,Art Boys Collection
42480,A 6 All my life,Art Boys Collection
42481,B 1 I m ridding on an arrow,Art Boys Collection
42482,B 2 Wait for the days,Art Boys Collection
42483,B 3 Happy woman,Art Boys Collection
42484,B 4 Station nowhere,Art Boys Collection
42485,B 5 In a foreign country,Art Boys Collection
42486,B 6 Jesus said,Art Boys Collection
42527,Sleepyhead,Starring
42528,Wife Of God,Starring
42529,Disco,Starring
42530,Your Mother + Your Dad,Starring
42531,Iphone,Starring
42532,Television,Starring
42533,Aphonia,Starring
42534,July,Starring
42632,Plump out,Tabla y Cuchillo
42634,Reduction,Tabla y Cuchillo
42648,anita the saggitarius,Gino Pertot
42649,unthrutful yes,Gino Pertot
42650,What kind of human,Gino Pertot
42651,Poem to Vienna,Gino Pertot
42659,Nick Drake,Gino Pertot
42712,MCMLXXXI Choir,Andy & Zeus
42714,Eyes Closed,Mind Over Midi
42716,In Silence,Mind Over Midi
42718,Post-lunch Dip 2,Mind Over Midi
42719,End State,Mind Over Midi
42720,Push Push,stockfinster.
42721,Daypusher,stockfinster.
42722,Think Again,stockfinster.
42723,Poly6,stockfinster.
42725,Gold Canyon,stockfinster.
42726,Mitglieder,stockfinster.
42727,Slow Ghost,stockfinster.
42728,Don't Point Your Paw At Me,stockfinster.
42729,Sailing Through The Bardo,stockfinster.
42730,Seventeen Days,stockfinster.
42731,The Cabin,stockfinster.
42732,The Dead,stockfinster.
42740,Komnata,Sleepy Town Manufacture
42741,It Seems,Sleepy Town Manufacture
42742,O Nei,Sleepy Town Manufacture
42743,For Pogisto,Sleepy Town Manufacture
42744,Let A,Sleepy Town Manufacture
42745,Fortnight,Sleepy Town Manufacture
42746,So Soft,Sleepy Town Manufacture
42747,Not A Big Deal,Sleepy Town Manufacture
42748,Long Time No See,Sleepy Town Manufacture
42749,Like A Wind,Sleepy Town Manufacture
42750,Owen,Sleepy Town Manufacture
42751,Butterfly,Delicate Steve
42754,Cristal Manor,Andy & Zeus
42755,Basement Wizard,Andy & Zeus
42756,Luna Sea (Riding a Moonbeam),Andy & Zeus
42757,Here We All Are,Andy & Zeus
42761,BLACK FOREST,voyageurs
42766,MONSTERS COMING HOME,voyageurs
42767,DEMON WINGS,voyageurs
42768,CLUB ADDICT,voyageurs
42769,ISLAND UNIVERSE,voyageurs
42770,WET DREAMS,voyageurs
42771,WILD SISTERS,voyageurs
42772,KOMFORT,voyageurs
42773,A MYSTIC,voyageurs
42774,CLUB ADDICT,voyageurs
42775,WET DREAMS,voyageurs
42776,WILD SISTERS,voyageurs
42778,GET IT RIGHT / GET IT TIGHT,voyageurs
42779,UV RAYS,voyageurs
42782,LIL JIMMY SWING,voyageurs
42787,LIQUID SKULLS,voyageurs
42788,VESSEL RISES,voyageurs
42789,SLEEPING OUTDOORS,voyageurs
42798,Reclaim,Crawl Max
42799,Eye Of The Pyramid,Waylon Thornton and the Heavy Hands
42800,Human Razor,Waylon Thornton and the Heavy Hands
42801,Tropical Lover,Waylon Thornton and the Heavy Hands
42802,Two Dead Rats,Waylon Thornton and the Heavy Hands
42806,Who Cares,Waylon Thornton and the Heavy Hands
42807,Barf City,Waylon Thornton and the Heavy Hands
42810,Too Cool For School,Waylon Thornton and the Heavy Hands
42841,Color TV,Waylon Thornton and the Heavy Hands
42842,Walking With The Wicked,Waylon Thornton and the Heavy Hands
42844,Men Don't Cry,Waylon Thornton and the Heavy Hands
42846,Coca Cola Rock n' Roll,Waylon Thornton and the Heavy Hands
42847,Wolf Wagon,Waylon Thornton and the Heavy Hands
42848,The Man With The Golden Arm,Waylon Thornton and the Heavy Hands
42850,Black Fur,Waylon Thornton and the Heavy Hands
42851,Manson Halloween,Waylon Thornton and the Heavy Hands
42852,Teenage Gluehead,Waylon Thornton and the Heavy Hands
42861,Primal Kids,Waylon Thornton and the Heavy Hands
42863,I Need Love,Waylon Thornton and the Heavy Hands
42864,Gimme Strange,Waylon Thornton and the Heavy Hands
42865,Fangs,Waylon Thornton and the Heavy Hands
42866,Monster In My Pocket,Waylon Thornton and the Heavy Hands
42867,Captain WOLF,Catholic Spray
42868,The Ghost From My Grave,Catholic Spray
42869,Kiss The Smack,Catholic Spray
42870,OuiJa Drunk Party,Catholic Spray
42871,Beast In The Bushes,Catholic Spray
42872,Waiting For The Sun,Catholic Spray
42873,The Only One,Catholic Spray
42901,FABRIQ,Phemale
42907,COMPUTERDROOL,Phemale
42911,MEDICAL SEX,Phemale
42913,LA MAIN ETRANGERE,Phemale
42914,BLOWN,Phemale
42915,FACE FARM,Phemale
42920,Grey Owl,USAISAMONSTER
42936,Kkklown,The Meta-matics
42937,Police & Fleas,The Meta-matics
42938,Constructive Destruction,The Meta-matics
42939,Solar Seduction,The Meta-matics
42941,Instru-Mental,The Meta-matics
42946,John Brown For Example,The Meta-matics
42950,Evangelist,The Meta-matics
42952,Everyday Sirens,The Meta-matics
42953,Are We There Yet?,The Meta-matics
42966,Kids,Cave Bears
42984,Lamp Happy Camp,Cave Bears
43016,[conclusion],Huun Huur Tu
43018,Oske Cherde,Huun Huur Tu
43019,[interview],Huun Huur Tu
43020,Sygyt,Huun Huur Tu
43021,[interview],Huun Huur Tu
43022,Kongurri,Huun Huur Tu
43023,[interview],Huun Huur Tu
43024,Kargyraa,Huun Huur Tu
43025,[interview],Huun Huur Tu
43026,Chyraa Khoor,Huun Huur Tu
43027,[interview],Huun Huur Tu
43028,Samagaldai,Huun Huur Tu
43029,[interview],Huun Huur Tu
43030,"Yzhelen Gis, Dorteleen Gis",Huun Huur Tu
43055,seismic waves,Chuck Bettis
43056,acid rain,Chuck Bettis
43057,politicians and corporations,Chuck Bettis
43061,archaic rituals,Chuck Bettis
43062,religious texts,Chuck Bettis
43063,nature prevails,Chuck Bettis
43107,Beautiful Music,Frump! Strumpet! Strife!
43113,I Like Your Dancing,Frump! Strumpet! Strife!
43118,Two Dead Dogs in One Day,Frump! Strumpet! Strife!
43121,Making Friends,Frump! Strumpet! Strife!
43122,Sad Song,Frump! Strumpet! Strife!
43123,Welcome!,Frump! Strumpet! Strife!
43149,The Organs,Boy & The Echo Choir
43150,Windmills & Lantarnlights,Julien Mier
43151,Spring Textures,Shigeto
43152,Moon,Adapt
43153,Through The City,AEED
43154,Samba Que Vem,Dubalizer
43155,Pop,Pisu
43156,Leaf Shaped Feelings (7th Gear Remix),Small Radio
43157,Caminata (Original Mix),Giggs
43158,Confusion,Mathias Schaffhaeuser
43172,Koka,Kiran Ahluwalia
43173,Meri Gori Gori,Kiran Ahluwalia
43283,Hard To Explain,Christoph Schindling
43284,Are You Nuuuuts ____,Christoph Schindling
43285,Entenhausen Calling,Christoph Schindling
43286,I Dance Alone,Christoph Schindling
43287,Your Personal Rainbow,Christoph Schindling
43288,My Heaven,Christoph Schindling
43289,Low Level Flight,Christoph Schindling
43290,"That's Life, Baby",Christoph Schindling
43291,The Dentist,Christoph Schindling
43292,Exit,Christoph Schindling
43293,You and Me,Christoph Schindling
43313,Tastes Like Hairspray,The Carrier Wave
43314,Admiral Acid (feat. Admiral Awesome),The Carrier Wave
43315,Sky Eyes,The Carrier Wave
43316,Orange Meanies,The Carrier Wave
43367,Girl from glycines,Cancelled
43399,Duga vožnja,Nafta
43400,Monstrum,Nafta
43401,Severac,Nafta
43402,Na putu za raj,Nafta
43403,Večeras je sreća na našoj strani,Nafta
43405,Dilema,Nafta
43411,Aurora Australis (instr.),Nafta
43413,One Minute For The Sun,Cubenx
43420,One Minute For The Sun,Saito Koji
43421,One Minute For The Sun,Hiroki Sasajima
43435,One Minute For The Sun,The Green Kingdom
43436,One Minute For The Sun,Fjordne
43437,One Minute For The Sun,Fax
43457,Mistley Blues,Croxford/Andrews
43458,Chicken in the Parlour,Croxford/Andrews
43509,Powerful Lovin,Fergus & Geronimo
43511,Baby Don't You Cry,Fergus & Geronimo
43516,Varshaver,Eastern Watershed Klezmer Quartet
43517,Heifitz' Frailach,Eastern Watershed Klezmer Quartet
43518,Dance Medley,Eastern Watershed Klezmer Quartet
43519,"Play It Again, Dave",Eastern Watershed Klezmer Quartet
43520,Der Heyser Bulgar,Eastern Watershed Klezmer Quartet
43521,Sammy's Medley,Eastern Watershed Klezmer Quartet
43528,Keili Jingle,Talk Normal
43533,Halay,MWE
43534,Ayabibi,MWE
43535,Sirtos (from Yiannitsa),MWE
43536,Suleyman Aga,MWE
43585,Rumelaj,Rozsa has become... Madárka
43586,Nacht en gan Eden,Rozsa has become... Madárka
43587,Arrol Alol,Rozsa has become... Madárka
43588,L'chaim,Rozsa has become... Madárka
43589,Bubamara,Rozsa has become... Madárka
43590,Vlasko,Rozsa has become... Madárka
43592,Am Pistol,Gipsyork
43593,Auzi Mama,Gipsyork
43594,"Liberte, Egalite, Fraternite, et Deportez (speech)",Gipsyork
43595,Intr-o Zi La Poarta Mea,Gipsyork
43596,Hora,Gipsyork
43598,Amari szi Amari,Rozsa has become... Madárka
43599,Goldenshteyn,Rozsa has become... Madárka
43600,"Repülj Madar, Repülj",Rozsa has become... Madárka
43608,15 minute exorcise (excerpt),Prince Rama
43609,Downtown,Lorenzo's Music
43610,Went Your Way,Lorenzo's Music
43611,Dust and Shadows (Ladybeard Cover),Lorenzo's Music
43612,Voomp Boomp,Lorenzo's Music
43613,Roulette,Lorenzo's Music
43614,Fervor,Lorenzo's Music
43615,Indian Summer,Lorenzo's Music
43616,Feed The One,Lorenzo's Music
43617,Hot Water Avalanche,Lorenzo's Music
43618,H-Bomb (Skintones Cover),Lorenzo's Music
43621,Sickly Sweet 1 (unfettered),Kreamy 'Lectric Santa
43623,Steak and Acid/Claudette colbert,Kreamy 'Lectric Santa
43624,No more room in history,Kreamy 'Lectric Santa
43689,Drastic Free,Eok
43691,Nirvana,Eok
43695,Halay,MWE
43696,Los Bilbilicos,MWE
43697,Süleyman Ağa,MWE
43698,Syrtos,MWE
43699,Varshaver,MWE
43761,Me so horny 2,Kreamy 'Lectric Santa
43765,Nova Zemja,Ansambl Mastika
43766,Memede Zlatna Ptica,Ansambl Mastika
43767,Pesna bez Zborovi/More Tri Godini,Ansambl Mastika
43768,Franklin'in Karsilamasi,Ansambl Mastika
43773,Phantoms & Fortunes,Bird Names
43796,Sun explosion.mp3,Kreamy 'Lectric Santa
43812,Baby Face Rock,Jam Messengers
43838,News from Mars,Robot Comes To Me
43842,Dark dark darkest space w Ian-Chris,Kreamy 'Lectric Santa
43843,Sickly Brazil,Kreamy 'Lectric Santa
43844,swimming in random thrift store items,Katrah-Quey
43846,complain about stormy electric,Katrah-Quey
43848,avoid each others auras,Katrah-Quey
43849,Chromestank,Kreamy 'lectric
43856,raiz latina,Chicken Jones
43857,fuckthatpimptalking,Akathasquid
43858,tell me how,This One
43859,tameka method (pt.1),Katrah-Quey ft. dj Alekzander
43860,20 years,This One
43861,loosemarbles,Akathasquid
43863,western chow yun-fat,This One
43865,up north,This One
43866,contemplate jat,Katrah-Quey
43867,one last try,Chicken Jones
43868,ididntknow,Akathasquid
43869,as jimmy used to say,Chicken Jones
43882,mnemonic fragmentation,Myo
43883,crickets,Myo
43884,soft interior,Myo
43885,reverse hydrogen,Myo
43886,gunfight at natural history museum,Myo
43889,Fatso,Cool Devices
43890,Once I Became One of Those,Cool Devices
43895,(this is not a) White World,Cool Devices
43899,04 The Duo ft DJ BrerRabbit - 70s Comic Interlude Pt.2,The Duo
43904,RadioHead,The Duo
43909,The Duo - Funky Tactics,The Duo
43911,fresh handmade,This One
43916,space trips,This One
43954,Sara,Stems
43955,Slow Me Down,Stems
43957,Red Shoes,Stems
43958,Step to the World,Stems
43959,My Baby's Tears,Stems
43962,At the Foothills,James Beaudreau
43964,The Leaden Circles,James Beaudreau
43965,American Gothic,James Beaudreau
43966,Astral Law,James Beaudreau
44056,Soaring Melody,Human Resources
44057,Song for Karen,Human Resources
44092,Future Paths,8 Bit Weapon
44093,Beach Biscuit,µB
44094,Sounds like Jobim on a Mario in an Elevator,µB
44095,ORLY,chunter
44096,Little Sisters,Feryl
44097,Upturned Tortoise Shell,fluidvolt
44098,El Campo Del Laser,The J. Arthur Keenes Band
44110,Indian Landmark,Messages
44132,Die Hard (It's Xmas),Means
44158,Absence of Day and Night 12,Morgan Craft
44164,Absence of Day and Night 6,Morgan Craft
44168,Absence of Day and Night 2,Morgan Craft
44169,Absence of Day and Night 1,Morgan Craft
44185,Instinct And Feelings,Toy Sugar
44192,Waiting For The Night,Toy Sugar
44193,No Touch,Toy Sugar
44194,The Ladder,East Of The Wall
44195,Invisible Ink,Made Out Of Babies
44196,Cuts,Tiger Flowers
44197,The Evil Of All Roots,Black Anvil
44198,Frosted Tread,Naam
44199,The Children Of The Night Make Their Music,Batillus
44200,Sundowners (demo),Meek is Murder
44201,Encircled,The Binary Code
44202,Stones,Castevet
44203,Desert of Sad,Hung
44204,The Falconer,Wizardry
44205,King of All Tears,Pyrrhon
44206,Epitaph,Mutant Supremacy
44207,Victory in Defeat,Incendiary
44231,Hello What You Can't Have,Means
44235,For The Minute (Instrumental),Joey Ripps
44236,With Me (Instrumental),Joey Ripps
44250,Deep,Joey Ripps
44254,Can't Stop Livin',Joey Ripps
44258,Can't Stop Livin' (Acapella),Joey Ripps
44259,Fuck What You Think (Acapella),Joey Ripps
44275,Restraint Impalement,The Ghost In Black And White
44276,Not Your Choice,Wetnurse
44277,The Great Silence,Tombs
44278,Aftermath,Moth Eater
44279,Healer,Hull
44280,Song 6,The Austerity Program
44281,Dawn Of No Light,Defeatist
44282,Year Of The Human,Goes Cube
44283,Autochthon,Krallice
44284,Beyond Perception,Empyreon
44285,The Bundy Curse,Abacinate
44286,Godsize,IKILLYA
44287,Fight Makes Right,Atakke
44335,wild tape,lobait
44340,wild tape,timide et fragile
44341,また電話するね (mata denwa surune),6 or 7
44342,The Path,Ambient Fabric
44343,Triple fragmentation,Bloem
44344,(Don't Want to Hear) Nothing Bad About Lester,Cagey House
44346,#0436,Cezary Gapik
44347,Lanternhouse II,Clutter
44353,For whatever we lose...,Frédéric D. Oberland
44354,British Steam,Graham Dunning
44355,Library,Gurdonark
44359,A Thousand Thank Yous,John Hyatt
44362,"Depressed, Saturated, Walled",Lezet
44366,Drinking the Ocean's Secrets,PAS with Big Brother on Acid
44373,Rights and privileges,Sound Inhaler
44374,The funky side of life we want more,Thanato Twist with Oleg's Sound System
44376,Sharpen All Sides,Zilmrah
44477,A5 Easy Water,Human Resources
44482,B3 Paul Simon the Legend,Human Resources
44746,Chigu,Cheapshot
44747,Ieyasu,Cheapshot
44748,Roopy,Cheapshot
44749,Shudder,Cheapshot
44750,Skeptic,Cheapshot
44771,The Flying Carriage,Least Carpet
44777,Old Wedding Song,Least Carpet
44778,In My Mind There Is a Monster,Charlie Boraley
44779,Monsters,Giovanni Cipolla
44780,When Monsters Want to Dance,Joanna Sandsmark
44781,(She's) Ten Feet Tall,Logan Whitehurst and The Jr. Science Club
44782,Monster,Dorothy's Magic Bag
44791,Wonder World,Michael House
44792,Spaceman,The Moot
44793,Cosmic Sing-a-Long (live at WFMU),Cryptacize
44794,The Great Big Ice Cream Sundae From Outer Space,Charlie Burgess
44795,Space Machine,René Vis
44796,Reizen Naar de Maan (Traveling to the Moon),Flo and Eline
44797,I Came From the Coldest Star,Archbishop Jason Polland
44798,Lighten Up Now,"Miller, Schletty, Thomas, and Gómez"
44799,Spacespagetti (stoleyourburgermix),Paza Rahm
44800,Avaruusmiehen Pieni Askel (Spaceman's Small Step),Aleksi Eeben
44801,The Voyage,Rushjet1
44802,Shiny Spaceship,8-Bit Ninjas
44803,Spaceship Ride Through the Kitchen,W!zardK!d
44804,Helix Nebula,Anamanaguchi
44805,Start Again,Monk Turner + Fascinoma
44806,Letter to the Los Angeleans [BEFORE],Monk Turner + Fascinoma
44809,Everything Already,Monk Turner + Fascinoma
44820,Rhumbus,Black Bear Combo
44821,Otrov,Black Bear Combo
44822,Watchyerstep,Black Bear Combo
44823,Black Bear Kolo,Black Bear Combo
44825,6'39'' über Halberstadt (Bonus),Gerald Fiebig
44848,Field Piano 1,Sunslide
44849,Field Piano 2,Sunslide
44850,Field Piano 3,Sunslide
44851,Field Piano 4,Sunslide
44852,Field Piano 5,Sunslide
44853,Field Piano 6,Sunslide
44854,Field Piano 7,Sunslide
44856,Mesmerizzato In Trono Via Dispersione Aerotropa (Bonus),Logoplasm
44863,The Sacred And Her Journey Home (Bonus),Mirko Uhlig
44886,Mexico City Blues,Los Negretes
44887,Princesa de Media Noche,Los Negretes
44888,Los Últimos 10 Minutos de María Duval,Los Negretes
44894,Puta ciudad,Los Negretes
44895,México City Blues II,Los Negretes
44896,Canción lenta,Los Negretes
44916,Run Peacock Run,Apache Dropout
44917,I'm So Glad,Apache Dropout
44918,Teenager,Apache Dropout
44919,Nothing In My Hand,Apache Dropout
44920,It's a Nightmare,Apache Dropout
44921,Sam Phillips Rising,Apache Dropout
44922,Proserpina's Gardens,Magdalena Solis
44946,Hot salsa trip,arsonist
44947,La Mujer de Antonio,SONGO 21
44948,Donde Estabas-tu ?,SONGO 21
44949,Fallaste al sacar tu cuenta,SONGO 21
44950,Amor Y Felicidad,SONGO 21
44951,De Cuba,SONGO 21
44952,Opening para Songo 21,SONGO 21
44954,Lloviendo sobre el Distrito Federal,Los Negretes
44958,Journey of the Sleeping Giant,Magdalena Solis
44959,Prophetic Dreams,Magdalena Solis
44971,Cleopatra,Los Negretes
44973,Submarinos,Los Negretes
44975,Running Sequence,Andrew Howes
44985,Salón Casino,Los Negretes
45012,Garibaldi de noche,Los Negretes
45016,Ganyang Nasionalisme,Milisi Kecoa
45018,Milisi Kecoa,Milisi Kecoa
45021,"Ini Bukan Arab, Bung!",Milisi Kecoa
45022,Kalian Memang Menyedihkan!,Milisi Kecoa
45025,Attitude (Bad Brains Cover),Milisi Kecoa
45027,Kami Marah! (Bonus),Milisi Kecoa
45028,"Ini Bukan Arab, Bung! (Bonus)",Milisi Kecoa
45054,O Starshem Brate,I Drug Moy Gruzovik...
45055,Pesnya Marka,I Drug Moy Gruzovik...
45056,Privivka,I Drug Moy Gruzovik...
45057,Sudyonyshko,I Drug Moy Gruzovik...
45058,Zvuk Idyot,I Drug Moy Gruzovik...
45059,"Poslednyaya (Vsyo, Eto Poslednyaya)",I Drug Moy Gruzovik...
45060,We Will Spin Forever,The Echelon Effect
45064,cassette_01_song_01,The Ananas
45098,Ella,Los Negretes
45099,Spell,Rolemusic
45100,Leafless Quince Tree,Rolemusic
45101,Straw Fields,Rolemusic
45102,Yellow Dust,Rolemusic
45103,Poppies,Rolemusic
45117,MOUTHR,Phemale
45119,BETTER SCIENCE,Phemale
45122,SPACEBRAIN,Phemale
45125,ONLYGIRL,Phemale
45126,TAJ'S THEME,Phemale
45127,MUD BUDDIES,Phemale
45128,HHHHOTEL,Phemale
45135,The Message,Federsen
45136,Flying Toads (Krowne Remix),Kromatic
45137,nowhere to hide (feat. enka),Joltask
45138,Quantum Living (feat. Texture),Krowne
45139,Backyard Prophet,Photophob
45140,aenictus,helix nebula
45141,The End of Time,Computer Magic
45142,Polymerase,The Gasman
45143,blaugrau [alessandro crimi rmx],freund der familie
45144,Ventillator,Zoltan Solomon
45145,Bačovská,Miretz
45146,Fšenku,Emah
45147,Trávnica,Future Sound Of Petržalka
45148,Tebe Nema,Karaoke Tundra
45149,Magyar Skweeast,Nisiru
45150,Suffer,Michael Kelso
45151,Vychovaj Ma,Burning Boy
45152,Million Flutes And One Drunken Shepherd,DrGy
45153,Green Deli,Foolk
45154,101010W,Influenza
45230,yoko onoz blues,HENOG le musicien
45275,Franz Kafka,The Prefab Messiahs
45335,Billy Ocean,Baby Jazz
45362,A1 Children are playing game,Dragon
45363,A 2 Ballad,Dragon
45364,A3 America,Dragon
45365,A4 Les hommes bleus,Dragon
45366,B1 Red light,Dragon
45375,Choice (Featuring Ashley Macachor) (dustmotes Remix),Jeremy Macachor
45387,Come Fly With Me,Blear Moon
45388,I'm Not Ready Right Now,Blear Moon
45389,Nort rv.,Blear Moon
45390,Le Banc Dans Le Bois,Blear Moon
45391,Like Summer Tempests Came His Tears,Blear Moon
45392,Intracellularisan,Blear Moon
45393,Le dernier,Blear Moon
45419,AAB,Glass Boy
45420,GAD,Glass Boy
45423,ND,Glass Boy
45427,SM,Glass Boy
45429,M,Glass Boy
45463,Cuban Homo Farm,Silver Abuse
45469,Jumpin' Through the Jungle,Silver Abuse
45474,Born From Above,Original Innocence
45475,Jungle Law,Original Innocence
45485,Dogs pt. 2,The Woolen Men
45486,Two Brothers,The Woolen Men
45502,Video Connector (Outro),2NRO8OT
45503,The TV-Asteroid,2NRO8OT
45504,Ugol Padeniya,2NRO8OT
45505,Look Back,2NRO8OT
45506,Pair Of Minutes Before Reboot,2NRO8OT
45507,Crash Of The First Interstellar Channel,2NRO8OT
45508,Play (Intro),2NRO8OT
45513,Oh mary what have you done,Plusplus
45514,Evils,Plusplus
45515,Broken boiler,Plusplus
45516,We wont be mowing today,Plusplus
45517,Tip toes,Plusplus
45518,Chicago,Plusplus
45519,Swimmer,Plusplus
45520,Sisters,Plusplus
45521,Rivers,Plusplus
45522,Windings,Plusplus
45523,North bank upper,Plusplus
45544,Young Lovers,Occult Detective Club
45550,Crimes,Occult Detective Club
45551,Their Walls Around Us (and) Sad Kids,Occult Detective Club
45610,Loading,Tom Woxom
45611,Diego,Tom Woxom
45612,"Ro- or Nanobot, who cares?",Tom Woxom
45613,GTG,Tom Woxom
45614,For Robots,Tom Woxom
45615,Guru Meditation,Tom Woxom
45616,Synthetisator,Tom Woxom
45617,Herz Aus Gold,Tom Woxom
45618,Electric People,Tom Woxom
45619,Robot Or Nanobot ? (remix by Low Bit Revolte),Tom Woxom
45620,For Robots Friendly Floater Mix (remixed by Rico Zerone),Tom Woxom
45921,August,Violence and the Sacred
45934,Melancholic Depression,Rune Martinsen
45941,Soul Eater Codex,Vladimír Hirsch
45953,Quickly Broken At Leisure,Dada Action Group
45964,Blue Dust,James Irwin
45972,Waves of Simplicity,Jared C. Balogh
45980,We are Americans,Lauris
46005,Acidplunderjazz,Ben Presto
46007,The Chrome Suicide,The Implicit Order
46008,From the aquarium,Philippe Petit
46011,Drunk Butterfly at the Insectorium,PAS
46012,"SUD (Caledonia Lounge, 2011)",Obits
46013,"I Blame Myself  (Caledonia Lounge, 2011)",Obits
46014,"You Gotta Lose (Caledonia Lounge, 2011)",Obits
46015,"New August (Caledonia Lounge, 2011)",Obits
46016,"Widow Of My Dreams (Caledonia Lounge, 2011)",Obits
46017,"Pine On (Caledonia Lounge, 2011)",Obits
46018,"Everything Looks Better In The Sun (Caledonia Lounge, 2011)",Obits
46019,"Milk Cow Blues (Caledonia Lounge, 2011)",Obits
46020,"I Can't Lose (Caledonia Lounge, 2011)",Obits
46021,"No Fly List (Caledonia Lounge, 2011)",Obits
46022,"Standards (Caledonia Lounge, 2011)",Obits
46023,"Killer (Caledonia Lounge, 2011)",Obits
46024,Beggin' Dogs,Obits
46025,Talking To The Dog,Obits
46026,I Want Results,Obits
46028,opening the 2nd chakra,Kristus Kut
46029,Lens,Ama
46043,Florence and the Machine,Ergo Phizmiz
46048,Redevolution : A Spirit Haunts This Island Earth,Temple Music
46054,The Five Golden Rules of Facebook,Matthew Sforcina
46058,Scene From A Forest Height,The Noisettes
46059,heads,K.O.B
46063,Signal Grace,OWL BRAIN ATLAS
46064,"""Jazz Stück""",Erik Holz aus Plastik & Kommissar Hjuler
46065,Ludus V,Richard Lainhart
46066,daRundada Sys,suRRism
46067,off,MaCu
46068,378,Catalyst Fantasy
46069,Giorno Sonoro,Patrizia Oliva
46071,Casual Sound Designer (light version),Bacalao
46072,Casual Beats,Bacalao
46073,Casual Sound Designer (Wings of Love version),Bacalao
46074,El Contesto (EP edit),Bacalao
46075,Casual Graphic Designer (helvetica extended mix),Bacalao
46078,Jogja Istimewa,Ki Jarot
46079,Bambu Runcing,Zoo
46080,Klub S.A.,DOM 65
46083,Train Song,Federale
46084,Drop Your Eyes,The Rusty Bells
46085,Sun,The Dalai Lama Rama Fa Fa Fa
46086,Floor,Ostrich Tuning
46087,Take No Prisoners,Alone in 1982
46088,Revenge Of The Nerds,Call Me Loretta
46089,Heaven Haze,Cotton Club
46091,Starlight,Pete International Airport
46100,Anytime,The Cobblestones
46135,Deadweight,Batillus
46136,What Heart,Batillus
46137,Cast,Batillus
46144,First Time,Soft Circle
46145,Don't Know,Soft Circle
46146,Treading Water,Soft Circle
46147,Reaper,Soft Circle
46148,Not Another Follower,Soft Circle
46149,Nerve Of People,Soft Circle
46157,over and under,Antiphon
46158,slow motion,Earsmack
46159,All Tremors Cease (lokey's imminent revision),Erin Dingle
46160,kaze no tani no naushika,Poorpot
46161,Rain on umbrella,BinauralDiaries
46162,Ueno Bells of Time,BinauralDiaries
46191,Egyptian Dream,The Shrubs
46194,London Town,The Shrubs
46198,Work For Food,The Shrubs
46204,Heavy Deeds (live at SXSW),Sun Araw
46205,Crete (live at SXSW),Sun Araw
46206,Crown Shell (live at SXSW),Sun Araw
46237,charming beauty,Amil Byleckie
46238,chill goth alternative freak,Amil Byleckie
46239,daytime delights,Amil Byleckie
46241,"hi, meet my meat",Amil Byleckie
46243,mistress seeks property,Amil Byleckie
46244,outside the box,Amil Byleckie
46302,Hola aloh,Siesto Krapooloso
46311,A plane for germany,Siesto Krapooloso
46324,01,La Chinoise
46331,08,La Chinoise
46465,Choral Girls,Jacuzzi Boys
46468,Cool Vapors,Jacuzzi Boys
46470,Blow Out Your Lights,Jacuzzi Boys
46474,Bricks or Coconuts,Jacuzzi Boys
46475,Fruits,Jacuzzi Boys
46476,Space Cake '85,Jacuzzi Boys
46477,Tight Eyes,Females
46479,Still Grinding,Females
46480,Electric Memory,Females
46481,Diamondback,Females
46483,8-Bit,Females
46485,Saints,Females
46486,Do The Urban Zombie,Females
46505,Dub for Alicia,Mikuś
46506,Father,Slow
46507,Jah Head,J. Gillett
46508,Teacups of Our Ashes,Man Mantis
46509,Flying Ants,Phenoplastic
46510,The World Is Not A Cherry Pie,Sarp Yilmaz
46511,Deep Blue (Hermético Remix),Mootiv
46513,Testament (Kupa Tropical Bleeps Mix),King SlaFF
46514,Leafless Quince Tree,Rolemusic
46525,Ballet In A Box,Doyeq
46526,Eyelashes Of Lanterns,Doyeq
46527,The Letter Back,Doyeq
46528,Train Travel,Doyeq
46537,H1N1,Dan Gleason
46538,Blowjob Stand,Dan Gleason
46539,The Sad Satanist,Dan Gleason
46540,Dear Sweetness,Dan Gleason
46542,Exceprts From My Diary,Dan Gleason
46543,I Was in the Walgreens,Dan Gleason
46544,Woke Up at the Back of the Bus,Dan Gleason
46545,How Do They Make It?,Dan Gleason
46611,Island on Fire,Monster Rally
46637,Antonio Vivaldi: Concerto for Orchestra in C Major FXI No25,Gardner Chamber Orchestra
46642,Three Italian Songs (Caccini; Scarlatti; Tosti),Gardner Chamber Orchestra
46648,Chansons de Bilitis (Claude Debussy),"Sasha Cooke, mezzo-soprano; Pei-Yao Wang, piano"
46652,Air on the G String BMV 1068 arranged for flute solo (Johann Sebastian Bach,Gardner Chamber Orchestra
46695,Premiere Rhapsodie (Debussy),"Richard Stoltzman, clarinet; Peter John Stoltzman, piano"
46710,keine fernen mehr II 4,Antoine Beuger
46711,keine fernen mehr II 1,Antoine Beuger
46712,keine fernen mehr II 2,Antoine Beuger
46713,keine fernen mehr II 3,Antoine Beuger
46717,three lullabies 3,Eva-Maria Houben
46718,three lullabies 1,Eva-Maria Houben
46720,three lullabies 2,Eva-Maria Houben
46726,Believe In Me (Reprise),13adluck & uh-oh
46727,Every Single Word You've Ever Said (Featuring Mark Ingraham),Just Plain Ant
46731,...Cause Asian Vampires Are the Most Vicious of All the Vampires,Shorthand Phonetics
46732,Where The Wild Things Are,Moon & Sun
46733,Hands In,KASHKA
46735,Come Look For Me,Cavanaugh
46736,Out of Time,Palloc
46739,String Quartet 2 Mvt 3,Ben Johnston
46740,String Quartet 9 Mvt 1,Ben Johnston
46757,Back To Those Days,The Paperhead
46836,(I'm A) Skull,Watery Love
46837,Third World Minds,Watery Love
46838,All Night Long,Watery Love
46839,"Get up, Do Your Thing",Monk Turner
46840,Wave a White Flag (Surrender),Monk Turner
46841,All the Time,Monk Turner
46842,I Can't Without You,Monk Turner
46843,Love Renewed,Monk Turner
46844,If She Gives You Her Heart,Monk Turner
46846,Valentines Day Directions for the Lonely,Monk Turner
46851,Hot July,Monk Turner
46854,Halloween Night,Monk Turner
46855,Turkey Time,Monk Turner
46856,December Song,Monk Turner
46927,Venus / Mike’s Dad(Throbbing Dance Remix),Monk Turner
46928,Living Country Song,Monk Turner
46930,Ride my Bike,Monk Turner
46935,Medley,Monk Turner
46936,She’s The American Hippie Girl,Monk Turner
46984,Is it normal,"Anton Mobin, Joséphine Muller, Ian Linter"
46999,Beginningless Time,Spectral Mystics
47008,The Power Of Existence,Spectral Mystics
47010,Rebirth,Spectral Mystics
47011,Ocean Of Life,Spectral Mystics
47012,Open The Small Eyes,Spectral Mystics
47013,Formation,Spectral Mystics
47014,Habituational Patterns Appear,Spectral Mystics
47015,Born With Compassion,Spectral Mystics
47016,The Way Out,Spectral Mystics
47017,Endless End,Spectral Mystics
47024,Bored and Alone,Waylon Thornton and the Heavy Hands
47025,Handsome Fucker,Waylon Thornton and the Heavy Hands
47026,Mama Wouldn't,Waylon Thornton and the Heavy Hands
47027,Interstellar Toilet Paper,Waylon Thornton and the Heavy Hands
47028,I Saw Evil,Waylon Thornton and the Heavy Hands
47029,Eternal Death Rider,Waylon Thornton and the Heavy Hands
47030,Redneck Skatepark Blues,Waylon Thornton and the Heavy Hands
47031,You Don't Surf So Shut Up,Waylon Thornton and the Heavy Hands
47032,Amazing Grace,Waylon Thornton and the Heavy Hands
47035,Yellow,Albert Beger
47036,Tales of Beelzebub,Albert Beger
47037,Point of No Return,Albert Beger
47068,A Night Of Dizzy Spells,Eric Skiff
47069,Underclocked (underunderclocked mix),Eric Skiff
47070,Chibi Ninja,Eric Skiff
47071,All of Us,Eric Skiff
47072,Come and Find Me,Eric Skiff
47073,Searching,Eric Skiff
47074,We're the Resistors,Eric Skiff
47075,Ascending,Eric Skiff
47076,Come and Find Me - B mix,Eric Skiff
47077,Arpanauts,Eric Skiff
47100,02 Le bon dieu et les filles hippies,Manuel J Grotesk
47119,Gondolier and Temptation rag,Albert Benzler and Fred Van Eps
47121,01 FFFFFFFFFF,Manuel J Grotesk
47156,Glory Holes,Slug Guts
47160,Blacksports-Howlin',Slug Guts
47164,Drownin' Man,Slug Guts
47192,Intro,Asian Women on the Telephone
47193,Cosmic Strip,Asian Women on the Telephone
47194,Chrome Weels,Asian Women on the Telephone
47195,Spaceman,Asian Women on the Telephone
47196,Come on Devil,Asian Women on the Telephone
47197,I'm Dumb,Asian Women on the Telephone
47198,Indian Lullaby,Asian Women on the Telephone
47199,Little Colibriy,Asian Women on the Telephone
47200,Horror Sympony,Asian Women on the Telephone
47201,Michalych Gas Tank,Asian Women on the Telephone
47202,Dancing Africa,Asian Women on the Telephone
47260,Ode To A Baby Snowstorm,Ghostly Dust Machine
47319,Part Five,Pitman's Gramophone Course of
47320,Part Four,Pitman's Gramophone Course of
47321,Part One,Pitman's Gramophone Course of
47322,Part Six,Pitman's Gramophone Course of
47323,Part Three,Pitman's Gramophone Course of
47324,Part Two,Pitman's Gramophone Course of
47406,Pyrénées Song,Shape2
47414,Happy Calling (to K.),Shape2
47419,Four Songs For Nikola,Shape2
47420,Crazy Diamond,Shape2
47449,Gripped,Jonathan Kane's February
47463,[interview],Elks
47464,Destined for the Sun,Elks
47465,The Two Moons of Mars,Elks
47466,Blood Runs in Rivers,Elks
47467,Laika,Elks
47468,The Northern Bane,Elks
47469,Eaters of the Dead,Elks
47470,Fall of the Starchitect,Elks
47471,Weed Wolf,Elks
47473,There He Is,Higgins
47474,Always Something,Higgins
47475,Wall of Dumb,Higgins
47477,Roy G. Business,Higgins
47478,Yes I Know,Higgins
47479,Write It Down,Higgins
47480,OK,Higgins
47481,Prelude to a Charly,Higgins
47482,Charly,Higgins
47483,Everybody (Thunder Mountain),Higgins
47499,Stones,Castevet
47500,Red Aura,Castevet
47501,Grey Matter,Castevet
47502,Mounds of Ash,Castevet
47503,Red Star Sans Chastity,Castevet
47504,Hancho Pancho,Slumgum
47505,Big Fun (New Ruckus),Slumgum
47506,Let Me Be Your Bride,Virgin of the Birds
47508,Cut Meat,The Whines
47509,It's Raining,The Whines
47510,Vacation,The Whines
47520,Sweet Little Stranger,Bare Wires
47521,Teen Witch and Television Girls,Bare Wires
47522,Loner,Bare Wires
47523,Ready To Go,Bare Wires
47524,Back On The Road,Bare Wires
47525,Right Time,Bare Wires
47526,Romantic Girl,Bare Wires
47594,New England Street,Tyler Jon Tyler
47595,Loyal Caskets,Tyler Jon Tyler
47596,Pacific Daylight Time,Tyler Jon Tyler
47597,Scotland Yard,Tyler Jon Tyler
47598,Castles,Tyler Jon Tyler
47600,Livery Servants,Tyler Jon Tyler
47601,Tick Tock Tick,Tyler Jon Tyler
47628,A Promise,Clever Elsa
47629,Take Me Home (overmedicated),Clever Elsa
47657,Post,Haute Culture
47658,Chordial,Haute Culture
47659,Erinnerung (snippet Nina Simone),Haute Culture
47660,Gladias,Haute Culture
47661,una vez mas,Onda bidón
47662,alexandra,Onda bidón
47663,me aborrezco cada vez que llego tarde,Onda bidón
47665,My Darling Grace,Berlinist
47666,No Love Song,Berlinist
47670,In Jest,Shady Action
47671,The Topic of Flooding,Shady Action
47672,track 1,Upsidedown Face
47675,track 4,Upsidedown Face
47676,Paradise Is Not So Bad,Lifeguards
47707,Comtrex,Blue Sausage Infant
47708,Am I Blue,Blue Sausage Infant
47712,Number 3,Dominic Lash & Nate Wooley
47720,Part 5,Vincent Barras & Jacques Demierre
47740,Oh My!,Mujeres
47741,L.A.,Mujeres
47742,Frantic,Mujeres
47743,Blood Meridian,Mujeres
47745,Legs,SCUO
47746,Hands,SCUO
47755,Arms,SCUO
47768,I'm 18,Angels in America
47769,Meteoric Ice Pie Menace,Nick Didkovsky
47770,"Vincent Persichetti Piano Sonata No. 9, Mvt. II",Geoffrey Burleson
47771,Opening,Larry Polansky
47772,Exercise 16,Christian Wolff
47773,White Coplanar,Guillermo Gregorio
47774,Sequel Ex,Tim Berne
47775,Day Creek Piano Works VII. Proximate Sounds,David Mahler
47776,Piker: Daughter of Piker,Margaret Lancaster
47778,Aural Shoehorning: I. Plainsong,Barbara Benary
47782,quizas-perhaps-quizas,F.S.Blumm/Lucrecia Dalt
47820,Http://the.Internet.Song,Hulzsum Raizens
47822,Silver Bullet,October 1989
47824,Soak In The Sun (Overcoming Remix),Lucidikah & Awt
47825,Bludhound,Sam Desborough
47826,Extended Piano Piece 2 (Folk),Lezet
47832,Flight Of The Navigator,Communicon
47833,Avskedad,Awt
47834,Acidtummy,Biggiesmartypants
47835,He Wears Clogs For All Time,Révolution Musicale
47836,Rat Mountain Kosher,Saskrotch
47859,Love Everlasting,Zachary Cale
47865,The Wedding Party,Zachary Cale
47867,Train Of Thought,Zachary Cale
47868,All To Order,Zachary Cale
47870,"Angie Yeowell (USA) 14.08.10 - Camp Tipsy, Klein Wall, near Berlin",Salon Bruit (Various Artists)
47874,"Thea Farhadian (USA) 02.07.10 - Verwertung Festival, Stattbad, Wedding, Berlin",Salon Bruit (Various Artists)
47882,"Sciolist (IE) 02.07.10 - Verwertung Festival, Stattbad, Wedding, Berlin",Salon Bruit (Various Artists)
47894,Palm Springs,Superhumanoids
47895,Malta,Superhumanoids
47896,Mirrors,Superhumanoids
47897,An Island,Superhumanoids
47915,Limbo's Village,Dumbo Gets Mad
47916,Plumy Tale,Dumbo Gets Mad
47917,Marmelade Kids,Dumbo Gets Mad
47918,Sleeping Over,Dumbo Gets Mad
47919,Harmony,Dumbo Gets Mad
47920,Why Try?,Dumbo Gets Mad
47921,Eclectic Prawn,Dumbo Gets Mad
47922,Self-esteem,Dumbo Gets Mad
47923,Raymond Play,Dumbo Gets Mad
47924,You Make You Feel,Dumbo Gets Mad
47931,The Great Great Wig Factories of Yore (I),Long Hair
47944,Nero (w/ Matana Roberts),Glows in the Dark
47945,Shadowy End,Birds of Avalon
47946,Guffaws,Birds of Avalon
47947,Microinfinity,Birds of Avalon
47948,Invasion,Birds of Avalon
47951,Sheep,Screaming Females
47955,Buried in the Nude,Screaming Females
47956,Ghost Solo,Screaming Females
47957,I Don't Mind It,Screaming Females
47998,Our Modest Exhumations,Men of Kent
48008,Attendance,Kill Me Tomorrow
48015,The Ocean,Spy Over There
48042,Morning Sun,Delphine Dora
48043,The Road To Unknown,Delphine Dora
48044,The Violence Of The Storm,Delphine Dora
48046,Meditations on Landscape,Delphine Dora
48064,Teenager (live at WFMU),Apache Dropout
48067,It's A Nightmare / Splendid Crown (live at WFMU),Apache Dropout
48069,Dry Basement / 123 (live at WFMU),Apache Dropout
48070,God Bless You Johan Kugelberg / Cha Cha (live at WFMU),Apache Dropout
48087,Vomi d enfants dans ton nouvel orifice,Le Mal
48088,Les copains du mal,Le Mal
48089,Total badness,Le Mal
48090,Discothéque du mal,Le Mal
48091,Le prince des ténébres,Le Mal
48092,Ya plus de chips,Le Mal
48156,Sewage,Professor Kliq
48157,All Control (Hard Version),Professor Kliq
48158,Work At Night,Professor Kliq
48159,Bust This Bust That (Second Movement),Professor Kliq
48160,Flip,Professor Kliq
48161,Nine,Professor Kliq
48162,Fibre Optics,Pinklogik
48163,Phosphene Dance,Pinklogik
48164,It Travels,Pinklogik
48165,Dreams Of Summer,Pinklogik
48166,Rising,Pinklogik
48167,Reflections,Pinklogik
48207,Holotropic,Full Blush
48216,Victimae,Texture
48229,We are the christians,Dimenticarmi Non!
48230,Kaleidoscope,Dimenticarmi Non!
48263,Another day,We Ride Phantoms
48265,Benito Era Un Duende,Los Savants
48268,Pass me the fire,El Sagrado
48269,RReplay,.RR
48289,Play (Intro),2NRO8OT
48290,Leafless Quince Tree,Rolemusic
48291,Reformat The Planet,Bit Shifter
48292,A Scent Of Europe,rugar
48293,aaf,Goto80
48294,Return to Control,Rushjet1
48295,Bitter Bleeps,Mini Roc
48296,Bloody Tears,Kupa
48297,Hare Versus Tortoise,Sycamore Drive
48298,Diamond,A.M.U
48306,Coincidence,6 or 7
48307,Intrigue,Ambient Fabric
48311,Sea Clic,Bassin Versant
48317,Starling,Gurdonark
48319,Jaunty Angles,James Coburn
48326,Sometimes,MaCu
48329,Probabilities by Simulation,Noise Research
48334,Live at Avant-Garde 2010,Philippe Petit & Will Connor
48344,Eigentones,Vultures Quartet
48345,Awful Or Wonderful,Zilmrah
48346,Sexual Display,Zolan Quobble
48367,What It Is Impossible Not to Know and What It Is No Longer Permissible To Believe in the United States,Cloudkicker
48368,A Hymn to the Projectile,Cloudkicker
48369,One Enemy Among Twenty-Five Million Friends,Cloudkicker
48370,DDT,RR
48387,O Fortuna,MIT Concert Choir
48388,Fortune planto vulnera,MIT Concert Choir
48389,Veris leta facies,MIT Concert Choir
48390,Omnia sol temperat,MIT Concert Choir
48391,Ecce gratum,MIT Concert Choir
48392,Tanz,MIT Concert Choir
48393,Floret Silva,MIT Concert Choir
48394,Chramer gip die varwe mir,MIT Concert Choir
48395,"Swaz hie gat umbe - Chume, chum, geselle min",MIT Concert Choir
48396,Swaz hie gat umbe (reprise) - Were diu werlt alle min,MIT Concert Choir
48397,Estuans interius,MIT Concert Choir
48398,Olim lacus colueram,MIT Concert Choir
48399,Ego sum abbas,MIT Concert Choir
48400,In taberna quando sumus,MIT Concert Choir
48401,Amor volat undique,MIT Concert Choir
48402,"Dies, nox et omnia",MIT Concert Choir
48403,Stetit puella,MIT Concert Choir
48404,Circa mea pectora,MIT Concert Choir
48406,"Veni, veni, venias",MIT Concert Choir
48407,In trutina,MIT Concert Choir
48408,Tempus est iocundum,MIT Concert Choir
48410,Ave formosissima — O Fortuna (reprise),MIT Concert Choir
48411,Silo,NaDa BaBa
48412,Yogi,NaDa BaBa
48413,Smokey Mountain,NaDa BaBa
48416,Harmonic Flying,NaDa BaBa
48418,Forest,NaDa BaBa
48434,How To (Bass Assassin remix),Illocanblo (Bass Assassin remix)
48435,Velociraptors (Illocanblo Remix),Bass Assassin (Illocanblo remix)
48436,PeonyLantern,Bass Assassin
48437,TighsFactor,Illocanblo
48438,Re-jello dub,Illocanblo
48439,Panic,Bass Assassin
48440,BassAssassin,Bass Assassin
48441,Olebaster,Illocanblo
48442,8bitDetective,Bass Assassin
48443,SmurfPulser,Illocanblo
48444,au courant,AlexandreDavidGabriel
48445,le bec du poisson,AlexandreDavidGabriel
48446,pluie d'atome,AlexandreDavidGabriel
48448,le rêve de sarah,AlexandreDavidGabriel
48449,le serpent d'essence dans son lit,AlexandreDavidGabriel
48450,4cordes,AlexandreDavidGabriel
48452,éventé,AlexandreDavidGabriel
48453,deux dents dehors,AlexandredavidgabrielMehdi
48454,la cravatte et le ventre,AlexandreDavidGabriel
48456,nez,AlexandreDavidGabriel
48457,poitrine épaules bassin,AlexandreDavidGabriel
48462,"Awaken, Child",Sycamore Drive
48463,Happiness,Sycamore Drive
48464,The Waves Call Her Name,Sycamore Drive
48465,Ocean Breeze,Sycamore Drive
48466,Slumber,Sycamore Drive
48488,Mito Bekriyo,Gogofski
48489,Ay Gyorushitse,Gogofski
48491,Chuperlika,Gogofski
48492,Snoshti Te Prativ,Gogofski
48493,Chunovo,Gogofski
48494,Mostarski Duchani,Gogofski
48530,Ockham's Chainsaw/Orbitralfrontaldistal,exileFaker
48532,Organelle,exileFaker
48533,Prelude #E13D35,exileFaker
48535,Redshift,exileFaker
48537,Reformat the Planet (Double Hybrid Rainbow version Bit Shifter cover),exileFaker
48553,The Living Night Lights,Edward Shallow
48554,Inside (Reprise),Edward Shallow
48555,"We Need Cranes, Not Skyhooks",Edward Shallow
48556,False Hope,Edward Shallow
48557,You've Only Yourself To Blame For Your Tragic Loss In Faith,Edward Shallow
48558,You Are Lost,Edward Shallow
48559,The Well and Truly Lost,Edward Shallow
48560,Inside (Leaving),Edward Shallow
48596,Dead but Still Dancing,Ultrasyd
48597,DJ Atari & MC Amiga,Ultrasyd
48598,Needs More Atari//1488 Morons//A Tribute to Nothing,Ultrasyd
48599,YM Type (intro)//The Day YM Killed Fakebit//No Title,Ultrasyd
48600,Brain Damaging Arps,Ultrasyd
48601,I See Cubes,Ultrasyd
48602,Staring at the Sea,Ultrasyd
48680,Stay Depress,Colour Bük
48681,Strange Traveler,Colour Bük
48682,The Fall Suck,Colour Bük
48730,All Mighty (as King Nebuchadnezzar),Lame Drivers
48731,NME DMO VRS / wedontmakemistakes,Lame Drivers
48754,Pendulum III,Wet Ink Ensemble
48763,Hive Burner,Sun Araw
48778,"If I Had To Swim Across An Ocean Of Blood, I'd Do It With You",iot
48782,1,The Valleys
48793,13,The Valleys
48796,16,The Valleys
48805,25,The Valleys
48806,26,The Valleys
48807,Little Heads,Oblivian Substanshall
48808,Local Boogie,Oblivian Substanshall
48809,Heart Made of Gold,Oblivian Substanshall
48810,Like a Physical Space,Oblivian Substanshall
48815,FUN,Oblivian Substanshall
48820,I'm a Matchbox,Oblivian Substanshall
48822,Nothing in Particular,Oblivian Substanshall
48826,Brilliant Bonkers,Oblivian Substanshall
48828,The Balloon,Oblivian Substanshall
48852,Share Man,NaDa BaBa
48853,Todaji,NaDa BaBa
48854,"Hello, You Are Hearing The Sound",NaDa BaBa
48855,Stone Fish Bone,NaDa BaBa
48856,Third Whale From The Sun,NaDa BaBa
48857,Kangaroo Moth,NaDa BaBa
48858,Words Violence Worlds,NaDa BaBa
48859,Own Earn,NaDa BaBa
48860,Gompa,NaDa BaBa
48861,Skull Flower,NaDa BaBa
48862,Thursday Morning In London (Falluja Mix),NaDa BaBa
48863,Thunder Wave,NaDa BaBa
48864,Visiting Brett Whiteley In Hell,NaDa BaBa
48865,Mad To Talk,NaDa BaBa
48902,City Is Dead (Kids cover),Obits
48910,Birthday,White Mystery
48925,Yeti,Long Hair
48931,School's Out (Columbine Mix),Sweden
48933,Vegetable Items,Sister Gwen Mckay
48949,(Unknown),Various Artists
48973,Alcohol,Les Baudouins Morts
48983,Phallus dei,Les Baudouins Morts
48986,Alcohol II,Les Baudouins Morts
48990,Rompuy Reggae,Les Baudouins Morts
48999,Dark Horse,The Great Wilderness
49023,Converted to an airfield,John Roach
49027,Introduction of Steel Shafts,John Roach
49029,Summer Lover,Mia Doi Todd
49030,Under The Sun,Mia Doi Todd
49031,La Havana,Mia Doi Todd
49032,The Rising Tide,Mia Doi Todd
49039,Ice cold brew acapella,Sexton Ming
49060,1998,dj smallcock
49061,Track 03,Justice Yeldham
49062,Track 04,Justice Yeldham
49064,Track 06,Justice Yeldham
49066,I Just Can't Stand Wangdangers,Justice Yeldham
49067,Buscuit Basket,Justice Yeldham
49068,Knobranaut,Justice Yeldham
49070,Bologna Soundcheck 031105,Justice Yeldham
49071,038 Zwolle 090104,Justice Yeldham
49072,266 Chippendale 140706,Justice Yeldham
49073,267 Chippendale 220706,Justice Yeldham
49087,Rampa di Lancio,Piccola Orchestra Gagarin
49098,Nine Whole Lives,Piccola Orchestra Gagarin
49099,Harness (Live @ WFMU),White Fence
49103,Lilian (Won't You Play The Drums) (Live @ WFMU),White Fence
49106,Mr. Adams / Who Feels Right (Live @ WFMU),White Fence
49130,5 O Clock Sundays,Enablers
49135,Februaries,Enablers
49136,1939,Enablers
49138,Tundra,Enablers
49139,We Speak Etruscan,Lee Hyla
49161,Landscape,John Roach
49167,"Rise up Arecibo (with Marco Larsen, Ian David Simpson, Amanda Trovato, Ben Owen, John Hudak, Michael Northam)",John Roach
49169,The Two Shades,John Roach
49173,King Saint Stephen and his Swamp,John Roach
49355,Surfers Are Back,The Barracudas
49361,Summer Fun,The Barracudas
49363,Ben Bolt; In the gloaming,Bohumir Kryl
49364,Carnival of Venice [Variations de concert sur le Carnaval de Venise],Bohumir Kryl
49365,"Du, du",Bohumir Kryl
49393,Breaking Of The Egg,Volvox
49394,Pure Horror,Volvox
49395,Lemon Creek,Volvox
49399,Lucky Kitchen,Volvox
49401,Insect Horror,Volvox
49404,Putrid Helicopter,Volvox
49406,It's Bothering You,Volvox
49407,300104 hamburg,Justice Yeldham
49408,020604 beirut,Justice Yeldham
49427,New Age Dinosaur,Radical Dads
49431,Hurricane,Radical Dads
49433,Pink Flag,Radical Dads
49441,You Taste Like The Tropics,Bush Tetras
49443,Ocean,Bush Tetras
49444,Motorhead,Bush Tetras
49448,Boom,Bush Tetras
49471,You Are The Bomb,Frenic
49472,Race Relations,Joshua Watkins
49473,"Smile For Me, Sun",Adam & Alma
49475,Dispute,Djet
49476,Infinity,BADLUCK
49477,U Fine (Remix) (Featuring CM aka Creative),Garmisch
49478,Obituary Of A Sell Out MC (Featuring D-Fine),A-Rec
49479,Love Is,Suhov
49481,"Eager, Too Eager",Giraffe
49529,lullaby,Riding Alone For Thousands Of Miles
49530,"Anya's prayer, Anya's dream",Riding Alone For Thousands Of Miles
49531,she was my lighthouse,Riding Alone For Thousands Of Miles
49532,love song,Riding Alone For Thousands Of Miles
49537,Eli,Riding Alone For Thousands Of Miles
49581,New Song,MKRNI
49582,Andinita,MKRNI
49583,Senorita Robinson,MKRNI
49584,Humedad,MKRNI
49585,Pongi Pongi,MKRNI
49602,Devil's Flesh and Bones,Eliza Rickman
49605,Black Rose,Eliza Rickman
49607,Cinnamon Bone,Eliza Rickman
49663,Last Pieces. Slow. Soft. Durations are Free (performed by Dante Boon),Morton Feldman
49811,White Rune,Ice Age
49812,Rotting Heights,Ice Age
49813,You're Blessed,Ice Age
49814,White Sails (Marching Church Cover),Ice Age
49815,Never Return,Ice Age
49816,Count Me In (Sex Drome Cover),Ice Age
49817,New Brigade,Ice Age
49819,111-Intro,Say No! To Architecture
49842,Apple spell,My Bubba & Mi
49843,Gone,My Bubba & Mi
49844,Bubba’s Blues,My Bubba & Mi
49845,Steamengeene,My Bubba & Mi
49846,Really Really,My Bubba & Mi
49847,Satisfied mind,My Bubba & Mi
49848,I will never love a young boy again,My Bubba & Mi
49849,Hwaii Blus,My Bubba & Mi
49856,Blinde state,My Bubba & Mi
49857,After you,My Bubba & Mi
49930,Drum Solo,Pika
50056,Caballo de mar,Allfits
50058,all I can hear now,Downliners Sekt
50059,rising saudade,Downliners Sekt
50060,locked faces,Downliners Sekt
50061,hockey nights in Canada,Downliners Sekt
50072,Cajo en Dios,Os Trasnos De Moscoso
50137,Star spangled banner (120 rpm),George J. Gaskin
50138,Patriotic songs of America,New York Military Band and the American Quartet
50140,Star-spangled banner (Song),United States Marine Band
50141,Our national song,Harry E. Humphrey
50163,Brother of an angel,Naran
50164,I am rich,Naran
50165,Sister D2,Naran
50167,Beginning,Naran
50264,Mandala,Square Flare
50267,Masquerade,the nuri
50268,Billows,the.princess.and.the.pearl
50269,Nu Dead Pretty,Mach FoX
50270,Human,Cautiva
50272,Destroy She Says,ZOE.LEELA
50273,Crystals,Professor Kliq
50274,Vibration,Flint Hayerr
50275,Dig for Coal,Fuchs und Elster
50276,The Commons,David Rovics
50283,positive vibes,Ras Tilo
50284,Nebulosa,Umbra Summi Nobis
50288,Penguin (Rachael's Theme),Binärpilot
50291,Verquer,Fuzzy Tunes
50312,Grain Arpeggio,McCloud Zicmuse
50320,Steeper Slope of the Mountain,McCloud Zicmuse
50321,The Reluctant Leaf,McCloud Zicmuse
50322,Train is Late,McCloud Zicmuse
50323,Wind Blows on the Bird Spotted Hill,McCloud Zicmuse
50367,park,Horiso
50368,dark,Horiso
50369,red,Horiso
50370,yellow,Horiso
50371,orange,Horiso
50386,Ellingtopia,Burning Bright
50387,Apathetic,Burning Bright
50388,Better Believe It,Burning Bright
50389,Sittin' In The Park,Burning Bright
50409,Shell Shock,Animals & Men
50410,Evil Going On,Animals & Men
50416,Totem i tabu,zastranienie
50444,Thrashing In The Unknown,Milk Music
50445,I've Got A Wild Feeling,Milk Music
50446,Violence Now,Milk Music
50447,Beluga,Milk Music
50448,Fertile Ground,Milk Music
50449,Interview,Milk Music
50460,Take On Me,The Kyoto Connection
50466,Be Cool,Blake Teres
50539,Stranger Song,The Men
50540,Problems/Burning Up,The Men
50541,Grave Desecration,The Men
50542,Madonna; The Star Of The Sea,The Men
50543,Lazarus,The Men
50544,Praise The Lord And Pass The Ammunition,The Men
50545,Oh Yoko,The Men
50546,Immaculada,The Men
50598,The Depression Contest,Kristeen Young
50608,The Sea of Milk,Long Hair
50609,Yeti,Long Hair
50610,There Is Nothing to Forget Anymore,Long Hair
50611,Wonderful Cocaine Tonight,Long Hair
50612,This Train Has Sailed,Long Hair
50613,Chasmed River,Long Hair
50614,Where You Have Been,Long Hair
50616,Holy Ghost,Laura Stevenson
50617,The Hole,Laura Stevenson
50618,Amphibian,Laura Stevenson
50619,Caretaker,Laura Stevenson
50620,I See Dark,Laura Stevenson
50621,Barnacles,Laura Stevenson
50622,Nervous Rex,Laura Stevenson
50623,A Shine To It,Laura Stevenson
50650,Topsiders,Rhythm & Blues Motherfuckers
50651,China Club,Rhythm & Blues Motherfuckers
50653,Sweatshow,Rhythm & Blues Motherfuckers
50671,Sentimental-Fields 3 All Kinds Of Gibberish Sounds,The Superfools
50672,Sentimental-Fields 4 Don't Be A Luddy Duddy,The Superfools
50673,Sentimental-Fields 5 Sentimental Fields,The Superfools
50745,Berlin,In Isolation
50748,Insane We're Not Lovers,In Isolation
50749,Single Rotations of Love,In Isolation
50750,High Art,In Isolation
50751,Film Noir Scandal,In Isolation
50752,Ballada Bezbożna,Metalmorphosis
50753,Całujcie Mnie,Metalmorphosis
50754,Biopsja Duszy,Metalmorphosis
50812,Talking To The Dog,Obits
50818,Pointless Crusade,New Mortal Gods
50819,Hang 'Em High,New Mortal Gods
50820,Bloodstained White Coats,New Mortal Gods
50821,Let Us Burn,New Mortal Gods
50822,PAS (live),Ljudske Potrebe
50823,Alter ego,Ljudske Potrebe
50828,Zarobljenički ples,Ljudske Potrebe
50829,Alkohol,Ljudske Potrebe
50830,To Nisam Ja,Ljudske Potrebe
50832,To nisam ja (unplugged),Ljudske Potrebe
50833,Nevolje,Ljudske Potrebe
50836,rock n roll parte I,La Mugre Roja
50837,rock n roll parte II,La Mugre Roja
50851,Cashmere,Kraus
50852,Dog on the Loose,Kraus
50853,Hurtling Towards Doom,Kraus
50854,Sherry,Kraus
50856,Gentle Stranger,Kraus
50857,La Bamba,Kraus
50858,Dream Egg,Kraus
50859,Let Me Eat Cake,Kraus
50860,Open,Comptroller
50861,Monks,Comptroller
50862,Bad Ice,Comptroller
50863,NoNoNo,Comptroller
50864,White Knighting,Comptroller
50865,Low Point,Comptroller
50866,Red Room,Comptroller
50868,Crossover Dragon,Comptroller
50869,Exapno Mapcase,Comptroller
50882,Private Eye,Kevin MacLeod
50884,Aces High,Kevin MacLeod
50888,DD Groove,Kevin MacLeod
50890,Hustle,Kevin MacLeod
50891,Dirt Rhodes,Kevin MacLeod
50892,Slow Burn,Kevin MacLeod
50952,Cattails,Kevin MacLeod
50954,Soporific,Kevin MacLeod
50955,Eastminster,Kevin MacLeod
50956,Devastation and Revenge,Kevin MacLeod
50958,The Forest and the Trees,Kevin MacLeod
50970,Dances and Dames,Kevin MacLeod
50971,Off to Osaka,Kevin MacLeod
50972,I Knew a Guy,Kevin MacLeod
50975,Faster Does It,Kevin MacLeod
50988,Dances and Dames,Kevin MacLeod
50989,Off to Osaka,Kevin MacLeod
50990,I Knew a Guy,Kevin MacLeod
50993,Faster Does It,Kevin MacLeod
51004,Tikopia,Kevin MacLeod
51005,Rite of Passage,Kevin MacLeod
51006,Quasi Motion,Kevin MacLeod
51022,Dweller,Tolouse Low Trax
51023,Second trip,Tolouse Low Trax
51111,Motormouth,Bob Ostertag
51112,Arms and Legs,Bob Ostertag
51113,Shadow Pocket,Bob Ostertag
51114,Wack,Bob Ostertag
51115,Hymenoptera,Bob Ostertag
51117,Affairs of State,Bob Ostertag
51118,Tickled Pink,Bob Ostertag
51120,Pyllykenraali (instrumental),Moppi Ja Aivokurkiaiset
51144,I Panema,Je suis le petit chevalier
51146,Can't Tell What's Real,Terror Bird
51149,Stutter,Skitter
51151,I have to be leaving,Gremlinz
51157,Ignoble Cleft (First Visit),Base Cleft
51158,Carousel of Bent Facts,Base Cleft
51166,u gumbu,Downliners Sekt
51167,dirty meinz,Downliners Sekt
51168,inside maverick's,Downliners Sekt
51169,negative green,Downliners Sekt
51193,Panic! Sonic Monk,Downliners Sekt
51194,Scope Creep,Downliners Sekt
51197,Third Policeman Remix,The Superfools
51200,Sergeant Fox Trot,Elvis Herod
51201,An Insanitary Abstraction in the Backyard,Lezet
51202,Divney RMX,David Fenech
51203,Bulbul Box Energy,Blax Box
51260,I Sing Despair,Les Filles et les Garçons
51261,The End,Casa Del Mirto
51262,Paradisio,Party Girl
51263,Through The Noise,Germany Germany
51264,Dextromethorphan,[PHYSICS]
51265,City Lights,Skeleton Hands
51266,Stretch Out,Doctrine
51267,Thinking Of You,Teeel
51268,In The Sun,Lisbonne
51269,Rhythm King Mega,Bad Dourif
51271,Catcher In The Rye,Azure Blue
51272,Summer Blood,Work Drugs
51273,Imperfections,Radioseven
51274,Lost Time,The Never Years
51275,Heaven,Mother Of Pearl
51276,You Said (feat. Laetitia Taschatt),Kelton Prima
51278,under a rock,Phemale
51289,green's river,Phemale
51291,among us,Phemale
51292,seven cities of mold,Phemale
51296,A Beast That Few Can Master,John Badger & The Moustache Riders of Doom
51297,Die Verwandlung,John Badger & The Moustache Riders of Doom
51299,In The Pines,John Badger & The Moustache Riders of Doom
51301,Skeletons Fighting Over A Pickled Herring,John Badger & The Moustache Riders of Doom
51303,The Servant,John Badger & The Moustache Riders of Doom
51304,Tulare Lake,John Badger & The Moustache Riders of Doom
51305,A Nation of Culls & Weeds,John Badger & The Moustache Riders of Doom
51309,Ever Falling In Love,Times New Viking
51316,Ways To Go,Times New Viking
51317,New Vertical Dwellings,Times New Viking
51321,Smoke-Breathing Lights,Tomas Fujiwara & The Hook-Up Trio
51322,Questions,Tomas Fujiwara & The Hook-Up Trio
51331,You're the Blues,Boca Chica
51332,For Jacob with Malaria,Boca Chica
51333,Afternoon Tea,Boca Chica
51344,canned foods,OWL BRAIN ATLAS
51355,weatherproof,OWL BRAIN ATLAS
51359,Old-Fashioned Baby,Sometimes Always
51360,Ivory Tower,Sometimes Always
51382,i am planet crushing,Plastic Crimewave Sound
51383,dead island boogie,Plastic Crimewave Sound
51387,bad politics,Plastic Crimewave Sound
51388,shockwave rider,Plastic Crimewave Sound
51479,The Wreck Of The Edmund Fitzgerald,Eric Boros
51481,Urban Myth Remix,Karl Mohr
51502,Zwiebelkuchen,Vernon Lenoir
51503,Atembeschwerden,Vernon Lenoir
51505,Dwelling,Vernon Lenoir
51506,Another Glass of Melonade,Vernon Lenoir
51508,Augustus (feat. Satanicpornocultshop),Vernon Lenoir
51511,My Name Is Nobody,Vernon Lenoir
51512,Sandburger (feat. Roglok),Vernon Lenoir
51513,Loyola,Vernon Lenoir
51514,Paulus,Vernon Lenoir
51515,Altstadt,Vernon Lenoir
51516,Sud (feat. Ergo Phizmiz),Vernon Lenoir
51517,Makar,Vernon Lenoir
51519,From The Copter To The Skates,Vernon Lenoir
51547,Envy is Inevitable,voyageurs
51548,A Mystic,voyageurs
51549,Lazy Kiss on a Bus Bench,voyageurs
51552,Maximum Roadhead,voyageurs
51555,UV Rays,voyageurs
51557,Warp,voyageurs
51575,And,Khidja
51576,H&E,Khidja
51577,Late At Night,Khidja
51578,Probabil,Khidja
51579,Deep Pot,Khidja
51586,chola,Juan Cirero y Martin del Prado Jr
51592,Sonic sex,Maniqui Lazer
51595,Between Us,Raspberry Bulbs
51596,Before Man,Raspberry Bulbs
51597,Life on the Level,Raspberry Bulbs
51598,Outside In,Raspberry Bulbs
51599,Face in the Cave,Raspberry Bulbs
51600,Tissue in the Bloodstream,Raspberry Bulbs
51601,-instrumental-I Will Not Pretend,Raspberry Bulbs
51602,Tell Me How,Raspberry Bulbs
51603,Will I Ever Speak the Truth?,Raspberry Bulbs
51604,Taken Apart,Raspberry Bulbs
51646,One Life (Featuring Joshua Watkins),mGee
51650,Essence 118,mGee
51651,You Berg,Longwalkshortdock
51653,Waiting For Your Shadow,Matt Bauer
51655,Morning Stars,Matt Bauer
51657,Poplar Trees,Matt Bauer
51659,Blacklight Horses,Matt Bauer
51661,Don't Let Me Out,Matt Bauer
51663,Storm The Castle With 8bit Forks,Strangeloop
51667,Wubducted,Auditory Aphasia
51678,Lazer Furniture Designer,Duran Duran Duran
51680,bad news from Uranus,Adapt
51683,Venus underwater,Adapt
51689,Arriving In Wuchang,Eric Boros
51690,Ode To Old Goat,Eric Boros
51711,Somebody Else's Body,Urge Overkill
51712,Poison Flower,Urge Overkill
51713,Vacation In Tokyo,Urge Overkill
51714,Quiet Person,Urge Overkill
51715,Back On Me,Urge Overkill
51716,Rock & Roll Submarine,Urge Overkill
51765,Can't Keep My Eyes Open,The Paperhead
51766,In a Living Swing,The Paperhead
51767,Do You Ever Think of Me / I Got Nightmares (Q65) / Dear Mr. Vacant,The Paperhead
51774,Vácuo,Nagra
51775,These Weak Hands That Held You Up,Copy Your Idols
51776,March,kesson shoujo
51777,Sun Bridge,Ikimashoo Aoi
51778,North Sea,Frame
51779,The Manitoba Sprat Cat,Wurlitztraction
51780,ThisGrace,In[Perfektion]
51784,Call me at Heaven,Lesvicon Soul feat. Noty Klein
51785,Yellow Dust,Rolemusic
51786,Pacific 231 - Heuristic Occlusion Intro,Pacific 231
51846,Lullaby,Mobster
51847,Moon reflexions (introduction),Mobster
51848,Deep forest,Mobster
51849,Le matin,Mobster
51850,Earthbreaker,Mobster
51851,Ante & post meridiem beats,Mobster
51852,Your eyes through puddles (interlude),Mobster
51853,Our song,Mobster
51854,Et l'air et la mer,Mobster
51855,End of machine age,Mobster
51856,Mon sommeil,Mobster
51857,Ondée urbaine (featuring Screenatorium),Mobster
51858,Hive,Mobster
51870,Le calypso,Mr Ascofi
51875,Agent undercover,Mr Ascofi
51876,Butterfly house,Mr Ascofi
51918,Crippled Inside (John Lennon cover),Green Like July
51919,September Gurls (Big Star cover),Green Like July
51923,Superpalm,Flamingo
51924,Purple Ocean,Flamingo
51925,Brown Lighter (feat. Dumbo Gets Mad),Flamingo
51926,Xitle,Flamingo
51927,Bat Country,Flamingo
51932,Femulate the State,The Chris Kelsey 4
51933,Raw Sun,The Chris Kelsey 4
51934,If Jazz is Dead (Can I Have Its Stuff?),The Chris Kelsey 4
51936,The Past is a Frightening Prospect,The Chris Kelsey 4
51937,"Retrace Our Steps, Act IV",Paul Bailey Ensemble
51938,"Retrace Our Steps, Act I",Paul Bailey Ensemble
51939,"Retrace Our Steps, Act II",Paul Bailey Ensemble
51940,"Retrace Our Steps, Act III",Paul Bailey Ensemble
51941,The World And You,Maps And Diagrams
51942,Duplicate,Maps And Diagrams
51943,Eleemosyn,Maps And Diagrams
51944,Gauche,Maps And Diagrams
51945,Last Train Home,Maps And Diagrams
51946,Navel,Maps And Diagrams
51947,Savannakhet,Maps And Diagrams
51948,Shuffel,Maps And Diagrams
51949,Spirals,Maps And Diagrams
51950,Gamma-Ray Mutation,Tony Dubshot
51951,Mu (Downtown Atlantis),Tony Dubshot
51952,Delta Force,Tony Dubshot
51953,Alfa Edel Pils,Tony Dubshot
51954,Beta Stability,Tony Dubshot
51955,1.61803398,Tony Dubshot
51956,Psionics,Tony Dubshot
51985,The Agenda Remix,Mighty Mega
51986,Amazing Blazing,Mighty Mega
51987,Stupid Phat Blunt (Freestyle),Mighty Mega
51988,Let Your Mind Go,Mighty Mega
51989,Blastin Off,Mighty Mega
51991,Ascetic club,Manudub
51992,Osaka dub mission,Manudub
51997,Chao Praya dub,Manudub
51998,Dub for a girl,Manudub
51999,21st Century Dub Cloud,Manudub
52000,Irie dub feat. Leah,Manudub
52001,Massalia dub selecta,Manudub
52003,Nikkis Cube,The Men
52004,Take Me To The Other Side,The Men
52005,Bataille,The Men
52007,Open Your Heart,The Men
52008,Think,The Men
52033,Prosthetic Fin,Poland
52034,Sure,Poland
52035,Kelpies,Poland
52036,Lying Machine,Poland
52037,Alesser Whale,Poland
52038,Beluga,Poland
52039,Sea Woof,Poland
52040,Catfishes,Poland
52041,Wooded Land,Poland
52042,Sandy,Poland
52043,Feelers,Poland
52044,Anenomes,Poland
52045,Shore,Poland
52113,Noctambulo,Noctambulo
52114,Great Spirit,Noctambulo
52115,Stones and Bullets,Noctambulo
52116,Kaleidoscope Eyes,Noctambulo
52117,Tidings and Blessed Bees,Noctambulo
52118,My Miami,Cracked Latin
52119,The Magic Words,Cracked Latin
52120,Love Is Agony,Cracked Latin
52121,Interview Segment 1,Cracked Latin
52122,A Little Bit Of Loving,Cracked Latin
52123,Caracas Shakedown,Cracked Latin
52124,Interview Segment 2,Cracked Latin
52125,Ringtone,Cracked Latin
52126,Interview Segment 3,Cracked Latin
52127,La Puerta Azul,Cracked Latin
52128,Aceite,Cracked Latin
52129,Interview Segment 4,Cracked Latin
52138,Tweet,Guy Harries
52141,Funny Avatars,Guy Harries
52220,Skating With Girl,Grooms
52221,3D Voices,Grooms
52222,Prom,Grooms
52224,Beastin The Airwaves Jingle,Grooms
52225,El mundo no es real,Hypnomango
52229,Flotando,Hypnomango
52250,Naked On The Beach,Chiquita y Chatarra
52254,La Surf,Chiquita y Chatarra
52255,Motorbike,Chiquita y Chatarra
52256,Alta Tension,Chiquita y Chatarra
52257,"Oh Cherry, Cherry",Chiquita y Chatarra
52258,Yo Robotz,Chiquita y Chatarra
52261,Flying Birds,Chiquita y Chatarra
52274,Full Speed,Los Steaks
52276,Sunday Girls,Los Steaks
52339,Wolves Get Angry,The Hate Noise
52351,Messalina,Inkubus Sukkubus
52352,Vampire Erotica,Inkubus Sukkubus
52353,Belladonna and Aconite,Inkubus Sukkubus
52354,Take My Hunger,Inkubus Sukkubus
52355,Night Angel,Inkubus Sukkubus
52357,Pagan Born (Acoustic),Inkubus Sukkubus
52358,Love Eternal,Inkubus Sukkubus
52359,City of the Dead,Inkubus Sukkubus
52360,Heart of Lilith,Inkubus Sukkubus
52361,Lose Yourself at the Nymphaeum,Inkubus Sukkubus
52362,Wytches,Inkubus Sukkubus
52363,Catherine,Inkubus Sukkubus
52364,Jagermeister,Inkubus Sukkubus
52375,Miracle Children,Phemale
52378,The Story Of X,Phemale
52380,The Gorgeous,Phemale
52387,Rupture Twins,Phemale
52389,Married to the Night,Phemale
52393,Bad Apples,Phemale
52404,Waitin' for the Orange Sunshine,Lorelle Meets The Obsolete
52405,Blast,Buskerdroid
52406,Gameboy Love,Buskerdroid
52407,God Bless His Mess,Buskerdroid
52408,3D(istortion),Buskerdroid
52409,I Want You,Buskerdroid
52444,There Is Nothing To Forget Anymore,Long Hair
52446,Snow Fight,Jan Morgenstern
52447,Finding Scales / Chicken Run,Jan Morgenstern
52448,The Ziggurat,Jan Morgenstern
52449,Expedition,Jan Morgenstern
52451,Cave Fight / Lament,Jan Morgenstern
52452,I Move On (Sintel's Song),Jan Morgenstern / Performed by Helena Fix
52473,Absence of Sunlight,Lady Piss
52474,Penetration,Lady Piss
52475,Send Yourself A Postcard,Lady Piss
52476,Maintenance,Lady Piss
52477,Never Come Back,Lady Piss
52478,Turn Your Head,Lady Piss
52479,The Veil,Lady Piss
52484,The Waves,Ivan Julian
52485,Naked Flame,Ivan Julian
52487,Funky Beat In Siamese,Ivan Julian
52489,Young Man's Money,Ivan Julian
52493,Walking On Water,Ivan Julian
52500,This Is Goodbye,Kalli
52501,Last Train Home,Kalli
52502,To Be Free,Kalli
52504,Rain,Kalli
52506,Bridges Burn,Kalli
52508,Shine On Me,Kalli
52520,If Monday'd Never Come,The Very Most
52521,Alien Girl,The Very Most
52522,Congrizzle 4evzzz,The Very Most
52547,Excuse,The Ettes
52563,I Was Raised To Be Polite & Kind,The Unsacred Hearts
52564,Stuck Inside a Mobile Home with the Mansion Blues Again,The Unsacred Hearts
52565,Heart of the City,The Unsacred Hearts
52566,1978,The Unsacred Hearts
52567,Secret Dakota Ring / No Chance,The Unsacred Hearts
52568,We Were a Band,The Unsacred Hearts
52569,Plug Me In,The Unsacred Hearts
52571,Too Much (Instrumental),The Honorable Sleaze
52573,Give It Up (Instrumental),The Honorable Sleaze
52577,Unused Beat For Your Consumption,The Honorable Sleaze
52578,Dance Track,The Honorable Sleaze
52579,Dance Track (Instrumental),The Honorable Sleaze
52583,Better Days (Just Plain Ant Remix),The Honorable Sleaze
52597,Walking On Air,The Honorable Sleaze
52599,Prolific,The Honorable Sleaze
52628,Vanishing Horizon,Jason Shaw
52629,Groovy Baby,Jason Shaw
52630,Quirky Jerk,Jason Shaw
52631,Big Car Theft,Jason Shaw
52632,Boom,Jason Shaw
52633,Boots Boots Boots,Jason Shaw
52634,Cycles,Jason Shaw
52635,Ecstasy X,Jason Shaw
52636,Fat Caps,Jason Shaw
52637,Feels Good 2 B,Jason Shaw
52638,Forever Believe,Jason Shaw
52639,Get A Move On,Jason Shaw
52641,IceCold,Jason Shaw
52642,Namaste,Jason Shaw
52644,Night Rave,Jason Shaw
52645,Nip The Slipple,Jason Shaw
52646,Pyramids,Jason Shaw
52647,Sk8board,Jason Shaw
52648,Tech Talk,Jason Shaw
52649,The Big House,Jason Shaw
52650,Timen Passing By,Jason Shaw
52696,Summer Love,APB
52697,Shoot You Down,APB
52728,Cleophila,J.K. Randall
52729,Three Rhapsodies: Rhapsody on a Rhapsody,Elaine Barkin
52734,Eusebio Consumed: II.  Dialoguing with the Ventana Sea Nymphs,Mary Lee Roberts
52735,Moves Upon Silence,George Cacioppo
52737,"Language, as a music: II. Argument",Benjamin Boretz
52859,Sea Within,Monosov/Swirnoff
52860,Autonomous Guitar Music For Marc Schulz,Ilya Monosov
52861,For Jojo Takayanagi,Ilya Monosov
52862,"Composition For Tape, Organ, Drum Machine",Monosov/Swirnoff
52876,Freak Cave,voyageurs
52881,Lazy Kiss On A Bus Bench,voyageurs
52898,Gasoline,Mentira Mentira
52899,Ghost,Mentira Mentira
52909,Turnaway,Mentira Mentira
52910,My LSD,Mentira Mentira
52911,Time Time,Mentira Mentira
52912,Time Trabblin',2 Ton Bug
52945,"In Your Lair, Bear",Marissa Nadler
52946,Wedding,Marissa Nadler
52947,Little King,Marissa Nadler
52948,Salutations,Marissa Nadler
52949,Talking About Salutations,Marissa Nadler
52950,All Love Must Die,Marissa Nadler
52951,Alabaster Queen,Marissa Nadler
52952,Talking About Music Videos,Marissa Nadler
52953,Your Heart Is A Twisted Vine,Marissa Nadler
52954,Wind Up Doll,Marissa Nadler
52955,"Mr. John Lee, Revisited",Marissa Nadler
52970,Play Like A Girl,June & Jean Millington
52971,I Love Your Hair!,June & Jean Millington
52974,One For Change,June & Jean Millington
53152,Rudy Alba And The Trinity All Stars - Fix Up Yu Vibe,Ras Amerlock
53154,Ras Amerlock meet Brother Culture - Ride On,Ras Amerlock
53156,Ras Amerlock meets Natty Nation - Hurt me,Ras Amerlock
53157,Dub Stepping Version B,Ras Amerlock
53158,Nuh Fuk Roun,Ras Amerlock
53159,Spy VS Spy,Ras Amerlock
53160,Trinity Ridaz At Flex Studios,Ras Amerlock
53207,The Rolling Stones and her Mother,Mincemeat or Tenspeed
53228,Cater Gator,Fruit Flesh
53229,Cocaine,Fruit Flesh
53230,"Be Glad, Mary!",Octavia
53231,Magdalene's Lament,Octavia
53232,Soul Queen,Octavia
53299,Dub For Alicia,Mikuś
53300,Lament,Mikuś
53301,Ephemeral Dub,Mikuś
53302,Tian Tan Dub,Mikuś
53344,Traveling,Ed Schrader's Music Beat
53349,I Can't Stop Eating Sugar,Ed Schrader's Music Beat
53354,This Is My Sermon,Ed Schrader's Music Beat
53355,My Mind Is Broken By The Sound,Ed Schrader's Music Beat
53367,Easy Ride,The Hate Noise
53368,Cakes,The Hate Noise
53369,Crack Ashes,The Hate Noise
53370,Eating a Wasp,The Hate Noise
53372,Golden Joe,The Hate Noise
53373,Stereo,The Hate Noise
53374,Eat the Joint,The Hate Noise
53375,Future on the Road,The Hate Noise
53376,Quitter,The Hate Noise
53377,The Rumor Lives Strong,The Hate Noise
53378,Hits from the Bong,The Hate Noise
53379,Mama Said Knock You L33T,The Hate Noise
53380,14 - Old Bonus Track - Fartin',The HATE Noise and Anonymous
53381,15 - Old Bonus Track - Welcome to My Country,The Hate Noise
53442,Intro,Fanas
53443,Get Together,Fanas
53444,Mecanique,Fanas
53445,Good Ol’ Love,Fanas
53446,Sunshine,Fanas
53447,Do you vibrate?,Fanas
53448,Whereabouts,Fanas
53450,Teach yourself the Fanas,Fanas
53451,Love it,Fanas
53452,The tavern story,Fanas
53453,80’s interlude,Fanas
53455,Solitary beat,Fanas
53457,Forever falling up,Fanas
53458,Flicker,Fanas
53459,My beautiful farewell,Fanas
53460,Your favorite White boy,Fanas
53461,In the movement,Fanas
53462,Will clap,Fanas
53496,Mes WC Dans Le Train,Audio K
53498,Satin,Audio K
53499,Velours,Audio K
53573,Bubble of Pretend,Mary Lorson
53576,River,Mary Lorson
53577,Burn Baby Burn,Mary Lorson
53578,I Don't Care,Mary Lorson
53586,Run,Big Blood
53587,I Will Love You,Big Blood
53588,Never Let Me Go,Big Blood
53589,Keening,Big Blood
53591,"It's Okay, Roseanne",The Parish of Little Clifton
53592,Echo Island,The Parish of Little Clifton
53636,The Honor Bar,The Unsacred Hearts
53664,20 Stoner,Bobbie Peru
53666,Luke Wake Up,Bobbie Peru
53675,1,Annette Krebs/Taku Unami
53685,Motorond,Salakapakka Sound System
53686,Behavior state,DEREK PIOTR
53687,Behaviour statistics,Salakapakka Sound System
53688,Behaviour Strategy,DEREK PIOTR
53689,Behave like motor,Salakapakka Sound System
53690,Behaviour Stutter,DEREK PIOTR
53691,Bee haven,Salakapakka Sound System
53715,Bonaparte live at Pacific Parc,Bonaparte
53723,Unza Unza live at Pacific Parc,Unza Unza Orkstar
53724,Unza Unza live at Pacific Parc,Unza Unza Orkstar
53725,Unza Unza live at Pacific Parc,Unza Unza Orkstar
53726,Unza Unza live at Pacific Parc,Unza Unza Orkstar
53727,Unza Unza live at Pacific Parc,Unza Unza Orkstar
53728,Unza Unza live at Pacific Parc,Unza Unza Orkstar
53729,01 Whales,Adriano Orru
53730,02 A sa muda,Adriano Orru
53731,03 Hesperos,Adriano Orru
53732,04 DEbEF,Adriano Orru
53733,05 Halys,Adriano Orru
53735,Out Of Order,The Cute Lepers
53736,Fall To Pieces,The Cute Lepers
53737,All This Attention Is Killing Me,The Cute Lepers
53738,Smart Accessories,The Cute Lepers
53739,Cool City,The Cute Lepers
53740,Berlin Girls,The Cute Lepers
53741,Dirty Baby,The Cute Lepers
53742,Noisy Song,The Cute Lepers
53743,"It's Summertime, Baby",The Cute Lepers
53744,Young Hearts,The Cute Lepers
53745,Interview,The Cute Lepers
53746,Airglow,Hooves
53749,Mountain Flu,Hooves
53758,Interview,Sally Crewe And the Sudden Moves
53807,Dull Light,Sex Church
53859,Liquorstore,The Easton Ellises
53860,Sex Like Art,The Easton Ellises
53861,Yakuza Baby,The Easton Ellises
53862,Glitches,The Easton Ellises
53863,Endorphin,The Easton Ellises
53898,Blue Jay,Harpoon Forever
53899,Divine,Harpoon Forever
53900,You + Me,Harpoon Forever
53901,Cruel Story of Youth,Harpoon Forever
53937,B7 Suddenly Yr In My Heart,Scraps
53988,The Bridge (Instrumental),Just Plain Ant
54004,You Crashed Your Bike And I Laughed At You,Just Plain Ant
54005,Don't Bring Me That Weak Ass Coffee,Just Plain Ant
54013,"Light Of The World, Pt. XIII (Bonus Track)",Just Plain Ant
54019,Corn Maiden's Rite,Rhys Chatham
54022,1245,BrandyAlexanderProject + Laps
54023,Türkye,BrandyAlexanderProject + Laps
54024,Sinful Hymn,BrandyAlexanderProject + Laps
54025,Kappadokia,BrandyAlexanderProject + Laps
54026,Rain,BrandyAlexanderProject + Laps
54027,Salvador,BrandyAlexanderProject + Laps
54031,Dissembler,alright lover
54032,Deer Heart,alright lover
54033,Snow Wave,alright lover
54034,Wood Detective,alright lover
54036,Furukawa,alright lover
54037,Fabulous Mr Fox [Pelaw Resider],alright lover
54038,House With Legs,alright lover
54039,Life Heart,alright lover
54040,Stay Blue [Vegetarian Bulimic Alcoholic],alright lover
54051,Beggin' Dogs,Obits
54055,No Fly List,Obits
54056,Milk Cow Blues,Obits
54061,Kottke and the Orchids,Yair Yona
54062,Expatriates,Yair Yona
54063,Mad About You,Yair Yona
54064,Russian Dance,Yair Yona
54065,When The Wheel's Red,WOMAN
54070,Interview,No Babies
54072,Metal,No Babies
54077,Ring Ring,No Babies
54078,Be The Best,No Babies
54079,Interview,High Castle
54124,white noise,happiness in aeroplanes
54125,exeter incident,happiness in aeroplanes
54126,schienenzeppelin,happiness in aeroplanes
54127,knife in the moon,happiness in aeroplanes
54128,agoraphobia,happiness in aeroplanes
54129,alphaville,happiness in aeroplanes
54130,hunted like a ghost,happiness in aeroplanes
54131,the sound of snow,happiness in aeroplanes
54132,autobahnen,happiness in aeroplanes
54133,witch hunt,happiness in aeroplanes
54134,silent silent enemy pilot,happiness in aeroplanes
54135,the quake,happiness in aeroplanes
54136,bristol hum,happiness in aeroplanes
54137,oneirophrenia,happiness in aeroplanes
54138,exchopraxia,happiness in aeroplanes
54149,01 Shakey3,Mark Neil
54150,02 PianoDub,Mark Neil
54151,03 Horses,Mark Neil
54152,04 Lone,Mark Neil
54153,05 TheLastDodo TheHappyAndroid,Mark Neil
54154,06 TalkMeDown,Mark Neil
54155,07 Anyata,Mark Neil
54156,08 Threshold,Mark Neil
54158,10 TheColdFromWithin,Mark Neil
54159,11 strANGE Ls,Mark Neil
54160,12 xw3,Mark Neil
54161,bora bora,San Pedro El Cortez
54162,60 años y no parar,San Pedro El Cortez
54163,Ratas,San Pedro El Cortez
54201,On Time,The German Measles
54202,Interview,Bandana Splits
54217,Gata Peluda,((( vlubä )))
54234,Suspicious,Ivy
54235,Fascinated,Ivy
54236,Thinking About You,Ivy
54237,Edge Of The Ocean,Ivy
54254,Interview Part 5,Mike Doughty
54256,Part Three,"Assif Tsahar, Mat Maneri & Jim Black"
54257,Part Two,"Assif Tsahar, Mat Maneri & Jim Black"
54258,Part One,"Assif Tsahar, Mat Maneri & Jim Black"
54259,Freedom Train,"Assif Tsahar, Peter Kowald & Rashied Ali"
54262,Walking Shadows,"Assif Tsahar, Peter Kowald & Rashied Ali"
54263,West 4th,Assif Tsahar & Tatsuya Nakatani
54264,Come Sunday,Assif Tsahar & Tatsuya Nakatani
54265,Sawing Clouds,Assif Tsahar & Tatsuya Nakatani
54266,"Embracing The Void, Pt. 10 - May 1988",Assif Tsahar And The Zoanthropic Orchestra
54267,"Embracing The Void, Pt. 9 - August 2001",Assif Tsahar And The Zoanthropic Orchestra
54268,"Embracing The Void, Pt. 3 - March 1982",Assif Tsahar And The Zoanthropic Orchestra
54294,This Time,Whitman
54295,In A Moment,Whitman
54296,Exactly What We Wanted,Whitman
54297,I Find It Hard,Whitman
54298,Patio Set,The Embarrassment
54332,Mani Malaikat (Live),Malaikat Dan Singa
54333,Tak Terbatas (Live),Malaikat Dan Singa
54335,Deeply Wrong Merits,Steven Smirney
54337,Deeply Wrong Merits (Venice Remix),Steven Smirney
54338,Bring It Back,Lame Drivers
54339,Huge Relief,Lame Drivers
54348,Oracles,Cooper-Moore & Assif Tsahar
54349,Tribes Gathering,Cooper-Moore & Assif Tsahar
54350,The Eight,Cooper-Moore & Assif Tsahar
54362,X-Ray,K. Sparks
54363,Testify ft. Charmingly Ghetto,K. Sparks
54365,Success,K. Sparks
54368,Fuego ft. Lorria,K. Sparks
54376,The Show Starts (Scratches By DJ Bobby Bob),K. Sparks
54433,60-40 Riddim,Dr. RemiX
54436,Balkanyk Dub,Phoniandflore
54437,Hunters Moon,Secret Archives of the Vatican
54438,The Beast Inside,303db
54442,Hypnotic Stagger,Baby Arm Sound System
54443,Sunny Day (Vocal Version),Mastermind XS
54461,HeadCrack.,Audio K
54463,Swan Lake Dub,DuBoLoGy
54464,Dub Atao,DuBoLoGy
54465,Black Monday,DuBoLoGy
54466,Freakonomics Dub,DuBoLoGy
54467,Chacha Dub,DuBoLoGy
54468,Dub Action,DuBoLoGy
54469,Walk In Forest,DuBoLoGy
54470,Epic Dub,DuBoLoGy
54475,You waited too long,Friglob
54476,Nuf a dem suffering,Friglob
54477,Aerocore,Friglob
54478,Amorphous Criteria,Friglob
54479,Make a turn,Friglob
54480,Mamica su strukle pekli,Friglob
54481,Life is inna riddim,Friglob
54482,Love music,Friglob
54483,"Psionic activity (1 x Spectrum, 9 channels)",Mister Beep
54485,"White-hot iron (1 x Spectrum, 9 channels)",Mister Beep
54486,"Bee-Droids attack! (2 x Spectrums, 6 channels)",Mister Beep
54487,"Galactic coursing (1 x Spectrum, 5 channels)",Mister Beep
54488,"Carry out your duty! (2 x Spectrums, 6 channels)",Mister Beep
54489,"The ninth fighter-ship (1 x Spectrum, 9 channels)",Mister Beep
54490,"The prince's return (2 x Spectrums, 6 channels)",Mister Beep
54491,"A thousand furious bees (1 x Spectrum, 9 channels)",Mister Beep
54492,"Spring is coming (1 x Spectrum, 9 channels)",Mister Beep
54493,"Love Quest (2 x Spectrums, 6 channels)",Mister Beep
54495,Knitting Factory 1999,"Joe McPhee with Roy Campbell, Joe Giardullo, Dominic Duval, Mike Bisio, Jay Rosen"
54496,Composition No. 183,Anthony Braxton
54553,Behind the Jam,Francesco Paolo Addati & Efisio Nicolò Sabiucciu
54554,Rain,Francesco Paolo Addati & Efisio Nicolò Sabiucciu
54555,Machines,Francesco Paolo Addati & Efisio Nicolò Sabiucciu
54556,Insect's Tea,Francesco Paolo Addati & Efisio Nicolò Sabiucciu
54557,River of Blood (feat. Eugenio Altieri),Francesco Paolo Addati & Efisio Nicolò Sabiucciu
54558,EN!,Kingstux
54560,Fast Electric,Kingstux
54561,Geeks and Parasites,Kingstux
54562,Ille,Kingstux
54563,Highskyverbs,Kingstux
54568,"Mil Amores,  Santiago Huancayo",Chicas Real Conquistadoras
54570,Chotana,cristales de san antonio bambamarca
54576,Procesión Virgen del Carmen,varios artistas
54578,SANGRE ANQARA POR SIEMPRE,LOS PURITOS SANGRES
54580,WARMI K UMPASHAQTIY... ATAKES HAP IWAN,los achachis
54596,Walk Into The Sea,Cheater Slicks
54621,Crusade to Terra,Starseed
54622,Conquest and Enslavement,Starseed
54623,Survival of Zeta Reticuli,Starseed
54624,Grapes of Wrath,Starseed
54625,Exodus Journey,Starseed
54626,The Forlorn,Starseed
54627,Red Stars,Тиаз Ич
54630,Drifting to Somewhere,Тиаз Ич
54631,At the Gate's Club Entrance,Тиаз Ич
54632,Venus Gaz,Тиаз Ич
54633,Catsteps on a Wet Moon,Тиаз Ич
54634,Starving Nano-Robots,Тиаз Ич
54635,La Valse des Particules,Тиаз Ич
54657,"If I'm A Baker, You're A Homewrecker",Noisewaves
54658,Someone Unique,Noisewaves
54659,"Voice Recognition, Everything",Noisewaves
54661,Do I Look Like I Want To Play Volleyball?,Noisewaves
54662,Horses With Fake Legs,Noisewaves
54664,La Tristeza,Monday Night Fever
54665,Floatin' Around,Monday Night Fever
54666,Pink Elephants,Monday Night Fever
54667,Sunday Lovers,Monday Night Fever
54699,Right On Red,Bird of Youth
54700,When My Wings Hit The Shed,Bird of Youth
54701,The Sound Of One Name Dropping,Bird of Youth
54702,The Great Defender,Bird of Youth
54703,Sons And Daughters,Bird of Youth
54704,Interview,Bird of Youth
54710,Get Out Of Dodge,Frenic
54711,Ready Remix,ILLUS and DJ Johnny Juice
54713,Elements Of A Love Affair,Plastic People
54714,Inner Tuning,dustmotes
54716,Fuck What You Think (Featuring Sleaze) (TSP's Fuckin' Remix),Joey Ripps
54719,Bollywood Blades,Professor Kliq
54721,Talking The Same,M.A.L.A.
54722,Place Where I Belong,The Frankenstone
54724,Ride In A Van,Dan Melchior und Das Menace
54726,Black Dog Barking,Dan Melchior und Das Menace
54728,Bad Times Good Times,Sorrows
54730,Lonely Girl,Sorrows
54732,Can't Go Back,Sorrows
54733,Crying Time,Sorrows
54734,I Want You Bad,Sorrows
54735,Drums Over London,Disco Zombies
54736,Mary Millington,Disco Zombies
54747,Infinity,BADLUCK
54749,Da New School,BADLUCK
54751,Dey Get Down (Bring The Drama Remix),BADLUCK
54753,Vanity (Instrumental),BADLUCK
54754,Vanity (Featuring Sleep Hollows) (Acapella),BADLUCK
54831,Jardin secret,MOZAURE
54833,Le grand cinéma,MOZAURE
54834,Ressources humaines,MOZAURE
54835,Si seul,MOZAURE
54836,Trahison,MOZAURE
54837,Soupirail,MOZAURE
54838,Tumeur,MOZAURE
54839,Un cas mystique typique,MOZAURE
54841,En attendant le génie,MOZAURE
54848,Tendrils (w/Peter Kowald),Agusti Fernandez
54849,Sea Of Lead Part VI (w/Peter Kowald),Agusti Fernandez
54850,Sea Of Lead Part I (w/Peter Kowald),Agusti Fernandez
54870,Diarrhea Days,Angels in America
54871,Bite and Fight and Poppa Spawn,Angels in America
54872,Mike Hunt's Hard Lemonade,Angels in America
54873,Threndominium,Global Goon
54874,Grenfeld,Global Goon
54875,Hexadunk,Global Goon
54876,ACDCKLF,Global Goon
54877,Isered,Global Goon
54878,Hjor,Global Goon
54879,Ugharthinios,Global Goon
54880,Gogarth,Global Goon
54881,Cyheflon,Global Goon
54882,Kefweth,Global Goon
54883,Minkonia,Global Goon
54884,Dopre,Global Goon
54885,Ooi,Global Goon
54886,"Take Air (Colin Langenus, Eli Winograd, Will Berney)",Colin L. Orchestra
54930,You Gotta Have Someone,Mikal Cronin
54932,Xequijel,Volahn
54934,Tormenta Nativo,Volahn
54935,Trail of Tears; They Who Died for The Ghost Dance,Shataan
54937,Cycle of Destruction and Rebirth,Shataan
54938,Descent of the Spirit,Shataan
54939,Passage of Limbo; 06 - Born to the Body Return to the Earth,Shataan
54942,Brilliant Brightness,Dolorvotre
54946,You Said,Chapter 24
54963,Years (5-8),Starscream
54964,"Mira, Ultraviolet",Starscream
54965,Shred the Gnar (Into the Stars) // 05.10.2094,Starscream
54966,Space,Starscream
54967,"Future, And It Doesnt Work",Starscream
55076,A1,The Polyps
55097,Colibris,Alaclair Ensemble
55098,Cage Maisonneuve,Alaclair Ensemble
55099,POU LÉ ENFANTS,Alaclair Ensemble
55100,Womp,Alaclair Ensemble
55101,SHUFFLE,Alaclair Ensemble
55102,Swing Deo,Alaclair Ensemble
55103,piu piu afrobascanadien,Alaclair Ensemble
55104,juste coo,Alaclair Ensemble
55106,Hustle tard,Alaclair Ensemble
55107,woaow,Alaclair Ensemble
55108,brother jacques,Alaclair Ensemble
55109,post-rigodon,Alaclair Ensemble
55110,tu soyes,Alaclair Ensemble
55111,Intergalactique,Alaclair Ensemble
55112,Qui,Alaclair Ensemble
55113,Le magicien,Alaclair Ensemble
55114,Drave-by,Alaclair Ensemble
55115,Stool pas,Alaclair Ensemble
55116,Galvaude,Alaclair Ensemble
55117,Teflon dons,Alaclair Ensemble
55118,Moule graine,Alaclair Ensemble
55119,Si j'aurais,Alaclair Ensemble
55120,Patate chaude,Alaclair Ensemble
55121,Fa' faire du loot,Alaclair Ensemble
55122,Trace de break,Alaclair Ensemble
55123,Gun gus gus (dimanche soare),Alaclair Ensemble
55124,Le roé,Alaclair Ensemble
55132,Los Angeles,Jacques Cochise
55145,Intro,Je deviens dj en 3 jours
55146,Halloween,Albino Ghost Monkey
55148,Eternity,Dj Hollow Life
55149,I am fear,Epichunt
55150,death of a dream,environmental sound collapse
55151,The Thing on the Doorstep,Flashbob
55152,The Epsilon Program,Joedouken
55153,Death by Disco,Mattisson
55155,gristle castle,"Poke -1,170"
55156,VeryScarryEeryFerry,quBit
55157,Dead should dance,Sidabitball
55158,Drx1932,Silent Requiem
55159,Ghost Boogie,Sparkyboy
55160,zombie apocalypse,starmelt
55161,The MM Project,The MM Project
55163,Macabre,Zombectro & JDDJ3J
55164,higgs bon son,B00daW
55165,Eldritch terrors not only make,Peter Swimm
55183,Intro To Horror,Dylan Palme
55184,Grave Robbers From Outer Space,Dylan Palme
55185,I'm Not Psychotic,Dylan Palme
55186,The Crazies Are Out Tonight,Dylan Palme
55187,Leatherface Ate My Neighbors Too,Dylan Palme
55189,My Brain Won't Die,Dylan Palme
55190,They're All Messed Up,Dylan Palme
55191,profondo rosso,Mesu Kasumai
55192,demoni,Mesu Kasumai
55193,phenomena,Mesu Kasumai
55194,tenebre,Mesu Kasumai
55195,valzer di morte,Mesu Kasumai
55200,RzrXXXcrps (The Devil's Dancing Lesson),Das Gritli Moser
55201,SpyKnAg0R (Dark And Deserted),Das Gritli Moser
55231,All Back To Mine,Mastermind XS
55232,Stop That Mission,Mastermind XS
55233,Kingdom Come,Mastermind XS
55234,District 6,Mastermind XS
55235,Love & Relationshit,Mastermind XS
55236,Sunny Day,Mastermind XS
55237,Business Of Panic,Mastermind XS
55238,Not Free But Not Afraid,Mastermind XS
55240,Memories Of A Machine,Mastermind XS
55241,Serious Problem,Mastermind XS
55242,The Essence Of Bottled Light,Mastermind XS
55255,Little Bit More,Zounds
55256,Electric Band (Live at WFMU),Wild Flag
55257,Nothing (Live at WFMU),Wild Flag
55259,Romance (Live at WFMU),Wild Flag
55260,Future Crimes (Live at WFMU),Wild Flag
55261,Boom (Live at WFMU),Wild Flag
55285,Intro (Callin Karma),The Kyoto Connection
55286,Take on me,The Kyoto Connection
55287,The best days of my life,The Kyoto Connection
55288,Blinded by the lights of Tokyo,The Kyoto Connection
55289,H.E.A.T,The Kyoto Connection
55290,River of Hope,The Kyoto Connection
55291,Marks,The Kyoto Connection
55292,Glorious love song,The Kyoto Connection
55293,The enemy inside,The Kyoto Connection
55294,Do you remember,The Kyoto Connection
55295,Vista Panoramica (Reprise),The Kyoto Connection
55397,Into The Depths,The Soft Moon
55398,Circles,The Soft Moon
55399,Breath The Pire,The Soft Moon
55400,We Are We,The Soft Moon
55401,Out Of Time,The Soft Moon
55402,Total Decay,The Soft Moon
55403,Parallels,The Soft Moon
55404,Tiny Spiders,The Soft Moon
55430,Groover,Bird Names
55436,My Baby's A Lady,Bird Names
55437,People Should Get More Aware,Bird Names
55449,Ready To Roar,Mighty Fine
55451,Joe and Gina,Stan Hubbs
55452,Golden Rose,Stan Hubbs
55479,Death Chain,320320320320
55480,The Zombies Attack,320320320320
55481,Waves,320320320320
55532,Pacific Ghosts,Vulnavia Vanity & Ergo Phizmiz
55547,Introduction,Eaters
55548,Rappers R Dizlikzik,Eaters
55549,Last Christmas,Eaters
55550,Snake Charmer,Eaters
55553,Transparency,Eaters
55554,Factory,Eaters
55555,74,Eaters
55557,Backwards Evolution,Eaters
55558,Ordinary Person Who Has Gone Insane,Eaters
55562,Realative Nature (Krowne),Kromatic
55563,Realative Nature (Asthmatic Astronaut Remix),Kromatic
55564,Club Crunk For Monkeys,Kromatic
55572,'92,BADLUCK
55573,The Coolest,BADLUCK
55574,Wake Up Wit Me,BADLUCK
55575,The Soul Kitchen,BADLUCK
55577,Infinity,BADLUCK
55579,Do What I Doez (Featuring Rico),BADLUCK
55580,Hold On Longer,BADLUCK
55709,11,et_
55710,Train's gone,et_
55711,Tarmac,et_
55712,Kino,et_
55713,Pretty simple plus pretty,et_
55714,1967,et_
55715,Chain splendour 2,et_
55716,Domino,et_
55717,The agency of missing hearts,et_
55718,Kopeika,et_
55719,Children,et_
55756,Welcome to Microhorror,Dr. Von Pnok
55757,Hallo Weenie,Nitro2k01
55758,Something out in the storm,Chip Champion
55759,Fantomas watching you,Squareway(aka MHF)
55760,Gh00lz of Br00klyn,FB5K
55761,Zombie Town,Anti-Cheat
55762,We are not using the Z-word,Mooge Charm
55764,As mobs do,Videovalvontaa
55765,Zombie face eaters,Dot.ay
55766,Lake Eerie,The J. Arthur Keenes Band
55767,Hey look a shotgun!,Silent Requiem
55768,Trick and/or Treat (the candy raid is on!),Nordloef
55769,Bloodrinse,Swampy Boy
55770,Lotorture,unas
55771,Hungarian Requiem,Jdub
55772,Cccnnnp,Jellica
55773,Lodge intro,lpower
55774,Molten Lava,OBE
55775,Death Walks,Little Super Human
55776,chiptune is as dead as gabe's mom,environmental sound collapse
55777,nanovoice score,nanogrrrl
55778,La Chips Party,Zombectro
55779,evil jive,Big Chip
55780,Flesheaters,Matt Nida
55782,A Boring Halloween,t3h rave
55783,Phantasm,chibibo
55786,Psychotic Pumpkin Waltz (for John Carpenter),Ohms & Watts
55807,Skyblue Monday,Blasterhead
55808,Killbots,Blasterhead
55809,HARAKIRI NATION,Blasterhead
55810,Route909,Blasterhead
55811,We are here,Blasterhead
55821,Intro - The Gate,Cristi Cons
55822,Seriously Like,Cristi Cons
55823,Seriously Like (Vlad Caia variatiune),Cristi Cons
55824,Finale - La Melancolie,Cristi Cons
55825,Dark Piano,Cristi Cons
55826,"Reparala, Negra de Alma",Sexteto Tabalá de Palenque
55827,Live on WFMU,Sexteto Tabalá de Palenque
55828,La Pegadita,Sexteto Tabalá de Palenque
55830,Agua,Sexteto Tabalá de Palenque
55831,El Toche y la Cotorra,Sexteto Tabalá de Palenque
55832,Maria Palo,Sexteto Tabalá de Palenque
55833,La Carretera,Sexteto Tabalá de Palenque
55898,Red River,Tickle
55899,My Wee Tribe,Tickle
55900,Call To Action,Tickle
55901,Angelique Highway,Alan Watts
55902,Africa Bats,Alan Watts
55905,Jackson's Fire,Alan Watts
55906,A,Alan Watts
55907,Spectral Void,Alan Watts
55912,Beastin' The Airwaves Jingle,Heaven's Gate
55913,Sun City,Heaven's Gate
55916,Pogo,Heaven's Gate
55917,Salome,Heaven's Gate
55918,Skin Weed,Heaven's Gate
55920,Jesus Hair,Heaven's Gate
55921,Sea Swings,Heaven's Gate
55922,Driving,Heaven's Gate
55923,Reverse Vampire (BFF) (live at WFMU),Pujol
55925,Dark Knight in Shining Armor (live at WFMU),Pujol
55928,Tiny Gods (live at WFMU),Pujol
55938,Coma,Lambs Gamble
55947,Spring Mvt 1 Allegro,John Harrison with the Wichita State University Chamber Players
55948,Spring Mvt 2 Largo,John Harrison with the Wichita State University Chamber Players
55949,Spring Mvt 3 Allegro pastorale,John Harrison with the Wichita State University Chamber Players
55950,Summer Mvt 1 Allegro non molto,John Harrison with the Wichita State University Chamber Players
55951,Summer Mvt 2 Adagio,John Harrison with the Wichita State University Chamber Players
55952,Summer Mvt 3 Presto,John Harrison with the Wichita State University Chamber Players
55953,Autumn Mvt 1 Allegro,John Harrison with the Wichita State University Chamber Players
55954,Autumn Mvt 2 Adagio molto,John Harrison with the Wichita State University Chamber Players
55955,Autumn Mvt 3 Allegro,John Harrison with the Wichita State University Chamber Players
55956,Winter Mvt 1 Allegro non molto,John Harrison with the Wichita State University Chamber Players
55957,Winter Mvt 2 Largo,John Harrison with the Wichita State University Chamber Players
55958,Winter Mvt 3 Allegro,John Harrison with the Wichita State University Chamber Players
56006,Buzz,Tone Poets
56007,For Liz,Tone Poets
56010,Lights Out,Tone Poets
56011,More Air,Tone Poets
56012,Nitrous Oxide,Tone Poets
56013,No Work Today!,Tone Poets
56014,Pente,Tone Poets
56015,Surface,Tone Poets
56017,What I Do,Tone Poets
56019,A Slight Misunderstanding,Tone Poets
56020,A Soft Place,Tone Poets
56021,Alone at Last,Tone Poets
56022,Anything and Everything Must Go,Tone Poets
56028,love love what can you say love,Origami Repetika
56029,one two 3 4,Origami Repetika
56030,All The Stars,Mastermind XS
56031,EARth,Sky Thing
56033,Matches,Sky Thing
56034,dykedub (dyke b mix),Sans Blanc
56036,hot tea (dyke b mix),Sans Blanc
56048,Little Debbie,Lovely Little Girls
56049,Face Like a Skull,Lovely Little Girls
56050,All the Children of the World Born Up Dead on the Heaving,Lovely Little Girls
56051,Muffins (sacks),Lovely Little Girls
56053,Pockets Bulging,Lovely Little Girls
56083,"Cloaked Mug, Pt. 1",Lambs Gamble
56120,Drug Show,Hot Garbage
56143,Hey Suzette,The Bon
56145,Zig Zag,The Bon
56146,The Year of the Tiger,The Bon
56147,Kaleidoscope,The Bon
56148,The Whammy,The Bon
56149,Static Electricity,The Bon
56150,Miss October,The Bon
56151,Stupid Question,The Bon
56152,Interview,The Bon
56160,Chat with Terre T,The Sediment Club
56163,Time Decay Now,The Sediment Club
56166,7:47,The Sediment Club
56167,Paisley Pattern Ground,The Black Hollies
56168,The Autumn Chateau,The Black Hollies
56169,Gloomy Monday Morning,The Black Hollies
56171,Can't Stop These Tears (From Falling),The Black Hollies
56174,Caneca (live at WFMU Record Fair),CSC Funk Band
56175,Little Bizness (live at WFMU Record Fair),CSC Funk Band
56176,A Troll's Soiree (live at WFMU Record Fair),CSC Funk Band
56177,We Don't Care (live at WFMU Record Fair),CSC Funk Band
56191,foodee-doodee,Zellrasen
56247,A Veces,Jiony
56248,Waiting For The Sun,Jiony
56249,Woman Alone,Jiony
56273,And She Knows,Orca Team
56274,No Fun,Orca Team
56275,Shane,Orca Team
56460,DREEMER,Phemale
56464,Cicada House (Colin L. Orchestra),Colin L. Orchestra
56465,Interview Part 3,Alash Ensemble
56466,Introduction,Alash Ensemble
56467,Syyn Miygar,Alash Ensemble
56468,Buura,Alash Ensemble
56469,Yrlaazhyly,Alash Ensemble
56470,Interview with Interpreter Sean Quirk,Alash Ensemble
56471,Karachal,Alash Ensemble
56472,Reindeer Herder's Song,Alash Ensemble
56474,Eki A'ttar,Alash Ensemble
56476,Autobahn,Call of the Wild
56490,Far Out,Opio
56491,Dios Mio,Opio
56492,What Happens,Opio
56493,Yeah,Opio
56495,Aggression,Opio
56496,Cannabis Club Skit,Opio
56497,C'mon,Opio
56498,World of Pain,Opio
56499,Weed Man Skit,Opio
56516,Equatorial,Jenny Mayhem
56517,King of the Street,Jenny Mayhem
56518,When You're Older,Jenny Mayhem
56519,Keep the Fire,Jenny Mayhem
56520,Morning Sun,Jenny Mayhem
56521,All the World,Jenny Mayhem
56522,The Wind Is Making The Trees Move Again,Kevin Bryce
56523,Sports Day,Kevin Bryce
56524,Sines,Kevin Bryce
56525,4am Sunset,Kevin Bryce
56526,Buttered Stairways,Kevin Bryce
56527,Ladders,Kevin Bryce
56528,Now I Will Destroy The World Again,Kevin Bryce
56543,I Blame Myself,Obits
56545,No Fly List,Obits
56547,Run,Obits
56548,Light Sweet Crude,Obits
56549,You Gotta Lose,Obits
56550,SUD,Obits
56551,Everything Looks Better In The Sun,Obits
56552,Celebration,Krebs
56553,Untill I Bleed,Krebs
56554,Something Strange in the Row,Krebs
56555,Matsudo Sena,Krebs
56558,Kangoon,Krebs
56559,Wax 666,Krebs
56560,"Andante from Italian Concerto, BWV 971 (Bach)","Catrin Finch, harp"
56567,Sonatensatz,"Viviane Hagner, violin; Avner Arad, piano"
56575,Canon and Gigue in D Major for 3 violins and continuo (Pachelbel),Chamber Music Society of Lincoln Center
56629,Wake Up Wit Me,BADLUCK
56631,My Party,BADLUCK
56638,Vanity (V-Man Nostalgia Remix),BADLUCK
56639,Dey Get Down (Remixx Instrumental),BADLUCK
56640,Case Closed (Instrumental),BADLUCK
56641,Case Closed (Acapella),BADLUCK
56645,Koi No/Koko Joe/Justine,Jackie & The Cedrics
56646,Santa Claus is Coming to Town,Jackie & The Cedrics
56647,Introduction/Tall Dark Stranger,Jackie & The Cedrics
56648,Chattanooga Choo Choo Train,Jackie & The Cedrics
56649,Osaka Holiday,Jackie & The Cedrics
56650,Red River,Jackie & The Cedrics
56651,The Cat,Jackie & The Cedrics
56652,Bad Time,The Fadeaways
56653,(I Wanna Get Some) Action/That's The Way My Love Is,The Fadeaways
56657,Won't Come Back,The Fadeaways
56658,Good Catch (WGNS recording),Smooch
56659,Vexation (WGNS recording),Smooch
56664,Green Is The Theme (instrumental),Smooch
56665,PC (instrumental),Smooch
56666,Pick Me Up (instrumental),Smooch
56667,Sprite Rite (instrumental),Smooch
56680,Wonderful,Smooch
56686,New World Order - Part I (vocals: Revolushan),Corty
56687,New World Order Dub Transition - Part II,Corty
56688,New World Order - Part III (vocals: Revolushan),Corty
56689,Rubadub AntheM (vocals: Revolushan),Corty
56690,Trod Along (vocals: Preecha Kungo),Corty
56691,What Kind of Music (vocals: Solo Banton/Leah Rosier),Corty
56692,Shuffle Dubby (vocals: Solo Banton),Corty
56693,Bongo Chilli Dubby (vocals: Bongo Chilli),Corty
56694,Well DuB,Corty
56695,Dark Sound,Corty
56696,New World Order - Vol 2 (vocals: Revolushan),Corty
56795,Happiness Is,Podington Bear
56796,The Pigeon Strut,Podington Bear
56797,Herbie,Podington Bear
56798,Breezin,Podington Bear
56799,Twinkie,Podington Bear
56800,Jazzer Incisors,Podington Bear
56801,Sneaker Chase,Podington Bear
56802,Falcon Hood,Podington Bear
56803,Operatives,Podington Bear
56804,Mutinee,Podington Bear
56805,Origami,Podington Bear
56836,The Widower,The Might Could
56837,Stone Collossus,The Might Could
56839,Let 'Em Up Easy,The Might Could
56840,The Night They Shot Ol' Dixie Down,The Might Could
56841,Coming Clean,The Might Could
56842,I Don't Even Like Pantera Anymore,The Might Could
56869,Opening/Pawn Storm,Karpov Not Kasparov
56870,Kaissa,Karpov Not Kasparov
56871,The Trouble With Time,Karpov Not Kasparov
56872,Mechanical Turk,Karpov Not Kasparov
56873,Deep Fritz,Karpov Not Kasparov
56874,Midori,Beat Culture
56875,Make It Hurt,Deaf Wish
56881,Its Sick,Deaf Wish
56882,Crossing,Wooden Shjips
56883,Lazy Bones,Wooden Shjips
56884,Flight,Wooden Shjips
56885,We Ask You To Ride,Wooden Shjips
56888,soloVIOLA,John King
56895,(as Puppen),Lame Drivers
56929,Hit and Run,Jack Ruby
56930,Shake Your Tree,Tracky Birthday
56931,Lemme Work It (with Roglok),Tracky Birthday
56932,Wafan Coolo,Tracky Birthday
56933,Sh-sh Sh-sh,Tracky Birthday
56937,No Melons No Lemon,Tracky Birthday
56940,Where Are You?,Tracky Birthday
56941,★☮ Olivia ☾☯,Tracky Birthday
56944,Bonus Track,Tracky Birthday
57041,Inside and Out,Las Robertas
57046,To Sleep And Wake Unafraid,The Tower
57047,Dark Horse,The Great Wilderness
57048,Barcelona,The Great Wilderness
57049,La Playa,Los Problemas
57050,Volar Alto,Los Problemas
57051,Ris Par,Zópilot!
57052,Mathemasician,Zópilot!
57053,A La Caida Del Dia,Continental
57054,Todos Nos Pertenece,Continental
57066,RubixBox,Tab & A.U.R.C.
57068,Flow,Anitek
57070,Type Of Guy,Studebaker's Blacksmith Shop
57071,The Heart Is A Lonely Hunter,The Search
57072,Old Wild Men,MUTE
57078,Lirik Untuk Lagu Pop,Belkastrelka
57080,That Day Joey Burns Offered Me A Job,Meanwhileproject.ltd
57162,Alive,Short Hand
57164,Family Van,Short Hand
57165,Attila!,Short Hand
57166,Birth Control,Short Hand
57167,Fort Lauderdale,Short Hand
57168,Jason Mathias,Short Hand
57175,On My Skateboard,Short Hand
57176,Certain Strangers,Short Hand
57177,Death at Your Door,Short Hand
57178,"NO (Midi #2: Camille/""Modern Music Mix"")",Skeletons
57179,NO - Vocal Track,Skeletons
57180,NO (Midi Version),Skeletons
57253,Horas Tristes,Mueran Humanos
57254,Cosméticos Para Cristo,Mueran Humanos
57255,Monstruo,Mueran Humanos
57256,Festival de las Luces,Mueran Humanos
57257,Interview with Brian Turner,Mueran Humanos
57271,The existence of the light,Sol Rezza
57272,The existence of the light,Sol Rezza
57273,The existence of the light,Sol Rezza
57274,The existence of the light,Sol Rezza
57327,Assume Power Focus,Chuck Bettis
57328,Inner Revolutions,Chuck Bettis
57329,Mental Traffic,Chuck Bettis
57339,Technological Crutch,Chuck Bettis
57344,Nature Prevails,Chuck Bettis
57351,Chrome Hatchet,Dead Gum
57352,Jelly Kiss,Dead Gum
57355,Nipple Scratch,Dead Gum
57358,The Whom The Bell Tolls,Dead Gum
57359,Evil Rave,Dead Gum
57360,D-Stress,Dead Gum
57371,March Of The Bodypumpers,Justice Yeldham
57381,The Church Of Our Lady Of Pompeii (Excerpt),J. Newman & R. Squires
57391,Touching,Souvenir Driver
57393,Night Bus,Souvenir Driver
57395,Our Galaxy Looks at Us,Souvenir Driver
57396,In the Lighthouse,Souvenir Driver
57399,A Moment,Souvenir Driver
57400,Farm,Souvenir Driver
57402,Island,Souvenir Driver
57403,Mountains,Souvenir Driver
57404,Ethos,Souvenir Driver
57405,Prolgu,theAudiologist
57406,Mystic Cave,theAudiologist
57407,Double Int X,theAudiologist
57408,Qitag,theAudiologist
57409,Fleeting Gnats,theAudiologist
57410,Jinx (Audiologist Remix),theAudiologist
57411,Opasenye,theAudiologist
57412,Halloween,theAudiologist
57413,Batts,theAudiologist
57414,9ine,theAudiologist
57415,Theatre v2,theAudiologist
57417,Opasenye [NONIMX],theAudiologist
57418,Octopus,Kusum Normoyle
57420,Residue,Amanda Stewart
57422,Chinatown,Kučka
57433,My Own Private,Rabbit Island
57434,Favourite,Juarez
57435,Way Beyond the Logic of Odds by Decade in Exile,Decade in Exile
57437,When I Leave My House by Decade in Exile,Decade in Exile
57439,Patti's Town by Decade in Exile,Decade in Exile
57440,Fleas Or Radioactive Pop Smear,The Yes Sirs
57441,Death March Jamaica,The Yes Sirs
57442,Nuclear Beach,The Yes Sirs
57443,The Palace at the Edge of Time,Ascetic
57446,Constructed Reality Inside What is Possible,Ascetic
57447,The Palace at the Edge of Time (Part 2),Ascetic
57451,Spinning Wheel Motel,The Cynics
57458,Rock Club,The Cynics
57470,Slow News Day,Cruddy
57477,Negative World,Cruddy
57488,Interview 2,Sol Okarina
57490,Interview 1,Sol Okarina
57493,NY Honeys,Barreracudas
57494,Diet Coke,Barreracudas
57495,I Won't Wait,Barreracudas
57496,Numbers,Barreracudas
57497,Promises Promises,Barreracudas
57499,Baby Baby Baby,Barreracudas
57500,Girl,Barreracudas
57508,A Cube Slowly Revolving in Space.mp3,Ascetic
57540,Oxuria Memoth,Ralp
57541,Brubarb,Ralp
57542,Fosforor,Ralp
57543,Extrudrall,Ralp
57544,Trillotaux,Ralp
57545,Urreah,Ralp
57546,Potain,Ralp
57547,Pinacles,Ralp
57550,Crack & Pool,Black Fortress of Opium
57551,Ari,Black Fortress of Opium
57552,Desperate Kiss,Black Fortress of Opium
57553,Afyonkarahisar Battle Cry,Black Fortress of Opium
57554,Blind,Black Fortress of Opium
57555,Regret & Rue,Black Fortress of Opium
57556,The Sealed Word,Black Fortress of Opium
57557,The Facts of Love,Black Fortress of Opium
57558,Twelve Gross,Black Fortress of Opium
57565,Girl of the Night,King Louie's Missing Monuments
57566,Lookin',King Louie's Missing Monuments
57567,It's Like Ecstacy,King Louie's Missing Monuments
57568,Grrrl,King Louie's Missing Monuments
57569,Super Hero,King Louie's Missing Monuments
57584,Jesus Bees,Radioactive Sparrow & Brown Torpedo
57601,The Satanic Gospel of Stefani Germanotta,Acid Police Noise Ensemble
57624,Art Is Dead,Phantom Payn Days
57626,Starve,Noveller
57627,Entering,Noveller
57628,Ends,Noveller
57629,Blue,Noveller
57630,Almost Alright,Noveller
57631,We'll Take You Higher,Live Ones
57637,Got What You Wanted,Live Ones
57638,Right On Sister,Live Ones
57639,Rattle the Windows,Melaena Cadiz
57640,Swingin' Low,Melaena Cadiz
57641,Clay Pigeons,Melaena Cadiz
57642,Falling Down,Melaena Cadiz
57643,Holy Night,Melaena Cadiz
57644,Keep It,Melaena Cadiz
57645,In My Hometown,Melaena Cadiz
57646,Kathy Ames,Melaena Cadiz
57647,Needles River,Melaena Cadiz
57648,Blue Skies,Melaena Cadiz
57655,I Got Friends/Shark?,Shark?
57656,I'm Sorry,Shark?
57657,Be My Money,Shark?
57658,I'm an Animal,Shark?
57659,This is Living,Shark?
57660,You Don't Love Me (Anymore),Shark?
57661,Hip Hop Hooray,Shark?
57662,Down Low,Shark?
57663,Hey Grrl,Shark?
57665,Don't Wanna Lie,The Conscious Youths
57680,suckle the balls of baphomet,Secret Dick
57691,Live at Home,Olima Anditi
57697,Conserve de Trees,The Conscious Youths
57805,Hamburger Boy,Happy Refugees
57806,Screaming & Shouting,Happy Refugees
57809,Falling For You,Happy Refugees
57812,Last Chance Saloon,Happy Refugees
57813,Enshrined in a Memory,Happy Refugees
57819,Floss Suffers From Gamma Radiation,Blue Ducks
57820,"Four, Floss, Five, Six",Blue Ducks
57821,Floss Is Full Of Surprises,Blue Ducks
57822,Floss Hates Prime Numbers,Blue Ducks
57823,Farewell To Floss,Blue Ducks
57882,Krebz,Krebs
57883,Nekropsy,Krebs
57884,Piss of Mc Crown,Krebs
57886,Wiccan Period Blood,Krebs
57887,Gunshot Orgazm,Krebs
57888,Malaria,Krebs
57890,Furuncle,Krebs
57891,Maybe I'm Hell,Krebs
57892,There's Something Inside my Kunt,Krebs
57936,We Three Kings,R.Tists for Christmas
57937,Deck the Halls,R.Tists for Christmas
57938,12 Days of Christmas,R.Tists for Christmas
57939,The Meaning of Christmas,Ergo Phizmiz
57943,"Just Look At All The Love In The World, And Be Gorgeous",Oblivian Substanshall
57960,Presecanje,Ljudske Potrebe
57961,Udruženje građana (live),Ljudske Potrebe
57962,Metafora,Ljudske Potrebe
57963,Beskrajno smo sami (feat. Punkerstein),Ljudske Potrebe
57964,Slojevi,Ljudske Potrebe
57965,Povratak u realno,Ljudske Potrebe
57966,U javi,Ljudske Potrebe
57967,Doviđenja (feat. Goran Grubišić)(Live),Ljudske Potrebe
57968,Grad,Ljudske Potrebe
57975,Anomie,Tantrums
57978,Anomie (TANTRUMS REMIX),Tantrums
57981,"Above Paris, with stars in our eyes",Kris Keogh
57984,"It felt like my future, inside a black & white movie",Kris Keogh
57986,"Frozen, danger ringing in my ears",Kris Keogh
57988,I held on so tight as our whole world disintegrated,Kris Keogh
57989,"We were gone, further than forever",Kris Keogh
57990,Chain Reaction,Bacalao
57991,T.E.P.C.O.,Bacalao
57992,"I got Yog DNA, do you? (featuring Yog)",Bacalao
57993,Skeletor,Bacalao
57994,"'74 - '75 (remix, original track by the Connells)",Bacalao
57995,Acropolis,No Zu
57997,Ghastly Blank,No Zu
57998,(Coburg) Mystical,No Zu
57999,Horoscope,No Zu
58001,Light In Extension,Chuck Bettis
58002,Neuromancy,Chuck Bettis
58052,Mystical Sighs,Trance And The Arcade
58053,Metallic Fruit,Trance And The Arcade
58054,Without Resistance: Nature's Night (For Daniel Higgs),Trance And The Arcade
58060,Meshes In The Afternoon,Trance And The Arcade
58061,Reknew Dockter,Trance And The Arcade
58063,Last Breath Before Death,Trance And The Arcade
58068,Auroral Propagation Beacon,Przewalski's Horses
58069,Feedline Chirp,Przewalski's Horses
58070,Silent Key Absorption,Przewalski's Horses
58077,ha'zman,Ophir Ilzetzki
58093,The New E,Alligator Indian
58115,Spooky,The Golden Hours
58116,My Feet Beneath The Water,The Golden Hours
58117,The Painting I Made,The Golden Hours
58128,Go to Hell,John Bellows
58130,Clementine,John Bellows
58135,Feelin' Down,John Bellows
58136,Bouncing Ball,John Bellows
58138,Imaginary Friend,John Bellows
58139,Main Attraction,John Bellows
58140,Travel On,John Bellows
58156,hishtokekut ha'chomer le'tzurah,Ophir Ilzetzki
58157,be'afar ha'mechakeh be'dumiyah,Ophir Ilzetzki
58160,ha'zman (London),Ophir Ilzetzki
58161,DREAMS REALLY DO COME TRUE,Elvis Herod
58162,CHICKEN OVERTURE,Elvis Herod
58163,CORANATION STREET,Elvis Herod
58164,SILENT NIGHT (Feat Mixmaster Axewound),Elvis Herod
58166,CHICKEN INTRODUCTION,Elvis Herod
58167,BETTY FATTS,Elvis Herod
58168,SK8TER BOI (Feat Mixmaster Axewound),Elvis Herod
58169,SHELLEY PARKER QUEEN OF NEPAL,Elvis Herod
58170,CHICKEN FEET,Elvis Herod
58173,CHICKEN DINNER,Elvis Herod
58174,UNRAVEL BACKWARDS BUT NOT UPSIDE DOWN,Elvis Herod
58204,Ugly Weather,Azoora feat. graciellita
58207,Hasta Abajo,Kellee Maize
58208,Dragon's,Brock Berrigan
58210,Alter Ego,Baiyu
58211,Away!,Aucan
58212,Guerrilla Music,Elemint
58213,B*tch You Ain't A Barbie,Vanatei ft. Semi
58215,Malice In Wonderland,Mouth's Cradle
58221,Kick Back,Sick of Sarah
58222,West Coast,The Woolen Men
58223,Wick Is Sick,The Woolen Men
58224,Still Running,The Woolen Men
58225,Deaf Americans,The Woolen Men
58232,Tears Of Joy,The Carrier Wave
58233,Days Go By,The Carrier Wave
58234,The Gus,The Carrier Wave
58237,Transax,The Carrier Wave
58238,Amph Psych,The Carrier Wave
58239,Those Chill Blues,The Carrier Wave
58264,A New Start,The Carrier Wave
58265,Four4,The Carrier Wave
58333,Free Software Song 2,Jono Bacon
58334,Free Software Song 2 (Instrumental),Jono Bacon
58341,Oh Wee,Immortal Beats
58343,Sick Like That,Bebop Banger Pumper
58344,Perfect Mean,Kursed
58393,Beastin' Jingle,Harpoon Forever
58401,Overture,Let Me Crazy
58402,I'm Stayin',Let Me Crazy
58403,Bang Yr Head,Let Me Crazy
58404,The Swamp Stomp,Let Me Crazy
58405,Sunday Mourning Sun,Let Me Crazy
58417,Snowrise Sunmelt,Archipelago
58419,Porch Chimes,Archipelago
58423,Light In The Road,Archipelago
58425,Smoking Bones,Archipelago
58474,R.I.P please Bob,Plushgoolash
58525,Burnt Out Receptacles,Suppression
58526,Reach Out And Fuck Someone,Suppression
58528,Schizo In Stereo,Suppression
58531,Midget On Heroin,Suppression
58532,Avatarinirishstyle,23ID
58533,Happy Idiot,23ID
58539,Whispers In My Mind,Man Bites Dog
58540,One Chord Wonder,Man Bites Dog
58541,Perfect One,Man Bites Dog
58542,Milk and Honey,Man Bites Dog
58543,College Rock (How To Hold The Guitar Right),Man Bites Dog
58553,Miles Of Beef,Songs Of Norway
58555,Inner Arms And Necks,Songs Of Norway
58566,Of Houses And Canals,Guignol
58567,The Fly Machine Passes,Guignol
58570,Pets & Animals,Wizards Of Oi
58599,Winning + Breaking,Regal Degal
58600,Funky Broadway Bluestreams,Regal Degal
58603,Lonely Boy,Mike Viola
58604,Soundtrack of My Summer,Mike Viola
58605,Field of Guns N Roses,Mike Viola
58613,Girly Worm,Mike Viola
58701,BWV 525: Trio Sonata I in E-Flat Major - 1. [Allegro],James Kibbie
58720,BWV 531: Prelude and Fugue in C Major - 1. Praeludium,James Kibbie
58721,BWV 531: Prelude and Fugue in C Major - 2. Fuga,James Kibbie
58722,BWV 532: Prelude and Fugue in D Major - 1. Praeludium,James Kibbie
58723,BWV 532: Prelude and Fugue in D Major - 2. Fuga,James Kibbie
58724,BWV 533: Prelude and Fugue in E Minor - 1. Praeludium,James Kibbie
58725,BWV 533: Prelude and Fugue in E Minor - 2. Fuga,James Kibbie
58726,BWV 534: Prelude and Fugue in F Minor - 1. Praeludium,James Kibbie
58727,BWV 534: Prelude and Fugue in F Minor - 2. Fuga,James Kibbie
58728,BWV 535: Prelude and Fugue in G Minor - 1. Praeludium,James Kibbie
58729,BWV 535: Prelude and Fugue in G Minor - 2. Fuga,James Kibbie
58731,BWV 536: Prelude and Fugue in A Major - 2. Fuga,James Kibbie
58751,BWV 550: Prelude and Fugue in A Minor,James Kibbie
58752,BWV 565: Toccata and Fugue in D Minor,James Kibbie
58754,BWV 538: Toccata and Fugue in D Minor - 1. Toccata,James Kibbie
58755,BWV 538: Toccata and Fugue in D Minor - 2. Fugue,James Kibbie
58756,BWV 540: Toccata and Fugue in F Major - 1. Toccata,James Kibbie
58757,BWV 540: Toccata and Fugue in F Major - 2. Fuga,James Kibbie
58763,"BWV 564: Toccata, Adagio and Fugue in C Major - 2. Adagio",James Kibbie
58764,"BWV 564: Toccata, Adagio and Fugue in C Major - 3. Fuga",James Kibbie
58877,"BWV 552,1: Prelude in E-Flat Major",James Kibbie
58878,"BWV 552,2: Fugue in E-Flat Major",James Kibbie
58889,BWV 679: Fughetta super Dies sind die heiligen zehen Gebot,James Kibbie
59015,"Anh. 78: Partita ""Wenn wir in höchsten Nöten sein""",James Kibbie
59016,"BWV 758: O Vater, allmächtiger Gott",James Kibbie
59017,"BWV 766: Partite diverse sopra il Corale Christ, der du bist der helle Tag",James Kibbie
59020,BWV 769a: Canonic Variations - 1. Canone all' ottava,James Kibbie
59021,BWV 769a: Canonic Variations - 2. Canone alla quinta,James Kibbie
59022,BWV 769a: Canonic Variations - 3. Canone alla settima,James Kibbie
59023,BWV 769a: Canonic Variations - 4. Canon per augmentationem,James Kibbie
59024,BWV 769a: Canonic Variations - 5. Canto fermo in canone,James Kibbie
59044,"BWV 1105: Jesu, meine Freude",James Kibbie
59046,"BWV 1107: Jesu, meines Lebens Leben",James Kibbie
59047,BWV 1108: Als Jesus Christus in der Nacht,James Kibbie
59050,BWV 1111: Nun laßt uns den Leib begraben,James Kibbie
59051,"BWV 1112: Christus, der ist mein Leben",James Kibbie
59052,BWV 1113: Ich hab mein Sach Gott heimgestellt,James Kibbie
59053,"BWV 1114: Herr Jesu Christ, du höchstes Gut",James Kibbie
59054,"BWV 1115: Herzlich lieb hab ich dich, o Herr",James Kibbie
59055,"BWV 1116: Was Gott tut, das ist wohlgetan",James Kibbie
59056,BWV 1117: Alle Menschen müssen sterben,James Kibbie
59057,"BWV 1118: Werde munter, mein Gemüte",James Kibbie
59058,BWV 1119: Wie nach einer Wasserquelle,James Kibbie
59059,"BWV deest (Emans 101): Herr Jesu Christ, wahr' Mensch und Gott",James Kibbie
59060,"BWV deest (Emans 19): Ach, was soll ich Sünder machen",James Kibbie
59061,"BWV deest (Emans 53): Der Tag, der ist so freudenreich / Ein Kindelein so löbelich",James Kibbie
59062,BWV deest (Emans 69): Es spricht der Unweisen Mund',James Kibbie
59063,"BWV deest (Emans 100): Herr Jesu Christ, wahr' Mensch und Gott",James Kibbie
59068,"Brownie, You're Doing a Heck of a Job",Ted Hearne
59075,Happy Holidays,Dublin Duck Dispensary
59078,Irish Rebel Song,Dublin Duck Dispensary
59080,Beach Philosophy,Dublin Duck Dispensary
59086,The Adventure,Dublin Duck Dispensary
59087,"London, 1846",Dublin Duck Dispensary
59173,She Gets All That She Wants,Ignatz
59176,Are You Ready,Houdini Roadshow
59177,Gimme Blood,Houdini Roadshow
59178,Burn Baby Burn,Houdini Roadshow
59179,Let it Rock,Houdini Roadshow
59180,"Gimme, Gimme",Houdini Roadshow
59181,2 Barrel Carburetor,Houdini Roadshow
59190,My Gift to My Brother,Reed Refucher
59192,Beautiful,Reed Refucher
59197,Depression,Reed Refucher
59199,Earthquake,Reed Refucher
59224,Calling Peace On Earth,Beme Seed
59226,Sub India,Beme Seed
59231,All Souls Growing In Glory,Beme Seed
59240,I'm So Glad That Love Is Travelling All Around The World,Beme Seed
59241,Another Ship,Beme Seed
59255,Dirty Clap,Radio Skotvoid
59260,Hallway [Radio Skotvoid Remix],Miramichi
59271,Our Options feat Ken Clark [RSVP mix],Small Colin
59274,Deka [RSVP's Ripped And Raw Remix],Adrian Carter
59275,Trial & Fatigue [RSVP's Dr Buckfast Remix],Sunrad
59277,Jive Baby On A Saturday Night [RSVP's 8 bit Wobble Remix],The Jellies
59367,Safe,Twin Guns
59368,Eternal War Between Good and Evil,Twin Guns
59369,Never Satisfied,Twin Guns
59370,Little Subway Rider,Twin Guns
59371,No Change Our Hearts Shall Fear,Twin Guns
59372,New Breed,Twin Guns
59373,The Deadly Game,Twin Guns
59374,The End of the Ride,Twin Guns
59376,Moon Debris [digital only],Chicago Underground Duo
59377,Tribulations,Charles Gayle Trio
59432,Tomorrow for All of Today,Fine Steps
59443,Glimpse,Phemale
59445,This Place,Phemale
59446,Beam Chaser,Phemale
59448,Tongue,Phemale
59449,Dreemer,Phemale
59450,Nonns,Phemale
59451,Sister,Phemale
59453,Suroh,Phemale
59454,Time Erasur,Phemale
59455,Empty Club (Colin Langenus and Eli Winograd),Colin L. Orchestra
59458,Flight of Fancy,The Siberians
59483,Sway,The Immaculates
59484,Love Dream,The Immaculates
59485,Popcorn House,The Immaculates
59488,Tara Tarra,The Immaculates
59502,You Know What I Mean,Al Bernard
59503,Nobody Knows Where John Brown Went,Arthur Collins
59504,Cacliz March,Athenian Mandolin Quartet 08
59505,"Do, Re, Mi, Fa, So, La, Ti, Do",Bob Roberts
59506,Im a Lonesom Little Rain Drop,Frank Crumit
59507,Ulma Gloderl,Franz Lichurtichentaler
59508,Waiting For The Robert E Lee,Heidelburg Quartet
59510,Cold Winter Blues,Lucille Hegamin And The Dixie Daisies
59511,Sleepy Head,Peerless Quartet
59512,Childrens Symphony,Prince's Orchestra
59513,Down On The Farm,Pryor's Orchestra
59514,The 79th Highlanders Farewell To Gibraltar (1912),Sutcliffe Troupe
59561,Easy for You to Say,Sponsors
59562,Demo to London,Handgrenades
59563,Coma Dos,Handgrenades
59577,Búsqueda exploratoria #001 - Fabula Acta Est.mp3,Circus Marcus
59578,Búsqueda exploratoria #002 - Jusqu'à ne plus avoir peur.mp3,Circus Marcus
59579,Búsqueda exploratoria #003 - Fugit Irreparable Tempus.mp3,Circus Marcus
59580,Búsqueda exploratoria #004 - Gluten.mp3,Circus Marcus
59581,Búsqueda exploratoria #005 - Tu pars.mp3,Circus Marcus
59582,Búsqueda exploratoria #006 - Noce à Lens.mp3,Circus Marcus
59584,Búsqueda exploratoria #008 - Graviora Manent.mp3,Circus Marcus
59585,Búsqueda exploratoria #009 - Pandora.mp3,Circus Marcus
59586,Búsqueda exploratoria #010 - A Ernest Delahaye.mp3,Circus Marcus
59587,Búsqueda exploratoria #011 - Idée Fixe.mp3,Circus Marcus
59653,Sto Imala K'smet Stamena,Brazda
59654,Bacho Nikola,Brazda
59656,Shopska Suite,Brazda
59657,Yiati Foumaro Kokaini,Brazda
59658,Zheni Se Sine,Brazda
59659,Zaigrale Mamo Devojcinja,Brazda
59660,Shto Mi e Milo,Yale Women's Slavic Chorus
59663,Oi Čorna,Yale Women's Slavic Chorus
59664,Kaval Sviri,Yale Women's Slavic Chorus
59666,Sos Ma Karai Maichinko,Yale Women's Slavic Chorus
59667,Prekhvrukna Ptichka,Yale Women's Slavic Chorus
59668,Ot dole idut shareni koltsa,Slaveya Women's Vocal Ensemble
59669,Sadilaj moma kraj more loze,Slaveya Women's Vocal Ensemble
59670,Goldsmith,Slaveya Women's Vocal Ensemble
59671,Dark Eyed Girl,Slaveya Women's Vocal Ensemble
59673,Peruniko,Slaveya Women's Vocal Ensemble
59675,Hey Petrunka,Slaveya Women's Vocal Ensemble
59676,Ergen Deda,Slaveya Women's Vocal Ensemble
59677,How Happy I Am,Slaveya Women's Vocal Ensemble
59678,Tavas Hazahav,Isra-Alien Band
59679,Schuna,Isra-Alien Band
59680,Reach Tapuach Odem Shani,Isra-Alien Band
59681,Esches Chayil,Isra-Alien Band
59682,Brogez/Sholem,Isra-Alien Band
59683,Kondzha Mia/Bre Sarika,Ventanas
59684,La Komida,Ventanas
59685,Gusta Mi Magla,Ventanas
59686,Introductions and Chifteteli,Ventanas
59687,Tangos de Granada,Ventanas
59688,Frog Song,Ventanas
59695,Coplas de Purím,Judith Cohen
59702,Ortameheluri,Supruli
59706,"Alleluia, No Nobis",Tenores de Aterúe
59707,Messe Vultum Tuum: Agnus Dei,Tenores de Aterúe
59708,Ballu Dillu (A Sa Campagna),Tenores de Aterúe
59709,Ottava Del Tre,Tenores de Aterúe
59710,Muttos,Tenores de Aterúe
59711,Zakukala,Black Sea Hotel
59714,Karanfilceto,Black Sea Hotel
59718,Spavamise,Black Sea Hotel
59719,Dospatsko,The Rosen Sisters
59720,Zemer Atik,The Rosen Sisters
59721,Korobushka,The Rosen Sisters
59723,Alunelul,The Rosen Sisters
59724,Psarapoula,The Rosen Sisters
59725,Ruchenitsa,The Rosen Sisters
59726,Gravel Walk,The Rosen Sisters
59727,In The Mood,The Rosen Sisters
59731,Broken Down,Goth Von Core
59732,Distortion Code,Goth Von Core
59733,Goth Von Core - Vehemence (re-edit),Goth Von Core
59734,Necromortify,Goth Von Core
59735,Soul Feast,Goth Von Core
59816,Plunder Waltz,The Superfools
59823,Cumbia De Los Locos,The Superfools
59826,Mambo 18,The Superfools
59876,Lovedropper,Boy Friend
59904,Pale On Pale,Chelsea Wolfe
59905,Tracks (Tall Bodies),Chelsea Wolfe
59906,This Big World,Dead Gaze
59911,Sometime,DIVE
59912,Wait,DIVE
59916,Musica,La Big Vic
59917,End Of Days,Light Asylum
59923,Funeral Song,MINKS
59925,Some Bullets Are Dreams,My Teenage Stride
59926,Pizza Pasta,Night Manager
59927,Wolf Parade,Night Manager
59930,Piano Box,Plattsburgh Junk Shop Memorial
59934,Chaotic Randomness,Herre Jorna
59935,Psychedelic Motions,Herre Jorna
59936,Shuffled Sequences,Herre Jorna
59937,Disordered Structures,Herre Jorna
59938,Paranoid Frustrations,Herre Jorna
59939,Twisted Connections,Herre Jorna
59940,Scattered Fragments,Herre Jorna
59941,Systematic Neurosis,Herre Jorna
59942,"RAGE, REVENGE, RECLUSE, RECOVERY",Jared C. Balogh
59943,747 Intergalactic Boogaloo,Jared C. Balogh
59944,She Got Issues Back From The War Wearing An Airline Stewardess Uniform,Jared C. Balogh
59945,An Out of Tune Toon,Jared C. Balogh
59946,"Kinda’ Beautiful, Kinda’ Fucked Up, Kinda Birdies Churpy Churpy Stomp!",Jared C. Balogh
59947,Echoes Of Unstructured Melancholy,Jared C. Balogh
59948,Sugar Boogies,Jared C. Balogh
59949,Stella Gotz Her Groove Back But It Is Kinda’ Funky,Jared C. Balogh
59950,Mis-Adventures of Dirty Rice and Canned Beans,Jared C. Balogh
59951,The Happy Doom Wacky Pecking Order,Jared C. Balogh
59952,Enchiladas Pots,Jared C. Balogh
59953,Byron’s Reward Is Drunk And Stupid,Jared C. Balogh
59954,True Grit Of A K-9,Jared C. Balogh
59973,Glitter on Mars,Punks on Mars
59975,Lindy Hop,So So Glos
59977,The Devil,The Beets
59978,Happy But On My Way,The Beets
59979,Flower Girl,The Beets
59980,Television,The Beets
59981,Hey Joe Kelly,The Immaculates
60037,Modibo chante à la maison,Lessazo
60038,Tié ba té djigui,Lessazo
60041,Moussa,Lessazo
60042,Intro Tie ba té,Lessazo
60045,Maiga  Descente à cheval,Lessazo
60048,Chérie la Kro,Lessazo
60074,Virtuoso Masterbattalion Of Perfected Sound Anticipation,Rubber O Cement And James Twig Harper
60143,Momche,Vlada Tomova's Balkan Tales
60144,Leno,Vlada Tomova's Balkan Tales
60145,Messechinko,Vlada Tomova's Balkan Tales
60146,Kara Deniz,Vlada Tomova's Balkan Tales
60170,Marimba Interlude I,Hammer of Hathor
60191,hello poetry lovers,Blaster Al Ackerman
60192,diction no less,Bonnie Jones & Andy Hayleck
60194,the benthic slut has the face of a a tadpole,Camilla Ha
60195,"yes, you",Carly Ptak
60196,i love you,Catherine Pancake
60197,my subconcious is unconcious,Chiara Giovando
60198,living ghost,Haley O'Connor
60199,eat up,Hanna Fushihara
60201,fur invocation,Lexi Mountain
60202,"welcoming interaction truths, venting, then loving this wind",Max Eisenberg
60203,see is hay,Michael Barker
60204,3 short poems,Nate Hadyn
60205,life as it is,Pat Ptak
60206,4 selected poems,Robert Fransisco
60207,marshal arts,Twig Harper
60213,Samsara,Top Surprise
60220,80 Comes,Top Surprise
60221,Saturn (The Season),Top Surprise
60276,I Ain't Got Nobody,Marion Harris
60277,Sugar Blues,Leona Williams and Her Dixie Band
60278,The Bird On Nellies Hat,Helen Trix
60279,Cutie,Eubie Blake And His Orchestra
60280,Memphis Tennessee,Ethel Ridley
60281,O Sole Mio,Enrico Caruso
60282,He Used to Be Your Man But He's My Man Now,Edith Wilson And Johnny Dunns Original Jazz Hounds
60283,"Kicky Koo Kicky Koo (You For Me, Me For You)",Eddie Elkin's Orchestra
60284,So What's The Use,Billy Murray
60285,Jubilee Blues,Belle Baker
60286,How Ya Gonna Keep Em Down On The Farm (After They've Seen Paree),Arthur Fields
60287,The OKeh Laughing Record,Anonymous
60317,Horror Storm,Chuck Bettis
60318,live loach baltimore,Nautical Almanac
60323,hob-nob-glob,Nautical Almanac
60331,Thank You Beyoncé,Leslie Keffer
60337,The Sun On The Snow Was A Bassoon Concerto,Leslie Keffer
60351,Wakey Wakey,Spookey Ruben
60352,These Days Are Old,Spookey Ruben
60353,Crystal Cradle,Spookey Ruben
60354,Wendy McDonald,Spookey Ruben
60355,Dizzy playground,Spookey Ruben
60356,When You Fall In Love with Someone Who's In Love With Someone Else,Spookey Ruben
60357,Shauna,Spookey Ruben
60358,"Glenn, Take Care",Spookey Ruben
60359,My Female Friends,Spookey Ruben
60360,Tricky Boy Wonder,Spookey Ruben
60361,Suddenly The Sun,Spookey Ruben
60362,Superpoke,Spookey Ruben
60363,If You Wanna Know,Spookey Ruben
60364,Testimony,Spookey Ruben
60421,A Dog's Life,Sister Fucker
60427,Women And Children,Sister Fucker
60459,Thulebasen Live at FoEG,Thulebasen
60461,Thulebasen Live at FoEG,Thulebasen
60462,Thulebasen Live at FoEG,Thulebasen
60464,Thulebasen Live at FoEG,Thulebasen
60470,Dusted Wax,Jenova 7
60471,Sunshine (Featuring Jean Paul Maurice),Josef Blo
60472,La Princesa Perdida,Laguna
60473,Two Raw Minutes,Circo Inverso & The Mystery Train Project
60474,Nick The Stick,Citizen Crane
60475,Boots,Grillo
60476,Perfect Tomorrow,Mokhov
60477,Keg Baseball,Centz
60478,I Got The Blues,Mr. Moods
60480,Ms. Dreams,EQual Beats
60481,Soulstone,Strad
60482,Ian Is An Astronaut,Aparde
60483,Lethargy,dustmotes
60484,Counting Colors,Anitek
60486,Deepest,MUTE
60488,Old Wild Men,MUTE
60491,Cry,MUTE
60492,alluring place from my dream,XODiE
60493,august exalation,XODiE
60494,early morning blister,XODiE
60495,omni in sede ac loco,XODiE
60504,Is It Too Late For US All,MUTE
60510,Sad Song,MUTE
60528,Tears You Down (Life),MUTE
60533,Gori Mori,Rakiya
60534,Siki Siki Baba,Rakiya
60535,Sa Bas Tute,Rakiya
60536,Me Phirava Daje,Rakiya
60537,Sweet Girl,Rakiya
60544,Jasmina,Raya Brass Band
60546,Bloody Knuckles pt 1,Raya Brass Band
60547,Srpski Splet,Raya Brass Band
60548,Riff Cloud,Raya Brass Band
60549,Romska Karsilama,Raya Brass Band
60591,The Feeling of Love Live at OCCII,The Feeling of Love
60592,The Feeling of Love Live at OCCII,The Feeling of Love
60593,The Feeling of Love Live at OCCII,The Feeling of Love
60595,The Feeling of Love Live at OCCII,The Feeling of Love
60598,The Feeling of Love Live at OCCII,The Feeling of Love
60599,The Feeling of Love Live at OCCII,The Feeling of Love
60600,The Feeling of Love Live at OCCII,The Feeling of Love
60602,Kiss me back to life,Yerri
60603,Russian Roulette,Yerri
60634,A Heart Wound Like Clockwork,Scanner
60642,Prelude for a Lost Disguise,Agnosie
60672,fast times at weldon academy,alright lover
60686,Vortex Rex Live at OCCII,Vortex Rex
60688,Running like a Poem,Pouffe
60690,Industrial Zone,Pouffe
60700,Pedra Branca 02,Pedra Branca
60701,Pedra Branca 03,Pedra Branca
60702,Pedra Branca 04,Pedra Branca
60703,Pedra Branca 05,Pedra Branca
60704,Pedra Branca 06,Pedra Branca
60707,Live at Maloe Melo,Vermillion Sands
60720,Storm live at the Winston,NewYX
60726,Storm live at the Winston,NewYX
60727,Mexican Holiday live at the Winston,Mexican Holiday
60729,Mexican Holiday live at the Winston,Mexican Holiday
60730,Mexican Holiday live at the Winston,Mexican Holiday
60731,Mexican Holiday live at the Winston,Mexican Holiday
60732,Mexican Holiday live at the Winston,Mexican Holiday
60733,Mexican Holiday live at the Winston,Mexican Holiday
60734,Mexican Holiday live at the Winston,Mexican Holiday
60736,Mexican Holiday live at the Winston,Mexican Holiday
60753,Snosti ti Dojdov,Niva
60754,Sadila Jana,Niva
60755,Salzi Ronya Snosti Sum Libe,Niva
60756,Rajkos,Niva
60757,Taya Vecher,Niva
60758,Dimitrija Sto Imala Kusmet,Niva
60775,Larkistan,Echidna
60776,Zapevala Sojka Ptica / Ajdevano,Echidna
60777,T'ithela k'c s'agapousa,Echidna
60779,Joshua Burkett Live at FoEG,Joshua Burkett
60810,video track,abc100
60814,Playing With Sticks (Original Version),Pinklogik
60826,Playing With Sticks (Colin J Morris Remix),Pinklogik
60827,Immobilizer - From the album Feast [RSVP005],Lofiuser
60828,You've Gotta Shine For Your Buck - From the album Quite Boring [RSVP002],Moon Climb The Wall
60830,When Crows Cry - From the album Bear Thinks [RSVP006],Eigenheimer
60831,Alteration - From the album Later Daze [RSVP006],Main Fader
60832,Funk In D - From the album Suitcase Muse [RSVP008],Qwill
60833,Understand That This Is A Dream - From the album Modulating Coil [RSVP008],Forrest James
60837,Gold Teething - From the album Farms [RSVP007],Dino Felipe
60838,Mnesia - From the album Gunshot [RSVP005],Seventh Gear
60857,Chunovo,Gogofski
60863,Pajdushko,Gogofski
60864,Chuperlika,Gogofski
60865,"Medley: Prishtinka, Ramo-Ramo, Osman Aga",Gogofski
60871,Avante Me Fante,Eastern Watershed Klezmer Quartet
60872,Introduction//Hora Mare,Eastern Watershed Klezmer Quartet
60873,Hora De La Me Hedinti,Eastern Watershed Klezmer Quartet
60874,Ca Aenesaca De La Cobadin,Eastern Watershed Klezmer Quartet
60875,Piece de Tarita,Eastern Watershed Klezmer Quartet
60880,Glitter Maiden,Waylon Thornton
60881,Wandering King,Waylon Thornton
60882,Teepee,Waylon Thornton
60883,Blue Springs Forever,Waylon Thornton
60884,Blackberry Tea,Waylon Thornton
60885,Cat's Eye,Waylon Thornton
60889,Muscadine Wine,Waylon Thornton
60890,Druid Child,Waylon Thornton
60891,Where You Been,Waylon Thornton
60892,Die Young,Waylon Thornton
60893,High School Hell,Waylon Thornton
60894,Free Mason,Waylon Thornton
60895,Family Man,Waylon Thornton
60896,Shoot The Loop,Waylon Thornton
60897,Negative Sleep,Waylon Thornton
60898,Rest Your Bones,Waylon Thornton
60932,1 10th mile,King Ghidorah!
60960,Office Safari,Radioactive Sparrow & Brown Torpedo
60963,looney runes,floppy knobs
60966,stresstastic,floppy knobs
60967,d-p-,floppy knobs
60968,Río de Janeiro,Arponera
60970,Periplaneta americana,Arponera
60980,Megatron,The Maltese Falcons
60981,Symphony of the Devil,The Maltese Falcons
60983,1983,The Maltese Falcons
60985,Distress Signal,The Maltese Falcons
60987,Hurricane and Tornado,The Maltese Falcons
60990,H8 Bubbles,The Maltese Falcons
60991,Crazy Driver,The Maltese Falcons
60992,Mysterious Bird,The Maltese Falcons
60993,Space Thug,The Maltese Falcons
60994,Infantile Reimaging of Jimmy Loose Spour,Global Distance feat. Larva Lou
60995,In Common with the Arouser,Global Distance
60996,Atlantis,Disco Missile
61002,Fuck Smoke Pot,Disco Missile
61005,The Eeling,Disco Missile
61006,Week One,Ben von Wildenhaus
61007,Week Two,Ben von Wildenhaus
61008,Week Four,Ben von Wildenhaus
61009,Week Five,Ben von Wildenhaus
61010,Week Six,Ben von Wildenhaus
61011,Week Seven,Ben von Wildenhaus
61012,Week Eight,Ben von Wildenhaus
61013,Week Nine,Ben von Wildenhaus
61158,Tha Wizurd oF BaW,Alaclair Ensemble
61159,Drive Thru,Alaclair Ensemble
61160,Domino's,Alaclair Ensemble
61161,DillA Remix,Alaclair Ensemble
61162,RedWaNGs  (prod by Jam),Alaclair Ensemble
61163,Twit JournalisT,Alaclair Ensemble
61165,IDAHO POtatOeS,Alaclair Ensemble
61166,EasSCoasT WessCoasT,Alaclair Ensemble
61167,SAiNt-LawRencE,Alaclair Ensemble
61168,Zinc,Alaclair Ensemble
61169,With YesMcCan,Alaclair Ensemble
61170,Walers,Alaclair Ensemble
61172,KEnLO's WorKouT,Alaclair Ensemble
61173,PoTAtOES,Alaclair Ensemble
61174,ExplosiON,Alaclair Ensemble
61175,KING NeLSON,Alaclair Ensemble
61438,Flying Platypus + Mean a Swing,Retrigger
61439,Reckless Driving is not a Sin,Retrigger
61440,ABIN Groove,Retrigger
61446,Police Truck  (part. Carlão),Retrigger
61450,Les Insectes //acap//83bpm,Alaclair Ensemble
61452,Moulin Ben Sec,Alaclair Ensemble
61453,Les Insectes,Alaclair Ensemble
61454,Vire de Bow,Alaclair Ensemble
61491,Burn,Room For A Ghost
61492,No.02,Room For A Ghost
61493,Redlight,Room For A Ghost
61519,Christ In Xmas,Disco Missile
61528,Missing yoU,Vlooper . Modlee
61529,Drum Nature,Vlooper . Modlee
61532,Feeling good,Vlooper . Modlee
61533,Dance maKING,Vlooper . Modlee
61535,Ociel,Vlooper . Modlee
61564,What's House,Josh H
61565,Adam Beam,Wols
61566,Perfect Love,Volta Cab
61567,Withnail,Huerco S
61568,Ti Uedesh Skoro,Vtgnike
61569,Post,Klic
61587,Margarita's Rumpus,Ergo Phizmiz
61588,Sauvignon Blancmange,Ergo Phizmiz
61589,Lord of the Dance Arrives,Ergo Phizmiz
61590,Nasal Masochism,Ergo Phizmiz
61591,Gigglestick,Ergo Phizmiz
61592,Medicine Goes Down,Ergo Phizmiz
61595,Daily Life,Irene Moon
61596,Memory,Collection of the Late Howell Bend
61598,Love and Inspiriation,Collection of the Late Howell Bend
61604,Beach Comber,King Ghidorah!
61608,Choose Lyfe,CM aka Creative
61617,Chillin' (Featuring Cheese),CM aka Creative
61667,Divine Invasion,Tab & Anitek
61668,Nickles And Dimes,T Bird
61670,Japan Punk,Gosprom
61674,Soundbwoys Shot (Right In The Face Mix),Dub One!
61679,Frågan,Duellen
61680,Tragedy in the Tradeoff,Shorthand Phonetics
61734,Let's Go Dutch,Soft Serve
61736,Margaritaville,Soft Serve
61738,Don't Worry Zombie,Soft Serve
61740,Sea Glass,Soft Serve
61742,A Clown's Good Deed,Soft Serve
61743,Rapid Eye Movement [ft. Adviruz],Floating Spirits
61744,Union,Floating Spirits
61745,Waking Up,Floating Spirits
61746,Around Your Throat,Floating Spirits
61747,Something Toxic,Floating Spirits
61748,Letters [Floating Blu Remix],Floating Spirits
61750,Black & White Transmissions [Siru Remix Draft],Floating Spirits
61752,Evening Currents [Herre Jorna Remix],Floating Spirits
61753,Evening Currents [Christoph Schindling Remix],Floating Spirits
61754,Rapid Eye Movement [Nonimx],Floating Spirits
61755,Rapid Eye Movement [dub],Floating Spirits
61756,Tiruset - Poisonous [Floating Spirits Dub],Floating Spirits
61757,Akaijra - Daionys [Floating Spirits Remix],Floating Spirits
61781,Luces del Cielo,Claro de Luna
61782,2.1,Claro de Luna
61796,123XL,Kalashnikov
61797,666,Kalashnikov
61798,1986,Ed Saad
61799,BULLDOG,Kalashnikov
61802,DORGONIX,Mr. Dorgon
61806,FRUSTRATED,Ed Saad
61807,HIT STOP WHEN YER DONE,Ed Saad
61808,CALLSAAD,Jason Wayne Sneed
61809,ZUPPARDIS,Joe Morris
61812,FAVELAS UNLIMITED,Mark E. Miller
61813,TAMZ UFEM BABIHUUS,Miss Carla Kihlstedt
61814,MY NAME IS,Kalashnikov
61815,OVER FIVE YEARS,Ed Saad
61816,OLYMPIA '08,Pink Mountain
61817,SAAD SPEAKS,Ed Saad
61819,loraslq,The Path
61820,THRASHMETAL,Ed Saad
61821,WALKING WITH SAAD,Ed Saad
61852,Marry Do You Wanna?,Cullah
61854,Twenty Six,Cullah
61884,Old Western Firefight,Cullah
61885,Gas Station Robbery,Cullah
61890,Yea Yea Yea,Cullah
61891,Persian Music,Anyonmous
61894,Siam Soo,Happy Six
61896,Group On A Sand Bar,Peking Opera
61897,Old Valet Carries Master's Letter,Peking Opera
61906,Tour Of The Colombia Expedition,Isleer's Orchestra
61923,From Here To Shanghai,Gene Greene
61950,ararat,On On On
61954,christophe fremiot,On On On
61955,la vie en rose,On On On
61956,delocalisation,On On On
61957,"satan, a ta place",On On On
61958,on danse,On On On
62001,Stand,mGee
62002,Kick It Along The Transit Line (fortyFive Version),mGee
62003,Free You,Armageddon Gospel Revival
62004,Don't Inhale,Armageddon Gospel Revival
62005,Heaven 17,Armageddon Gospel Revival
62006,Taste The Blood of Blacula,Armageddon Gospel Revival
62007,Girl Ghoul A Go-Go,Armageddon Gospel Revival
62020,1 - Intro,The G.O.V.E.R.N.M.E.N.T/5hit Hop Ninja Terminatorz
62028,9 - SWords,The G.O.V.E.R.N.M.E.N.T/5hit Hop Ninja Terminatorz
62036,17 - Everyday,The G.O.V.E.R.N.M.E.N.T/5hit Hop Ninja Terminatorz
62037,5 - Hunting Red,The G.O.V.E.R.N.M.E.N.T/5hit Hop Ninja Terminatorz
62041,33 cent,The Plastic Jazz Orchestra
62042,Mosaic,The Plastic Jazz Orchestra
62043,"Steps, Stairs, Mountains and Valleys",The Plastic Jazz Orchestra
62044,Jazz Solo,The Plastic Jazz Orchestra
62045,Hold [The Plastic Jazz Orchestra Remix],Hands
62046,Roulette,The Plastic Jazz Orchestra
62047,Bye Bye Altai,The Plastic Jazz Orchestra
62048,C'mon Kids,The Plastic Jazz Orchestra
62049,Neon Fly,The Plastic Jazz Orchestra
62050,Elongated Vector Gymnast,The Plastic Jazz Orchestra
62149,Wallet,Bitches
62150,Fly Away Home,Bitches
62152,Winner,Bitches
62157,Spiderweb,Sophia Knapp
62160,Close To Me,Sophia Knapp
62162,Looking Into Another Day,Sophia Knapp
62163,Glasses High,Sophia Knapp
62164,Into The Waves,Sophia Knapp
62165,Interview,Sophia Knapp
62166,So Deep?,Herwig Holzmann
62167,Has Your Anger,Herwig Holzmann
62168,Really Disappeared,Herwig Holzmann
62169,Or Have You,Herwig Holzmann
62171,the fragmentary i,Photophob
62172,uncertaintickle,Photophob
62173,mirror recursion,Photophob
62174,whereas we wonder,Photophob
62175,Three Pendulums,Maps & Transit
62177,Mr. Arrowood,Maps & Transit
62178,Lullaby for Anya,Maps & Transit
62180,Our Happy Life,Maps & Transit
62181,Magnetic North,Maps & Transit
62182,Finally Falling,Maps & Transit
62183,Bouge ton popotin,Dr Sakis
62184,le malin,le pouvoir
62185,Qui a bu Boira...,Majoie Ayi
62186,La femme de mon patron,Daouda
62187,Mignoncité,Guy Watson -
62188,Chéri ton disque est rayé,Patience Dabany
62189,Génie militaire,Armée
62190,DECEPTION   (Je frotte et je cogne),"LETIS DIVA,"
62191,Go digitale,Divans
62192,Victoire,Petit Yodé et l'enfant siro
62193,LArgent appelle largent,Pamelo Mounka
62194,Les Ennemis de mes amis,Tonton Ebogo
62195,La go d'a côté,Arielle T
62196,Jardin damour,Barbara Kanam --
62197,Thief (King Ghidorah!),William Hellfire
62204,Break Night Instrumental,William Hellfire
62205,With SGB Instrumental,William Hellfire
62207,Joe Bob Briggs Presents Theme,William Hellfire
62221,Auto Erotic,William Hellfire
62318,Celli,Sarah J. Ritch
62319,400g Live,Carmel Raz
62321,Sonata de Kinor - 1st mvt,Aurelien Pederzoli
62324,Different Levels,The Tleilaxu Music Machine
62326,You're Square,The Tleilaxu Music Machine
62327,Diabolically Philosophical,The Tleilaxu Music Machine
62328,my little houseboat,The Tleilaxu Music Machine
62329,no yeah like,The Tleilaxu Music Machine
62330,hollywood lovefest,The Tleilaxu Music Machine
62331,purposeful realization,The Tleilaxu Music Machine
62332,haunted dreams,The Tleilaxu Music Machine
62333,sublimation of an inclination,The Tleilaxu Music Machine
62334,bluebird artichoke,The Tleilaxu Music Machine
62335,estoy listo (para cambiar),The Tleilaxu Music Machine
62336,something magical,The Tleilaxu Music Machine
62337,Chinese Rug,The Woolen Men
62423,Room with a view,Jahzzar
62426,Vladimir Estragon,Jahzzar
62435,Boulevard St Germain,Jahzzar
62436,Fastest Man on Earth,Jahzzar
62445,Comic,Jahzzar
62446,Two days,Jahzzar
62448,Julia,Jahzzar
62449,Maybe,Jahzzar
62450,Montmartre,Jahzzar
62452,Jardins du Luxembourg,Jahzzar
62458,Out of School,Jahzzar
62524,road driver,King Ghidorah!
62525,Mistery Woman,Tommy Tornado
62526,Gladiator,Tommy Tornado
62527,Clear Vision feat. Soulmack,Tommy Tornado
62528,Ruff Tuff,Tommy Tornado
62529,Cheatin´ feat. Soulmack,Tommy Tornado
62531,Skank it,Tommy Tornado
62532,Mascarade,Tommy Tornado
62533,Tight Spot/Rough Style feat. Osagyefo,Tommy Tornado
62534,Closing,Tommy Tornado
62561,Star 80 (live),King Ghidorah!
62563,One Tenth Mile (live),King Ghidorah!
62564,Ye' Vessel,Long Hair
62565,Little Weirdo,Dynomite Cat
62581,Intro,Strange Forces
62582,Soul Window,Strange Forces
62583,Love Rust,Strange Forces
62584,Hungry Ghost Nation,Strange Forces
62585,Drugs And Powers,Strange Forces
62586,Liquid Sunlight,Strange Forces
62587,Shizer In The Shadows,Strange Forces
62589,Tchakare Kanyembe track 01,Tchakare Kanyembe
62591,Tchakare Kanyembe track 04,Tchakare Kanyembe
62592,Tchakare Kanyembe track 05,Tchakare Kanyembe
62594,Tchakare Kanyembe track 07,Tchakare Kanyembe
62595,Tchakare Kanyembe track 08,Tchakare Kanyembe
62596,Tchakare Kanyembe track 09,Tchakare Kanyembe
62636,Don't Think Twice,et_
62637,Trip 3,et_
62638,Avenue bar,et_
62639,Chain Splendour,et_
62640,An orchestra behind my window,et_
62641,Suburbs,et_
62642,Another butterfly wings,et_
62643,A Winner,et_
62644,A song of sadness,et_
62645,Geography,et_
62646,Don't Think Twice (reprise),et_
62647,Joy & Emptiness,et_
62648,City,et_
62654,Parents Suck Kids Fuck,Pitchman
62655,Route 13,Pitchman
62658,Stand Off (on the top stair),Pitchman
62659,Stone Age,Pitchman
62663,Intro,et_
62664,Do not relax in traffic,et_
62665,Black,et_
62666,Cosmo,et_
62667,Nothing's changed,et_
62668,Tweed,et_
62669,Harder times / Crater,et_
62670,Tunnel,et_
62671,Striped blue vinyl,Jahzzar
62673,Memory fades,et_
62674,No!,et_
62675,Still,et_
62742,Sleepin',Jahzzar
62748,Haunted,Jahzzar
62749,Heartbreaker,Jahzzar
62750,Roller-skate,Jahzzar
62751,Birthday Cake,Jahzzar
62753,VHS,Jahzzar
62826,Harlequin Tragedy,Death of Samantha
62829,Sexual Dreaming,Death of Samantha
62833,Bed of Fire,Death of Samantha
62834,Good Friday,Death of Samantha
62852,Giving Tree,Yoni Kretzmer 2Bass Quartet
62853,Smallone,Yoni Kretzmer 2Bass Quartet
62858,I Saw Her Face,The Men
62861,Turn it Around,The Men
62867,Glockenspiel,Meltdown
62872,Alien Autopsy,Meltdown
62873,El Gato Blanco ( The White Cat),Meltdown
62874,introduction,Meltdown
62901,Brian Gibson,Colin Langenus
62927,"The Father, The Son, and The Harold Rubin","Ehran Elisha, Harold Rubin and Haim Elisha"
62928,They Enter Through the Ear,Ehran Elisha and Roy Campbell
62929,City Tail,Ido Bukelman
63023,Black Magik (2007),Tyrannosaurus Dracula
63031,Nothing,Electric Jellyfish
63037,Deer Caught In The Headlights,The Wedding Present
63038,Back A Bit Stop,The Wedding Present
63039,Dalliance,The Wedding Present
63040,Why Are You Being So Reasonable Now,The Wedding Present
63041,You're Dead,The Wedding Present
63042,You Should Always Keep In Touch With Your Friends,The Wedding Present
63043,"Dont Talk, Just Kiss",The Wedding Present
63044,Courduroy,The Wedding Present
63045,Brassneck,The Wedding Present
63048,Made in Malasya,CAVE
63050,Teenager,CAVE
63064,Underwater,Koona
63065,Starkey,Koona
63096,Golden Thoughts,Great Black Waters
63097,Gas Station Robber,Great Black Waters
63098,Dirty Acid,Great Black Waters
63099,Midnight Run,Great Black Waters
63100,Only Water,Great Black Waters
63101,Passenger,Great Black Waters
63112,Eaten Ogress,Wretched Worst
63113,Defecated Slaves,Wretched Worst
63114,Ditch Stench,Wretched Worst
63115,Mutilation Pains,Wretched Worst
63116,Worse Than Jail,Wretched Worst
63117,Berzerker,Wretched Worst
63149,25,Lucky Dragons
63151,23,Lucky Dragons
63152,22,Lucky Dragons
63156,18,Lucky Dragons
63157,17,Lucky Dragons
63159,15,Lucky Dragons
63161,13,Lucky Dragons
63163,11,Lucky Dragons
63187,Basketball,speedy ortiz
63188,Indoor Soccer,speedy ortiz
63191,Taylor Swift,speedy ortiz
63206,Living In A Pool of Milk,Larkin Grimm
63208,The Road Is Paved With Leaves,Larkin Grimm
63224,Harmony,Dumbo Gets Mad
63225,Plumy Tale,Dumbo Gets Mad
63226,You Make You Feel,Dumbo Gets Mad
63250,Out of Turn,Big Blood
63251,Mark the Spot Spot,Big Blood
63252,Leviathan Song pt. I,Big Blood
63253,Sirens Knell,Big Blood
63255,Away pt. I,Big Blood
63257,Awake Too Long,Big Blood
63258,Shadows for the Land,Big Blood
63259,The Spyin Blues,Crete Boom
63260,Evil Brother,Crete Boom
63263,Navy and Grey,Crete Boom
63264,Going West,Crete Boom
63270,MIX XI,LIL
63282,Creep 01,I Was A Teenage Strangler Soundtrack
63283,Creep 02,I Was A Teenage Strangler Soundtrack
63284,Hospital 01 and 02,I Was A Teenage Strangler Soundtrack
63285,Creep 03,I Was A Teenage Strangler Soundtrack
63286,Revulsion,I Was A Teenage Strangler Soundtrack
63287,I Was The Killer,I Was A Teenage Strangler Soundtrack
63288,Creep 04 (psyche),I Was A Teenage Strangler Soundtrack
63289,Ticking eye,I Was A Teenage Strangler Soundtrack
63290,Creep 04 (minimal),I Was A Teenage Strangler Soundtrack
63291,March of the Teenagers pt. 2,I Was A Teenage Strangler Soundtrack
63292,Outtake,I Was A Teenage Strangler Soundtrack
63295,Jungle Jim,bbigpigg
63303,Story Of A Man,Nude Beach
63304,But Ya Know/Loser In The Game,Nude Beach
63306,Keep It Cool,Nude Beach
63308,Hit By A Hurricane,Nude Beach
63316,Part One,Sir Isaac Pitman & Sons
63322,Part Five,Sir Isaac Pitman & Sons
63341,Father's Calico Warthog Welly,Ergo Phizmiz
63342,Glass Lingerie,Ergo Phizmiz
63343,Figure Figure,Ergo Phizmiz
63344,Alethea - A Boating Song for Alice Liddell,Ergo Phizmiz
63345,The Idiot,Ergo Phizmiz
63346,Paradoxeseses,Ergo Phizmiz
63347,Ferret,Ergo Phizmiz
63348,Barry's Theme,Ergo Phizmiz
63349,Moustache Guard,Ergo Phizmiz
63350,Pharmasector,Ergo Phizmiz
63351,Hours Upon Hours,Ergo Phizmiz
63352,Dr Vre,Ergo Phizmiz
63353,The Golden Inch,Ergo Phizmiz
63354,Ostrich in a Pickle,Ergo Phizmiz
63355,Morning Emerges From Night,Ergo Phizmiz
63356,Trapeze,Ergo Phizmiz
63357,40 Degrees,Ergo Phizmiz
63358,Ladybirds,Ergo Phizmiz
63359,Vytrebenky Stomp,Ergo Phizmiz
63360,Tennyson's Afternoon Promenade,Ergo Phizmiz
63361,Shoes in the Pastry,Ergo Phizmiz
63362,Smooth Cripple,Ergo Phizmiz
63363,Snorkel Sucker,Ergo Phizmiz
63364,Lazy Bleat's Legs,Ergo Phizmiz
63371,Cucumberstance,Ergo Phizmiz
63372,Funeral Mast,Ergo Phizmiz
63373,Wormlace,Ergo Phizmiz
63374,Biftekno,Ergo Phizmiz
63375,Evil Box,Ergo Phizmiz
63379,Jeremy Parker,Ghost Society
63380,Sleepytime,The Hamiltones
63382,Dolphins Dance With Our Music,Piyama Party
63383,Chris R.,Moogle Charm
63384,"You Can't Be Told It, You Must Behold It",Tender Frame
63385,Vigilant Always,The Harvey Girls
63386,One Light Flashing,Cardinal Family Singers
63387,Two Girls Kissing,Tiger MCs
63388,Sterling Moss,mijo feo
63389,Sounds of Sebring,kasparhauser
63390,Pancake,Paul Cogle
63391,Pony,Surefire Broadcast
63392,His Life Of Academic Freedom,The Starry Tides
63393,The Vehicle Is Invisible,Nolan Smock & The Charming Youngsters
63394,Every Single Day,The Nib Heck Peck Reps
63395,Wait 4Ever,The Evolutionists
63396,No Identifier,Cinemascope
63397,Keep Their Eyes On Me,Liz Larson
63398,Jack Buckey's Theme,Bullpen Catcher
63400,Tall Ships,Presley
63401,Sterling Moss,Greasy Beardo
63402,Tree Chopped Down,And Academy
63403,Sea Wolf (feat. Sir Ryan Goodman),Gods And Queens
63404,Moonie Rox,Så Småningom
63405,Her Life Of Artistic Freedom,mijo feo
63406,Didn't Understand,Prison Or The Moon
63407,The Vehicle Is Invisible (feat. Darragh Nolan/Sacred Animals),Sun Glitters
63408,Dive,Fuji Kureta
63409,Rope,Fuji Kureta
63410,Finis-terre,Fuji Kureta
63411,What If,Fuji Kureta
63412,Spectra,Fuji Kureta
63413,Lux,Fuji Kureta
63414,Credo,Fuji Kureta
63415,Diaphanous,Fuji Kureta
63442,Howling lungs lit up like campfires,Expwy
63444,Burst out crying from the jaw,Expwy
63450,Foppish gallant and scarecrow thin,Expwy
63452,Cargo: Headstones,Expwy
63453,Deep and frozen mother nude,Expwy
63456,Away pt. II,Big Blood
63457,Old Time Primitives,Big Blood
63468,Broken Axis,Mutilation Rites
63469,Dead Years,Mutilation Rites
63470,Blood Will Tell,Mutilation Rites
63471,Goliath,Mutilation Rites
63472,A Season of Grey Rain,Mutilation Rites
63473,All Future And No Past,The Baseball Project
63474,Chat I,The Baseball Project
63475,I Shant Be Back,The Baseball Project
63476,Chat II,The Baseball Project
63477,Fair Weather Fans,The Baseball Project
63478,Chat III,The Baseball Project
63479,Phenom,The Baseball Project
63480,Chat IV,The Baseball Project
63481,1976,The Baseball Project
63483,mache,Hi-FI & failles
63497,Bras de pute doublé pitché,Bras de Pute
63499,Bras de pute Montage 2 Partie A,Bras de Pute
63500,Bras de pute Montage 2 Partie B,Bras de Pute
63593,Song Of Everything,White Hills
63594,Condition of Nothing,White Hills
63595,You Dream You See,White Hills
63597,Pads of Light,White Hills
63626,Particles Of A Dream,Mudang Rouge
63655,Part I,Jahzzar
63656,Part II,Jahzzar
63657,Part III,Jahzzar
63658,Part IV,Jahzzar
63665,Part V,Jahzzar
63666,Part VI,Jahzzar
63667,Part VII,Jahzzar
63668,Part VIII,Jahzzar
63669,Part IX,Jahzzar
63670,Part X,Jahzzar
63731,Robot Frolicking Through a Meadow,Cullah
63732,Port Mento Ahead!,Cullah
63733,Abraham Lincoln and Albert Einstein,Cullah
63734,Forty Eight,Cullah
63747,8bit Five (ft. J6),Cullah
63754,Fifty Nine,Cullah
63755,A Dangerous Game,Cullah
63757,Sweet as Pie,Cullah
63758,Mind Spitting Cullahs,Cullah
63760,Quite the Choir,Cullah
63762,Forty Seven,Cullah
63765,Bit by Bit,Cullah
63766,I'll Never Understand,Cullah
63768,Freshin Up Your Taste,Cullah
63770,Western Firefight 2,Cullah
63771,Root Down Flip,Cullah
63772,Hypnotize (MC Cullah Remix),Cullah
63773,Hunting For Love,Chain & The Gang
63776,'Nuff Said,Chain & The Gang
63789,Never Stop,Cullah
63800,Magnolia,Lushlife
63801,Still I Hear The Word Progress (feat. Styles P.),Lushlife
63802,Bottle Rocket,Lushlife
63803,Gymnopedie (feat. Shad),Lushlife
63804,Motivation,Lushlife
63805,Meridian Sound (Part Three),Lushlife
63820,05_Easy Thing,Higgins
63867,Spring,Just Plain Ant
63874,Dance With The Godfather,Tha Silent Partner
63875,G Finale,Tha Silent Partner
63876,Tha Immigrant,Tha Silent Partner
63877,Vinnie's,Tha Silent Partner
63897,Animal (Featuring Kay M),Tab
63900,Caps In Stems (Instrumental),Tab
63902,Bohemian Green,Tab
63903,American Dream (Featuring TD),Tab
63906,Calm Before The Storm (Featuring Elle Rose),Tab
63908,Death By Hangover,Tab
63911,Animal (Featuring Kay M),Tab
63912,Low Tide,Tab
63914,We Free Four,Beme Seed
63915,Universe In The Room,Beme Seed
63916,Terminal,Beme Seed
63918,I Am The Sign,Beme Seed
63919,Margolies,Beme Seed
63920,F M,Beme Seed
63921,God Inside,Beme Seed
63922,Happy Me,Beme Seed
63925,Doo Wah Doody,Snail Bob
63936,Angry People,Snail Bob
63965,Sexdrugsrocknroll,The Easton Ellises
63966,Insomnia,The Easton Ellises
63967,Ersatz,The Easton Ellises
63968,Black Love,The Easton Ellises
63969,Ersatz (Violet And The Mutants Remix),The Easton Ellises
63970,Ersatz (D Xela & Nomis Yor's Summer Mix Radio Edit),The Easton Ellises
63971,Black Love (Violet And The Mutants Remix),The Easton Ellises
63972,Black Love (Nomis Yor's Feed Your Addiction Remix),The Easton Ellises
63973,Insomnia (Bonus AV Remix),The Easton Ellises
63999,Brute,Gosprom
64005,Giraffes,Gosprom
64006,Moi Samolety,Gosprom
64007,Nevesta,Gosprom
64008,Brute (One Remix),Gosprom
64009,Nevesta (Flayve Remix),Gosprom
64021,Puppet On A String,Night Beats
64022,Sonic Bloom,Night Beats
64023,The Eraser,Night Beats
64024,Poison In Your Veins,Night Beats
64025,Useless Game,Night Beats
64026,Satisfy Your Mind,Night Beats
64027,Tapioca Percocet Kiss Kiss,Night Beats
64028,Little War In The Midwest,Night Beats
64029,Grifted,Literature
64030,Rooney,Literature
64031,14 Seconds,Literature
64032,Lily,Literature
64033,Push Up Bra,Literature
64034,Cincinnatti,Literature
64035,Criminal Kids,Literature
64078,France-excerpt,FRANCE
64079,DREAM,Girlseeker
64091,This Place That Time,Elliott Sharp
64093,sweet talking,Alcove
64192,Love Drug / Radiation,Disappears
64193,Joa,Disappears
64194,Replicate,Disappears
64228,Daily Reminder / Big Changes,Raw Nerve
64235,Rest/Relaxation,Raw Nerve
64236,Bad Speed,The Hussy
64240,Bang Bang,The Hussy
64246,Dunlea Sessions: Live on WFMU,Limbs Bin
64247,Good Luck Charm,The Happy Valley Band
64248,Wooden Heart,The Happy Valley Band
64249,Crazy,The Happy Valley Band
64250,Interview,The Happy Valley Band
64251,It's a Mans Mans Mans World,The Happy Valley Band
64252,In the Ghetto,The Happy Valley Band
64253,Midnight Mover,The Happy Valley Band
64254,Teenage Brain Drain,Paint Fumes
64255,Surf Party Apocalypse,Paint Fumes
64256,Egyptian Rats,Paint Fumes
64257,School Daze,Paint Fumes
64274,Nina Donde Estas,Los Vigilantes
64286,Ven Vamos,Los Vigilantes
64287,Chrome Droid,Freakapuss
64331,Promo Mix Vocal Edit (Luv Dub Mix),Pierlo
64332,Passion Unlimited (Beat to the Feeling 94 Version),Pierlo
64333,You Can't Unfeel The Rhythm (DJ JC Radio Edit),Pierlo
64334,Everybody Dance (All Night Luv Garage Edit) feat. Alexia Dee's,Pierlo
64338,Ten Years Coming (Ninety-Four Drums of Death),LOWdown
64339,dumpTRUCK,LOWdown
64350,Cop A Feel (Good Cop),LOWdown
64357,To The Dusk (Original 1994 4track Recording),LOWdown
64361,Blue Drag,The Swing Ninjas
64362,King Of The Swingers,The Swing Ninjas
64363,South Of France,The Swing Ninjas
64364,Almighty,Bergitta Victor
64365,I Feel,Bergitta Victor
64366,Trouble,Bergitta Victor
64407,Melodica Time (Original Prod),Phoniandflore
64408,Melodica Time (Cut Session),Shan-A-Shan
64409,Melodica Time (Remix),Injham
64410,Melodica Time (Sound System Style),Jideh High
64431,Piffy On A Rock,Hypermagic
64445,Little Scamp,Hypermagic
64446,Start Again Start,Hypermagic
64447,Daisy Beater,Hypermagic
64448,San Fairy Ann,Hypermagic
64449,The Dogs,Hypermagic
64450,Red Lion,Hypermagic
64451,Hey Hey Sunshine,Hypermagic
64452,Florish,Hypermagic
64453,Window Rat Sundae,Hypermagic
64454,Moot,Hypermagic
64455,A Million See,Hypermagic
64456,Pico Blisco,Hypermagic
64457,Jackie Dash,Hypermagic
64463,Brain Time Now,Blast and the Detergents
64477,New Florida,Blast and the Detergents
64478,Questions,Blast and the Detergents
64479,Paranoid Future,Blast and the Detergents
64495,Walking in the Rain,Jigglers
64497,Go Away,Jigglers
64499,Interview,Jigglers
64503,Interview,Kevin Kastning and Carl Clements
64515,Reactivated,Heavy Links
64516,The Way,Heavy Links
64517,"Rap Ambassadors feat Cappo, Sonnyjim & Chrome",Heavy Links
64518,Gritty feat MGC,Heavy Links
64519,Quality Control,Heavy Links
64520,Matter Of Interest,Heavy Links
64521,Resonate feat DJ Severe,Heavy Links
64522,Bombsite,Heavy Links
64523,Vandalise,Heavy Links
64535,found,Retral
64536,found (vip),Retral
64537,fvneral blves,Retral
64538,fvneral blves (kinlaw remix),Retral
64539,Revengenerator,Jed Rabid
64540,Tie Me Down,Jed Rabid
64541,Tasteless,Jed Rabid
64542,Chapter Ending,Jed Rabid
64544,Into,Julian Winter
64545,The Den,Julian Winter
64546,Computer Mountain Troll,Julian Winter
64547,Sewer or Later,Julian Winter
64548,Schopokow,Julian Winter
64549,Godsend,Julian Winter
64550,Good UFO/Bad UFO Experience,El Jesus De Magico
64551,Bone Knife,El Jesus De Magico
64552,We God Thyme,El Jesus De Magico
64553,Bread,Wellington Boot
64554,Oyster Cloister,Wellington Boot
64555,Chulyen,Wellington Boot
64556,Birthquake,Wellington Boot
64566,The Accident (Live),Wellington Boot
64567,The Best,Starring
64568,Intro,Quantum Jazz
64569,If I Can't Dance It's Not My Revolution,Quantum Jazz
64570,Jingle Jazz,Quantum Jazz
64571,All About The Sun,Quantum Jazz
64572,Passing Fields,Quantum Jazz
64573,Balcarabic Chicken,Quantum Jazz
64574,Orbiting A Distant Planet,Quantum Jazz
64583,highnoon,N-qia
64584,verb,N-qia
64585,sands,N-qia
64586,exit,N-qia
64587,treasure,N-qia
64590,Vamos A Tocar Sonero,Frank Guerrero y Su Grupo Aché
64591,Fui Yo,Frank Guerrero y Su Grupo Aché
64592,Cupido,Frank Guerrero y Su Grupo Aché
64593,Barranquilla Tiene Un  Swing,Frank Guerrero y Su Grupo Aché
64594,banjo mouth,Buildings and Mountains
64595,nascent,Buildings and Mountains
64596,suspended,Buildings and Mountains
64597,Rust (Part I),Buildings and Mountains
64599,Epidemic Magnificent,Buildings and Mountains
64600,Blood Dirt,Buildings and Mountains
64601,Start Running,Buildings and Mountains
64602,part one,Buildings and Mountains
64603,part two,Buildings and Mountains
64604,i dont want to die alone,Buildings and Mountains
64618,Deuce,Indian Wells
64625,Thursday & Snow (Reprise),Blank & Kytt
64626,Jangle,Blank & Kytt
64627,Cassette Thing,Blank & Kytt
64628,Come Get Some,Blank & Kytt
64629,Rock,Blank & Kytt
64630,Deniro,Blank & Kytt
64631,Flava,Blank & Kytt
64634,Calling,Bad Noids
64648,Poison in the Kitchen,Bad Noids
64649,My Country,Bad Noids
64656,On Tippy Toes,Labasheeda
64657,Withdrawn,Labasheeda
64658,Relax-her*,Labasheeda
64659,Fake Italian,Labasheeda
64660,Last Ride,Labasheeda
64661,Copycat Emotions,Labasheeda
64663,Zea Live at Beginner,Zea
64664,Zea Live at Beginner,Zea
64665,Zea Live at Beginner,Zea
64666,Zea Live at Beginner,Zea
64667,Zea Live at Beginner,Zea
64668,Zea Live at Beginner,Zea
64669,Zea Live at Beginner,Zea
64689,Sizofrejmija,Ljudske Potrebe
64690,Smrt glupog Avgusta,Ljudske Potrebe
64691,live at Dans l´cul Danku!,Theme of Laura
64695,live at Dans l´cul Danku!,Theme of Laura
64696,live at Dans l´cul Danku!,Theme of Laura
64739,The Stutters Live at Purple Pop,The Stutters
64743,The Stutters Live at Purple Pop,The Stutters
64760,A Touch Of Venus,Smersh
64762,Great Caesar´s Ghost,Smersh
64763,Under Your Hoop,Smersh
64764,Burn!,Smersh
64765,Brown Out,Smersh
64766,Titanic Fantastic,Smersh
64767,Riding With The Pharaohs,Smersh
64768,Blonde Devil,Smersh
64769,Discoteca,Smersh
64770,You Remind Me Of Summer,Smersh
64771,comarca de los druidas,florconvenas
64787,Beastly,Invisible Sports
64788,It's A Warhorse,Invisible Sports
64789,OW,Invisible Sports
64796,Could Be (ft. Jesse Taylor),Jenny Mayhem
64803,Yellow Movie,Locust
64806,Air Dance,Locust
64808,Flower Lady,Locust
64809,Butterfly Lullaby,Possimiste
64826,Very Own Human,Emma Acs
64831,Green Stars And An Orange Sky,Emma Acs
64832,Sarah-Jane Takes The Reigns,Radioactive Sparrow
64834,Music For Baby,Radioactive Sparrow
64836,No More Winters,Radioactive Sparrow
64840,Kim,Radioactive Sparrow
64841,Please Tell Lisa,Radioactive Sparrow
64854,Swedish Fish,Monroeville Music Center
64855,I Don't Know Why (the Gooeys),Monroeville Music Center
64856,Cloud Fight 2,Monroeville Music Center
64857,Rainbow Bomb,Monroeville Music Center
64858,Trigger Select,Monroeville Music Center
64859,Dripping Guts in PG,Monroeville Music Center
64860,Subterranean Centipede Slave,Monroeville Music Center
64861,Herb Pilhofer's Whirlpool,Monroeville Music Center
64862,Hairy Fairy Hotaruna,Monroeville Music Center
64863,En Route (ou Enfin! Le Défilé Capsule de Temps va au Centre de Contrôle),Monroeville Music Center
64864,Préparatifs dans la Salle de Rédaction,Monroeville Music Center
64865,Il Pleut des Informations (ou Mass Media en Masse à Partir de Notre Cumulonimus Fiable),Monroeville Music Center
64866,"Á Minuit, le 31 Décembre",Monroeville Music Center
64873,Spree Wheels,Luke Roberts
64875,Somewhere to Run,Luke Roberts
64876,Second Place Blues,Luke Roberts
64877,Epcot Women,Luke Roberts
64893,horse and sparrow,Buildings and Mountains
64895,side a,Andris Balins
64896,side b,Andris Balins
64905,Apneu Live at Purple Pop,Apneu
64911,Apneu Live at Purple Pop,Apneu
64912,Apneu Live at Purple Pop,Apneu
64918,Cannibals,The Units
64919,Digital Stimulation,The Units
64928,Feeling of Love,Noise Problems Selections
64929,Finally Punk,Noise Problems Selections
64930,New Age Peasants,Noise Problems Selections
64931,Vermillion Sands,Noise Problems Selections
64972,Shared Loneliness,mindthings
64973,Eve,mindthings
64974,Contact,mindthings
64988,Rehab,Action Davis
64989,Bee Mine,Action Davis
64990,Class Act,Action Davis
64991,NYC,Action Davis
64992,Lights - And Counting (Action Davis Remix),Action Davis
64993,Japanese,Action Davis
64994,Dearly Departed (Outro),Action Davis
64995,Illumination (feat. Emmalyne Braswell),Action Davis
64998,Parenthesis,Rations
64999,"A War Of All, Against All",Rations
65000,Lament,Rations
65001,No Answer,Rations
65002,How Much Land Does a Man Need?,Rations
65037,A Lifetime of Summers Past,Candlegravity
65038,Snow Monkeys,Candlegravity
65039,Circuit Doves,Candlegravity
65040,Anxiety Ejection,Candlegravity
65063,Kicks,Sycamore Drive
65064,Moves,Sycamore Drive
65073,Manifest,AViDD
65076,[DSR 7001] Bek Suserutz & mildtape - Dinna Chord redub.mp3,mildtape
65077,[DSR 7001] Bek Suserutz & mildtape - Weisse Nicht redub.mp3,mildtape
65090,excerpt from the B-side,Floris Vanhoof
65160,Big Accumulator,Deniz Tek
65164,Aloha Steve and Danno,Deniz Tek
65165,Escape From NY,Night Birds
65166,Killer Waves,Night Birds
65167,Paranoid Times,Night Birds
65170,Thrilling Murder,Night Birds
65171,The Other Side of Darkness,Night Birds
65172,Midnight Movies,Night Birds
65175,Sex Tape,Night Birds
65176,Oblivious,Night Birds
65234,Fall Moon,Buildings and Mountains
65251,Earthquake Shake,The Long Gones
65264,I'm Gone,The Long Gones
65265,Excerpt 1 - Jandek with Susan Alcorn Ryan Sawyer Shahzad Ismaily,Susan Alcorn
65266,Excerpt 2 - Jandek with Susan Alcorn Ryan Sawyer Shahzad Ismaily,Susan Alcorn
65295,Weird/Aesthetic,Roomrunner
65299,Super Vague,Roomrunner
65301,Disintegrate,Roomrunner
65425,Balztanz,Christoph Schindling
65426,M.I.L.F,Christoph Schindling
65427,Dangerzone,Christoph Schindling
65428,Extreme Microwaving,Christoph Schindling
65429,WTF!,Christoph Schindling
65430,Trampelpfad,Christoph Schindling
65431,Doxepin,Christoph Schindling
65432,Wave-Breaking,Christoph Schindling
65433,Microscoping,Christoph Schindling
65438,Cruel Babies In The House,Bomis Prendin
65439,Mahmoud Swings,Bomis Prendin
65451,Mandolin Orchestra,Bomis Prendin
65480,Mystery Squid,Bomis Prendin
65488,Colorful Lights,Sad Soul Circus
65614,BlackBox Red at Vondelbunker,BlackBox Red
65615,BlackBox Red at Vondelbunker,BlackBox Red
65616,BlackBox Red at Vondelbunker,BlackBox Red
65617,BlackBox Red at Vondelbunker,BlackBox Red
65618,BlackBox Red at Vondelbunker,BlackBox Red
65619,BlackBox Red at Vondelbunker,BlackBox Red
65628,Lola Montez at Vondelbunker,Lola Montez
65629,Lola Montez at Vondelbunker,Lola Montez
65644,Glass of Wine,The Blue Onesies
65651,Aria da Capo è Fine,Kimiko Ishizaka
65652,Variatio 30 a 1 Clav. Quodlibet,Kimiko Ishizaka
65653,Variatio 29 a 1 ovvero 2 Clav.,Kimiko Ishizaka
65654,Variatio 28 a 2 Clav.,Kimiko Ishizaka
65655,Variatio 27 a 2 Clav. Canone alla Nona,Kimiko Ishizaka
65656,Variatio 26 a 2 Clav.,Kimiko Ishizaka
65657,Variatio 25 a 2 Clav.,Kimiko Ishizaka
65658,Variatio 24 a 1 Clav. Canone all'Ottava,Kimiko Ishizaka
65659,Variatio 23 a 2 Clav.,Kimiko Ishizaka
65660,Variatio 22 a 1 Clav,Kimiko Ishizaka
65661,Variatio 21 Canone alla Settima,Kimiko Ishizaka
65662,Variatio 20 a 2 Clav.,Kimiko Ishizaka
65663,Variatio 19 a 1 Clav.,Kimiko Ishizaka
65664,Variatio 18 a 1 Clav. Canone alla Sexta,Kimiko Ishizaka
65665,Variatio 17 a 2 Clav.,Kimiko Ishizaka
65666,Variatio 16 a 1 Clav. Ouverture,Kimiko Ishizaka
65667,Variatio 15 a 1 Clav. Canone alla Quinta,Kimiko Ishizaka
65668,Variatio 14 a 2 Clav.,Kimiko Ishizaka
65669,Variatio 13 a 2 Clav.,Kimiko Ishizaka
65670,Variatio 12 Canone alla Quarta,Kimiko Ishizaka
65671,Variatio 11 a 2 Clav.,Kimiko Ishizaka
65672,Variatio 10 a 1 Clav. Fughetta,Kimiko Ishizaka
65673,Variatio 9 a 1 Clav. Canone alla Terza,Kimiko Ishizaka
65674,Variatio 8 a 2 Clav.,Kimiko Ishizaka
65675,Variatio 7 a 1 ovvero 2 Clav.,Kimiko Ishizaka
65676,Variatio 6 a 1 Clav. Canone alla Seconda,Kimiko Ishizaka
65677,Variatio 5 a 1 ovvero 2 Clav.,Kimiko Ishizaka
65678,Variatio 4 a 1 Clav.,Kimiko Ishizaka
65679,Variatio 3 a 1 Clav. Canone all'Unisuono,Kimiko Ishizaka
65680,Variatio 2 a 1 Clav.,Kimiko Ishizaka
65681,Variatio 1 a 1 Clav.,Kimiko Ishizaka
65682,Aria,Kimiko Ishizaka
65683,People Like You,Bill Borman
65685,Maybelle (feat. Robyn Kenealy),Dick Whyte and his Golden Guitar
65686,Rack,The Murdering Monsters
65698,Cars That Roar,The Murdering Monsters
65699,On A Mission,The Murdering Monsters
65705,TamosReady,Fonkdongo
65706,Tamos Listos,Fonkdongo
65707,Japon,Fonkdongo
65708,Putamadre,Fonkdongo
65709,Se fue la luz,Fonkdongo
65744,Children,et_
65745,Everpresent Future,Super Galactic Expansive
65748,Loop Fiction,Chill Carrier
65749,Martian Mellow Didley,Jimmy Penguin
65750,Normaagedon,Normaa
65751,Judas Goat (Featuring Hicham Enouiti),Filastine
65752,ExplosiON,Alaclair Ensemble
65753,Keep Cool (Vocal Mix),DJad
65754,A Beautiful Mess,Just Plain Ant
65755,Reality Bites,Emerald Park
65756,"Darkling, I Listen",The Black Atlantic
65777,Sun Rice,Adubter
65778,Miłość i Szatan,Adubter
65779,Let's go!,Adubter
65780,OutroDub,Adubter
65781,If,Peter Rudenko
65782,5:00 AM,Peter Rudenko
65783,Counterclockwise,Peter Rudenko
65784,The Painter,Peter Rudenko
65785,Four Sides,Peter Rudenko
65786,Night Palette,Peter Rudenko
65787,Waiting,Peter Rudenko
65788,The Fall,Peter Rudenko
65789,The Undo Spell,Peter Rudenko
65790,Fern Flower,Peter Rudenko
65791,What Follows Me,Peter Rudenko
65792,Snowing,Peter Rudenko
65793,Unawaken,Peter Rudenko
65794,Night Palette Reprise,Peter Rudenko
65795,Transparent,Peter Rudenko
65796,Closing,Peter Rudenko
65877,Run,You Me Tree
65878,Slideshow,You Me Tree
65879,Lights,You Me Tree
65880,Sand and Sea,You Me Tree
65882,Mutual Fun,Caymans
65885,How To Print Money,Caymans
65887,Hard Feelings,Caymans
65888,Heaven's Too Cold,Caymans
65889,Strip Mining,Caymans
65890,Chez Tina,Fast Freddie Fourier and the Transforms
65891,Bush of Thorns,Fast Freddie Fourier and the Transforms
65892,Dark Eyes,Fast Freddie Fourier and the Transforms
65893,Sleeping Beauty,Fast Freddie Fourier and the Transforms
65897,Cold Cold Kiss,Oh! Belgium
65898,Ra,Oh! Belgium
65900,Bracelet of Scars,Oh! Belgium
65973,Tar...Feathers live,Tar...Feathers
65979,Tar...Feathers live,Tar...Feathers
66058,Superhero Style,Ivana XL
66062,Perfume,Ivana XL
66064,Up Up,Ivana XL
66065,Stones,Ivana XL
66066,Berlin (Sam A La Bamalot Vocal Remix),LASERS
66067,Porto (Daily Misconceptions Remix),LASERS
66068,Paris (Stereoboy Remix),LASERS
66069,Paris (Elite Athlete Remix),LASERS
66070,Amsterdam (Sun Glitters Remix),LASERS
66071,Amsterdam (Ruddyp Remix),LASERS
66072,Amsterdam (Blac Koyote Remix),LASERS
66073,Berlin,LASERS
66074,Porto,LASERS
66075,Paris,LASERS
66076,Amsterdam,LASERS
66117,BeautifuL Girl / Fool's Gold,Mark Sultan
66124,I'll Be Loving You,Mark Sultan
66125,I Wanna Be the Only One,Mark Sultan
66180,Life Unfolds,Derek Clegg
66182,I Was Wrong,Derek Clegg
66183,Blind,Derek Clegg
66184,Ask Me,Derek Clegg
66185,Lately,Derek Clegg
66186,I Don't Mind,Derek Clegg
66187,Tragic,Derek Clegg
66200,Ad Infinitum,Andrew Cedermark
66201,Moon Deluxe,Andrew Cedermark
66202,Hard Livin,Andrew Cedermark
66329,New Toys,Mr Worry
66330,Mixed Snaxx,Mr Worry
66331,Percy the Panther,Mr Worry
66332,Gravy,Mr Worry
66333,New Toys [Nonima Rmx],Mr Worry
66348,If the Shit Fits,OBN IIIs
66355,Heavy Heart,OBN IIIs
66356,License Plate,OBN IIIs
66357,Damned to Obscurity,OBN IIIs
66358,New Innocence,OBN IIIs
66359,Moon,Rasel Fame
66380,The time has come,krackatoa
66381,Silver Saphron,krackatoa
66382,Green lady,krackatoa
66384,Goldengate honey,krackatoa
66390,Komodo Dodo,krackatoa
66394,Get Used to It,Yellow Dogs
66395,Bruce,Yellow Dogs
66396,Where He Belongs / Gastronomic Meal,Yellow Dogs
66397,Dancefloor Rules Foreverrr,Yellow Dogs
66398,Dragon Flower,Yellow Dogs
66399,This City,Yellow Dogs
66403,21st Century of a Schizoid Worlds,Free Keys
66404,Freaky,Free Keys
66405,Hon,Free Keys
66436,Somewhere Else,Candlegravity
66437,Love Breaks,Candlegravity
66438,I Remember,Candlegravity
66439,The Ballad of Rufus Rutherford,Candlegravity
66440,Don't Say Goodbye,Candlegravity
66441,You Were In My Dream,Candlegravity
66442,"Green Dress, Maryland Welcome Center, 95NB (feat. New Mellow Edwards)",Curtis Hasselbring
66444,4 Again (Whistle Version w/ Nancy Graves),Isle of Pine
66448,Coat of Arms (Farther Away),Isle of Pine
66449,2 (Wasn't There),Isle of Pine
66451,1 (Maine),Isle of Pine
66452,7 Meaningless Words (Doing Undoing) 1,Isle of Pine
66457,Shift Operator,Obits
66458,No Fly List,Obits
66459,Fake Kinkade,Obits
66460,Talking To The Dog,Obits
66461,SUD,Obits
66462,Light Sweet Crude,Obits
66463,Pine On,Obits
66464,Suez Canal,Obits
66465,You Gotta Lose,Obits
66466,New August,Obits
66467,I Want Results,Obits
66469,Walking,Qkcofse
66471,Wrong House,Qkcofse
66474,Blood Hologram,Qkcofse
66477,Flywheel Imp,Qkcofse
66479,Polymorphous Rose Bonnet,Qkcofse
66480,Objective Chance Body Suit,Qkcofse
66482,Phase a Couple Rooms,Qkcofse
66483,Roast Lettuce and the Glass Babies,Qkcofse
66514,Siren,krackatoa
66517,Look up to the Sky,krackatoa
66522,Speedracer,krackatoa
66524,I am a Drone,krackatoa
66525,Bending Light,krackatoa
66534,Gator Foot,Waylon Thornton
66535,Baladora,Waylon Thornton
66536,Bat Glasses,Waylon Thornton
66537,Cold Spot,Waylon Thornton
66538,Pass The Ring,Waylon Thornton
66539,Come On Down,Waylon Thornton
66633,Goodbye Now,Ghosts
66634,Judge,Ghosts
66635,It Still Hurts,Ghosts
66636,Sniper Wolf,Ghosts
66637,I Walk Alone,Ghosts
66638,Grief And Sleep,Ghosts
66640,Kaeru,The Suzan
66641,Home,The Suzan
66643,Ha Ha Ha,The Suzan
66644,Devils,The Suzan
66646,Tokyo,The Suzan
66648,Jungle,The Suzan
66649,Uh-Ah,The Suzan
66650,Wild Animal,The Suzan
66655,Anthem,King Tuff
66659,Connection,King Tuff
66660,Bad Thing,King Tuff
66661,Sun Medallion,King Tuff
66663,Free (improv),Suishou no Fune
66664,Your Tears,Suishou no Fune
66668,TNI,PUNKASILA
66669,PNU,PUNKASILA
66670,TURBA,PUNKASILA
66671,KOPASSUS,PUNKASILA
66672,PKI,PUNKASILA
66689,July.#04,arizono kazuhiro
66690,Her breath,arizono kazuhiro
66691,Uviol,arizono kazuhiro
66701,"DVORAK - Two Waltzes, Op. 54",Musicians from Marlboro
66703,HANDEL - “Rompo i lacci” from Flavio,"Rebel Baroque Orchestra; Derek Lee Ragin, countertenor"
66713,Helmets And Flags,Young Love
66714,Street,Young Love
66715,Possessed,Young Love
66716,King Cobra,Young Love
66717,Love On The Run,Young Love
66757,Under the Mountain,krackatoa
66761,Numbers,No One and the Somebodies
66768,Ski Free,No One and the Somebodies
66769,Mystery Song,No One and the Somebodies
66770,Long Song,No One and the Somebodies
66771,Bike,No One and the Somebodies
66772,Control,The Indecent
66778,Hear Them Fear Them,The Indecent
66779,PORPORA - “Alto Giove” from Polifemo,"Rebel Baroque Orchestra; Derek Lee Ragin, countertenor"
66782,Love Love Leave Love,Supercute
66783,Candy City,Supercute
66788,Modernity Lovers,Society Problem
66803,Merlot Downer,Tab & Anitek
66804,Dormouse,Tab & Anitek
66805,Computer Bug,Tab & Anitek
66806,BlueBird,Tab & Anitek
66807,Moloko Plus,Tab & Anitek
66808,ArtiChoke,Tab & Anitek
66809,UnderDub,Tab & Anitek
66810,The Ludovico Technique,Tab & Anitek
66811,Sleeper Agent,Tab & Anitek
66812,ChatterMask,Tab & Anitek
66813,Wolf Messing,Tab & Anitek
66814,Operation Paperclip,Tab & Anitek
66815,Ataxia,Tab & Anitek
66816,Empire of the Ants,Tab & Anitek
66817,Heavy Sphere,Tab & Anitek
66818,Divine Invasion,Tab & Anitek
66849,First Impression,Anitek
66850,Cedar Tops,Anitek
66851,Assumption,Anitek
66853,Quote Book,Anitek
66854,Sound Bite,Anitek
66856,Quartz,Anitek
66857,Master Key,Anitek
66858,Access,Anitek
66859,Broke Fashion,Anitek
66860,Chewie,Anitek
66861,Dirt Rich,Anitek
66862,Mondays,Anitek
66863,Rainy Days,Anitek
66864,Treason,Anitek
66865,Under Twine,Anitek
66866,Vast Shutdown,Anitek
66868,Prologue,Basement Skylights
66869,KillingFields,Basement Skylights
66870,DimSummer,Basement Skylights
66871,UnderTone,Basement Skylights
66872,SafeHaven,Basement Skylights
66873,The SlowDown Pt1,Basement Skylights
66874,Impulse,Basement Skylights
66875,Strings,Basement Skylights
66876,TimeBandits,Basement Skylights
66877,Wall #4,Basement Skylights
66878,DuckTape,Basement Skylights
66879,Faces,Basement Skylights
66880,ProperRecords,Basement Skylights
66881,Recess,Basement Skylights
66882,HighTide,Basement Skylights
66884,Door #3,Basement Skylights
66885,MakeBelieve,Basement Skylights
66886,FloatingEmber,Basement Skylights
66887,The SlowDown Pt2,Basement Skylights
66888,FallingSky,Basement Skylights
66889,nxH5-2011-11-05_05_52_57,Miquel Parera Jaques
66894,nxH6-2011-11-08_04_44_13,Miquel Parera Jaques
66910,The Freakout Tent,Tab & Anitek
66911,The Excess,Tab & Anitek
66912,Night Life,Tab & Anitek
66913,Music Theory,Tab & Anitek
66914,Air,Tab & Anitek
66915,Yes Yes Yall,Tab & Anitek
66917,Ruffin Feathers,Tab & Anitek
66918,Clockwork,Tab & Anitek
66919,ChopCity,Tab & Anitek
66920,Dreams,Tab & Anitek
66922,The Life Aquatic,Tab & Anitek
66923,Fantom,Tab & Anitek
66924,Sinister Psyche,Tab & Anitek
66925,Dichotic listening,Anitek
66926,Recall,Anitek
66927,Refractory Period,Anitek
66928,Dream work,Anitek
66929,Pons,Anitek
66930,Soma,Anitek
66931,Shamanism,Anitek
66932,Acquisition,Anitek
66933,Possible selves,Anitek
66934,Catharsis,Anitek
66935,Photoreceptors,Anitek
66936,Lobotomy,Anitek
66937,Fixation,Anitek
66938,Volley Principle,Anitek
66939,Dendrites,Anitek
66940,Divergent thought,Anitek
66941,Stressor,Anitek
66945,Traffic Life,Anitek
66946,Puddle Hoppin,Anitek
66947,Operator,Anitek
66948,Taxicab Sunsets,Anitek
66949,Meal Ticket,Anitek
66950,Ballad of Desert Dialectics,Anitek
66951,The Boss o'Nova,Anitek
66952,Suckerpunched Drunk Strides,Anitek
66953,North Country,Anitek
66954,Talifeather,Anitek
66955,Down the Rabbit Hole,Tab & Anitek
66956,Scrapbook,Tab & Anitek
66957,Vitamin Shoppe,Tab & Anitek
66958,House of the Rising Son,Tab & Anitek
66959,Cheap Disguise,Tab & Anitek
66960,Here Comes the Rain,Tab & Anitek
66961,Charades {feat. Shape},Tab & Anitek
66962,Last Call,Tab & Anitek
66963,Manipulated Living,Tab & Anitek
66964,Ballad of the Man that Never Made,Tab & Anitek
66965,Elmer Fudd Theory {feat. Tone Liv},Tab & Anitek
66966,Peace Pipe,Tab & Anitek
66967,Built from Scratch,Tab & Anitek
66968,Ride and Fly,Tab & Anitek
66969,Bo0ze Infused Wisdom,Tab & Anitek
66970,Mind Warp (Interlude),Tab & Anitek
66971,Inquiring Minds,Tab & Anitek
66972,This Party is Fuckin' Awsome,Tab & Anitek
66973,Disappearing Act {Feat. Renagade},Tab & Anitek
66974,Follow the Leader,Tab & Anitek
66975,Note To Self,Tab & Anitek
66976,The Strange {Feat. Ton Digittie},Tab & Anitek
66977,Traveling in Stereo (Reprise),Tab & Anitek
66992,Eat Me Alive,Gentleman Jesse
66993,Only Lonely,Gentleman Jesse
66997,What Did I Do,Gentleman Jesse
66998,Shivers,Gentleman Jesse
66999,Take It Easy,Gentleman Jesse
67000,Gotta Get Out of Here,Gentleman Jesse
67001,For Free,Tobetozero
67002,For Free (Rushmo Remash),Tobetozero
67004,Something Special,Tobetozero
67005,WWW.NENORMALIZM.TK,Tobetozero
67006,Elina,Tobetozero
67007,The Great Cape,Kid Flicks
67009,Gulf of Riga,Tobetozero
67010,The Spirits Theme,Kid Flicks
67011,She Moves Through the Fair,Michael Chapman
67012,Anniversary,Michael Chapman
67013,After All This Time,Michael Chapman
67014,Slow Coach,Michael Chapman
67015,Fahey's Flag,Michael Chapman
67016,Kodak Ghosts,Michael Chapman
67017,The Twisted Road,Michael Chapman
67038,01 Hermes Labyrinth,Daniel Barbiero
67039,02 C Divided by G,Daniel Barbiero
67040,03 WindWood,Daniel Barbiero
67041,04 Duet for Wind & Prepared Bass No 1,Daniel Barbiero
67042,05 Surrounded by Swift News,Daniel Barbiero
67043,06 The Map is the Land,Daniel Barbiero
67044,07 Freed Marks Optional,Daniel Barbiero
67045,08 Tone Row No 8312584,Daniel Barbiero
67046,09 Pushing on an Open Door,Daniel Barbiero
67047,10 Wie der Wind,Daniel Barbiero
67048,11 Events to Hew,Daniel Barbiero
67121,#3,A Banda de Joseph Tourton
67163,Poserslave,Hisko Detria
67167,Dog Biscuit Bakery,Society Problem
67190,Black Cat Gorilla,Rotor Perdition
67191,Syndicate of Death,Kill! Kill! Death! Death!
67221,Glasseye (Fybe:one Remix),Fybe:one
67222,Glasseye (Manni Dee Remix),Manni Dee
67223,Sleepyhead (Sipp Remix),Sipp
67224,Sleepyhead (Sina. Remix),Sina.
67225,Balloons Don't Always Fly (Module Module Remix),Module Module
67226,Balloons Don't Always Fly (Kelle Remix),Kelle
67227,Balloons Don't Always Fly (Sun Glitters Remix),Sun Glitters
67228,Balloons Don't Always Fly (Deft Remix),Deft
67229,Balloons Don't Always Fly (Original),Patterns In Plastic
67230,Broad Street Boogie,The Honorable Sleaze
67232,Broad Street Boogie (Instrumental),The Honorable Sleaze
67233,Love Me/Hate Me (Instrumental),The Honorable Sleaze
67234,Broad Street Boogie (Acapella),The Honorable Sleaze
67235,Love Me/Hate Me (Featuring Joey Ripps) (Acapella),The Honorable Sleaze
67237,Break The News,Thomas Allan
67238,Rest Until I Die,Thomas Allan
67239,Sensation,Thomas Allan
67240,Sherman Shirts,Thomas Allan
67241,Tell The Boys,Thomas Allan
67248,You Know Rough,Wild Child
67269,Someone Like You,Rational Animals
67308,Camden Park,Super Flower
67309,Dizzy,Super Flower
67310,Lonely Summer,Super Flower
67311,If You Want,Super Flower
67330,Rutherford,Drama for Yamaha
67331,Diver,Drama for Yamaha
67332,Island Pop,Drama for Yamaha
67333,Lagoon,Drama for Yamaha
67334,Spears,Drama for Yamaha
67336,Waterflies,Drama for Yamaha
67357,50 Gallon Drum,Pompey
67358,Were You Gone,Brutal Vainqueur
67359,Savage Customs,Emperors of Blefuscu
67360,Fresh Flesh,Inquiet
67361,Rich In Vitamin C,Squimaoto
67362,Compy,Design A Wave
67363,Before The March,Directorsound
67364,Ether,Andersens
67365,World Premiere Grand Revue [#15 And 13],Saitto Elettrico Goodsound
67366,Broken Eights,Aranos
67367,Random Pop,Poland
67368,Get Off My Beach,Super Creep
67412,You Had to Be There,Dress Up As Natives
67418,Clockwork,Sister Slacks
67446,He Looks Like a Psycho,The Electric Mess
67447,Tell Me Why,The Electric Mess
67449,Nice Guy's Finish Last,The Electric Mess
67451,Runaway Daughter,The Electric Mess
67452,Falling Off the Face of the Earth,The Electric Mess
67454,I Thought About You,The Electric Mess
67455,I Didn't Miss You At All,The Electric Mess
67456,You Make Me Raw,The Electric Mess
67457,a kiss,Big City Orchestra
67458,chaoss,Big City Orchestra
67459,throne for a loss,Big City Orchestra
67462,evil child,Big City Orchestra
67463,Scratch_redux,Ant Neely
67464,Lucky,Ant Neely
67465,What This Country Needs,Ant Neely
67466,Shipping Forecast,Ant Neely
67468,The Peaceful Atom,Ant Neely
67470,Might As Well Whistle,Ant Neely
67471,Before You,Ant Neely
67472,Springfield,Ant Neely
67473,A Day To Forget,Ant Neely
67474,Every Boy Needs A Hero,Ant Neely
67496,Brandenburg Gate,BOK Darklord
67500,Iced Honey,BOK Darklord
67506,Exorcism,Shaved Women
67507,Paranoia,Shaved Women
67508,Anxiety,Shaved Women
67509,Choices,Shaved Women
67510,Static,Shaved Women
67511,Circles,Shaved Women
67513,Every Day Life,Shaved Women
67530,Carried On A Wave,Machine Death
67531,You Ruin Everything,Machine Death
67545,i_love_you_bug.vbs,.crk
67546,mydoom,.crk
67552,Changing (Mood),Jiony
67553,Not Found (Invisible),Jiony
67554,Old Song,Jiony
67556,Winter Fear,The Jacobins
67557,Hazy Days,The Jacobins
67558,Slow Motion,The Jacobins
67559,Fool,The Sights
67560,Left Over Right,The Sights
67561,Anything to Anyone,The Sights
67562,Mercy,The Sights
67563,Prayer,The Sights
67564,Easy Living,The Sights
67565,Could Not Call It Love,The Sights
67566,Not As Pretty,The Sights
67589,2nd Wind,Casanovas In Heat
67596,Ruins,Casanovas In Heat
67597,Climbing Up the Mountain (volcano),Richard Wolff
67598,Dragon Millipede,Richard Wolff
67599,Giant Spider,Richard Wolff
67600,Scorpion Stinger,Richard Wolff
67623,Dancing Stars,Michael Evans and David Nuss
67624,Fuckin' Hippie Shit,Michael Evans and David Nuss
67625,Hippies Singin' the Drone Om,Michael Evans and David Nuss
67626,Seven Footprints to Satan,Michael Evans and David Nuss
67637,Escape Pod,Intelligent Delinquent
67638,Wake Up,Southman
67639,Deadly Dubs,Paranoid Breaks
67640,Nightmare,DZZ
67648,Telescope,Dyman
67649,Shadow of the Sun,Dyman
67650,High,Dyman
67652,Lost,Dyman
67653,Octopus,Dyman
67654,Follow the Dragon,Dyman
67655,V14 L4K714,Dyman
67656,Cigarettes,Dyman
67657,My New Lord,Dyman
67658,You Will Always Be My Little,Dyman
67659,Let's Talk About It,Dyman
67660,Suns of Neurons,Dyman
67661,Kankarah,Dyman
67670,h,mitsuru shimizu
67671,swimy,mitsuru shimizu
67672,bonus track sample,mitsuru shimizu
67673,Soft Power,James Beaudreau
67701,Seventies,Eigenheimer
67707,Shopping mall,Eigenheimer
67734,NO C NEVER EVER,WANDA GROUP
67736,V SUNRISE,WANDA GROUP
67752,Mind Control,Terracid
67755,All Water Is Gone,Terracid
67760,Rites Wild Theme,Rites Wild
67761,Shelley,Woollen Kits
67762,Party,Family (Sydney)
67763,The Land Turned Over,Meg Baird
67764,Share,Meg Baird
67765,Stars Climb Up the Vine,Meg Baird
67766,Spencer the Rover,Meg Baird
67768,Gabriel,Heliotropes
67769,The Dove / Early in the Morning,Heliotropes
67773,Indian Burn (live on WFMU),Lame Drivers
67779,Color Me Dead (live on WFMU),Lame Drivers
67780,We R Notified (live on WFMU),Lame Drivers
67781,Broad Street Boogie,The Honorable Sleaze
67782,Love Me/Hate Me (Featuring Joey Ripps),The Honorable Sleaze
67784,Higher,The Honorable Sleaze
67786,"Thank Y'all (Featuring Rah Scrilla, BCMusic 1st, & Cee Jay)",The Honorable Sleaze
67787,Heat (Featuring RT),The Honorable Sleaze
67788,You & Me (Featuring Ryan Flow),The Honorable Sleaze
67789,Church Hill Rap (Featuring William Robi),The Honorable Sleaze
67790,Junk Mail (Featuring BCMusic 1st),The Honorable Sleaze
67791,Down (Featuring Rah Scrilla),The Honorable Sleaze
67792,"Blood In My Pen, Ink In My Veins (Featuring Emphasys)",The Honorable Sleaze
67793,Fist City,The Honorable Sleaze
67829,Shaking Boombah,krackatoa
68209,No More Blues,Jazz at Mladost Club
68210,Avenue B,Jazz at Mladost Club
68215,Blue bossa,Jazz at Mladost Club
68220,Song for Bilbao,Jazz at Mladost Club
68221,Konflikt,Jazz at Mladost Club
68222,Arana,Jazz at Mladost Club
68226,All blues,M.A.G. Trio
68227,All the things,M.A.G. Trio
68228,F blues,M.A.G. Trio
68229,Full house,M.A.G. Trio
68230,Hotentott,M.A.G. Trio
68231,Impressions,M.A.G. Trio
68233,SOS,M.A.G. Trio
68234,Spain,M.A.G. Trio
68235,Midnight voyage,M.A.G. Trio
68236,Circus,Miodrag Marjanov Quintet
68237,Good Old Club Days,Miodrag Marjanov Quintet
68238,Family Luck,Miodrag Marjanov Quintet
68239,Mia,Miodrag Marjanov Quintet
68242,Balcan House,Miodrag Marjanov Quintet
68243,New Born,Miodrag Marjanov Quintet
68244,Gamblers Blues,Miodrag Marjanov Quintet
68245,L.A. Hifi,Miodrag Marjanov Quintet
68247,Dmol bossa,So What?
68248,Gmol sa sirom,So What?
68330,Curse of the Knightmare,California X
68333,Mummy,California X
68334,Sucker,California X
68340,Some Pictures Can't / I Turn Left Over Train Tracks,Jonah Parzen-Johnson
68341,Never Meant to Keep in Touch,Jonah Parzen-Johnson
68342,Wet Rocks,Jonah Parzen-Johnson
68343,What's Coming When They Stop Coming,Jonah Parzen-Johnson
68344,You Probably Don't Remember,Jonah Parzen-Johnson
68353,Hiding in the Dark,Caroline Gorman
68354,Goodbye Goodbye,Caroline Gorman
68355,Open Up,Caroline Gorman
68356,Still Alive,Caroline Gorman
68404,Party City,LAZY
68407,magicl metl,Bachsung
68408,Spectral Keep,Bachsung
68409,Thats Whats Hapnin,Bachsung
68410,ORCR,Bachsung
68421,The First Ten Minutes of Cocksucker Blues,Chris Forsyth
68424,Funkylicious,Fhernando
68425,HeartBeat (Single Version),Fhernando
68426,Last Days of Disco,Fhernando
68427,Ride My Tempo,Fhernando
68428,The Sun Goes Down,Fhernando
68429,Anthony Jones,Fhernando
68430,Kiss Me Harder Boy,Fhernando
68431,Crying at the Discoteque,Fhernando
68432,Another Stupid Love Song,Fhernando
68433,(I Need Ya) L.O.V.E,Fhernando
68434,Love Story,Fhernando
68435,Pasadena Nights (Album Version),Fhernando
68443,Datter (Yalls remix),CHLLNGR
68444,Datter (Bam Spacey's Desert Air mix),CHLLNGR
68445,Datter (Lamin Fofana remix),CHLLNGR
68447,"Well, Good (Coyote Clean Up Doom Dub)",CHLLNGR
68448,Desire (Doctor Echo Dub),CHLLNGR
68507,Wet Dreams,Casanovas In Heat
68530,A Saturday Afternoon,Tha Silent Partner
68531,Cats & Dogs,Tha Silent Partner
68532,IDKWHUTEYEJUSDIDLOL,Tha Silent Partner
68533,Something 2 Piss U Snobs Off,Tha Silent Partner
68534,Where I Stand,Tha Silent Partner
68535,Apt#2,Tha Silent Partner
68536,"Ambience Brooklyn Zoo Cafeteria, NYC",andybrannan
68537,Ambience Brooklyn Zoo Kids Waiting for Train,andybrannan
68538,Crowd Long,Audionautics
68539,Foyer Crowd,Benboncan
68540,Murmur,Benboncan
68541,Small Group Walla,Corsica S
68542,Ste 010 Crowd Noise 2,Corsica S
68543,Ste 029 Crowd Noise 3,Corsica S
68549,Walla Market Croatian,elektroproleter
68551,Crowd Walla,gelo-papas
68570,SH Middle School Walla Interior,shall555
68571,Gallery Walla,tlipfert
68573,"Kids Playing Soccer in Park Shouting and Arguing, Kalemegdan Park, Belgrade, Serbia",Tomlija
68576,"Pedestrian Zone, Knez-Mihajlova Street, Belgrade, Serbia",Tomlija
68579,"Train Station Lobby Ambience with a PA Announcer, Belgrade, Serbia",Tomlija
68581,Wimbledon 1980,Indian Wells
68582,In The Streets,Indian Wells
68583,Golden Shoes,Indian Wells
68584,Love Frequencies,Indian Wells
68585,Night Drops,Indian Wells
68586,After The Match,Indian Wells
68587,South Beach,Indian Wells
68588,Wolvez Introduction,The Hate Noise
68589,No One But Us,The Hate Noise
68590,Bow Down,The Hate Noise
68591,Tinted Windows,The Hate Noise
68592,Bicycle,The Hate Noise
68593,Fully Automatic Gun Addict,The Hate Noise
68594,G Funk Synth Whine,The Hate Noise
68595,Herb,The Hate Noise
68596,Gami's Break,The Hate Noise
68597,Shoulda Oughta Hit 'Em,The Hate Noise
68598,Has Been for Years,The Hate Noise
68599,Strictly Speaking,The Hate Noise
68600,Christmas is for Faggots,The Hate Noise
68601,Dropout Boogie,The Hate Noise
68680,Celestials,Mean Moon
68681,Epoch,Mean Moon
68682,Artificial Being,Mean Moon
68683,Counter-Earth,Mean Moon
68696,Singing Western,Chemical Peel
68707,Hazardville,Potty Mouth
68708,Kids,Potty Mouth
68709,Shithead,Potty Mouth
68710,Drip-Dry,Potty Mouth
68711,Superfriends,Potty Mouth
68712,Dog Song,Potty Mouth
68713,Black and Studs,Potty Mouth
68739,Walur,Stephan Siebert
68740,FirstBird,Stephan Siebert
68741,Potima,Stephan Siebert
68742,Hermeto,Stephan Siebert
68743,Gaia,Stephan Siebert
68744,Berimbao,Stephan Siebert
68745,Echoes,Stephan Siebert
68746,wal,Stephan Siebert
68747,Nordlicht,Stephan Siebert
68748,auf-bruch,Stephan Siebert
68749,Drone,Benton-C Bainbridge
68751,Neutral Analysis,Benton-C Bainbridge
68752,Subnautica [Wow & Flutter],Benton-C Bainbridge
68816,By Night & Spear,Zulus
68817,Surgery,Zulus
68818,Kisses,Zulus
68819,Vibrations,Zulus
68820,Blackout,Zulus
68821,Death in the Current,Zulus
68837,The False Bride,Howie Mitchell
68838,David's Tune,Howie Mitchell
68839,Lucky's Tune,Howie Mitchell
68840,John's Laughing Place,Howie Mitchell
68841,Old Molly Hare,Howie Mitchell
68842,Old Bangum,Howie Mitchell
68843,Wedding Dress,Howie Mitchell
68844,Matty Groves,Howie Mitchell
68851,Medley,Howie & Ann Mitchell
68852,Temperance Reel,Howie & Ann Mitchell
68853,Irish Washerwoman,Howie & Ann Mitchell
68854,Golden Slippers,Howie & Ann Mitchell
68855,Buckdancer's Choice,Howie & Ann Mitchell
68856,Ally Ally Oh,Howie & Ann Mitchell
68857,Ruffles,Howie & Ann Mitchell
68858,Clogger's Inconsequential Selection,Howie & Ann Mitchell
68860,Varsuviana,Howie & Ann Mitchell
68861,Mississippi Sawyer,Howie & Ann Mitchell
68862,Merry-Go-Round,Howie & Ann Mitchell
68869,Black Flack and the Nightmare Fighters (reunion mix),A. P. Vague
68871,If Must Fight: Win (negative mix),A. P. Vague
68872,"Mining the Acoustics in the Empty Room at Anne Frank Studios in Piladelphia, PA (Paris mix)",A. P. Vague
68875,The New American Hymnal for Post-Apocalyptic Memorials and Celebrations part 1,A. P. Vague
68891,Building The Sun,Broke For Free
68892,One And,Broke For Free
68893,Sidewalk Chalk,Broke For Free
68894,Blown Out,Broke For Free
68895,Luminous,Broke For Free
68896,Fuck It,Broke For Free
68897,Figure It Out ft. Caswell,Broke For Free
68898,Like Swimming,Broke For Free
68899,Lonely Organ,Broke For Free
68902,an,Unknown Artist
68906,a burning sun,Unknown Artist
68907,as time began,Unknown Artist
68909,Walking,Inperfektion
68910,Blame,Inperfektion
68911,Control,Inperfektion
68912,Monster,Inperfektion
68913,Borderline,Inperfektion
68914,Lost,Inperfektion
68915,Sacrifice,Inperfektion
68916,Numb (ft. Broto Verbo),Inperfektion
68917,My Reality (2012 Version),Inperfektion
68918,The Shame,Inperfektion
68999,Church,Scott Sherk
69001,Icelandic Surf,Scott Sherk
69002,Sheep,Scott Sherk
69021,Witchifalls Ta,Peter DiPhillips
69027,Tranquillamente-III,Peter DiPhillips
69170,Enthusiast,Tours
69171,Really in Love,Royal Headache
69172,You Get Me High,Royal Headache
69173,Psychotic Episode,Royal Headache
69174,Down the Lane,Royal Headache
69175,Girls,Royal Headache
69176,Distant and Vague,Royal Headache
69177,Pity,Royal Headache
69178,Stand and Stare,Royal Headache
69181,Hence Chance,Samoln
69182,Flying,Samoln
69188,Sheep,Samoln
69193,Another Boring Lunchtime (edit),Psychadelik Pedestrian
69194,Memories Of Thailand (Beat Doctor's 'stuck in Britain' remix),Risey
69195,Last Flight Home (Marc Burt remix),Marc Burt
69196,Acid Breakfast,Dave Kent
69197,Born Into It (chillout mix),Redmann
69198,Lies (Beat Doctor mix),Marc Burt
69199,Aquarius (Psychadelik Pedestrian remix),Phish Funk
69200,Force Of Nature (JMD remix),Redmann
69201,Bass Tribe (remix),Online Funkstream
69202,Turbulence (Psychadelik Pedestrian's chillout remix),Marc Burt
69203,Plasma,Redmann
69204,Pioneers,Marc Burt
69205,The Squelch,Phish Funk
69206,Move Harder (Beat Doctor remix),Redmann
69207,By The Water (Aerologic remix),Space Invaders v Psychadelik Pedestrian
69208,Too Retro,Beat Doctor
69209,Night Beach,Psychadelik Pedestrian
69210,Got Me (club mix),Beat Doctor
69211,Interference (Psychadelik Pedestrian remix),JMD v Kube
69221,Stay (Original Mix),Max Grin
69222,Slump (feat. Mac),Max Grin
69223,Satellite (feat. Stereo),Max Grin
69258,Void,Sonny & The Sunsets
69259,Heart of Sadness,Sonny & The Sunsets
69260,Bad Vibes,Sonny & The Sunsets
69261,Sea of Darkness,Sonny & The Sunsets
69262,My Mind Messed Up,Sonny & The Sunsets
69263,Dried Blood,Sonny & The Sunsets
69264,Out of This World,Dark Ages
69270,Power,Dark Ages
69272,Yellow Eyes,Dark Ages
69291,Let Down,No Class
69299,Tired Bored Angry Violent,No Class
69303,The Subtle Body Wears a Shadow,Diamond Terrifier
69349,We Gotta Go,Dikes of Holland
69361,Dirty San Franciscan,Dikes of Holland
69362,UFT,Dikes of Holland
69554,We Go Ham,The NSJ Crew
69555,The Nellie,The NSJ Crew
69556,Karate,The NSJ Crew
69557,No Chorus,The NSJ Crew
69558,NSJ Swagger,The NSJ Crew
69559,Head Start,The NSJ Crew
69560,Had Your Chance,The NSJ Crew
69561,S.W.A.G.,The NSJ Crew
69562,Haunted,The NSJ Crew
69563,Good Time,The NSJ Crew
69564,'Til You Get There (ft. Shawntel of the Y.N.RichKids),The NSJ Crew
69567,Your Chime,Dead Doves
69587,Cynical Being,Anitek
69588,Chamomile,Anitek
69589,Learning Curve,Anitek
69590,Dogma,Anitek
69591,Rooftop Serenade,Anitek
69592,Moonstruck,Anitek
69593,Semantics,Anitek
69594,The Formless,Anitek
69636,l'homme armé,Musik Studio
69638,berlin,Musik Studio
69646,suicide,Musik Studio
69647,que la bourgeoisie comprenne,Musik Studio
69665,el dolor moral,Fran Ilich
69682,MT-1,Mikael Jorgensen and Travis Thatcher
69683,MT-2,Mikael Jorgensen and Travis Thatcher
69686,MT-5,Mikael Jorgensen and Travis Thatcher
69688,el dolor desenfrenado,Pinche Tirano
69689,un dub romántico,Pinche Tirano
69690,the way I dance tonight,Pinche Tirano
69691,florcita,Pinche Tirano
69693,asihash,Pinche Tirano
69694,I can't save the world,Pinche Tirano
69695,tell me how you feel about it,Pinche Tirano
69696,tell me tell me,Pinche Tirano
69719,intro,ROGER ROBERT
69720,Tu vas crevette,ROGER ROBERT
69721,La reine,ROGER ROBERT
69722,Vikings,ROGER ROBERT
69723,Dracula,ROGER ROBERT
69724,La vierge de fer,ROGER ROBERT
69725,Brillant pat,ROGER ROBERT
69726,She's gonna maneouvre,ROGER ROBERT
69727,Sxy folys,ROGER ROBERT
69728,Once Again (Max Producer remix),Godblesscomputers
69729,Metal Bajji (Figub Brazlevič remix),Godblesscomputers
69730,Topless Bar (Johnny Boy remix),Godblesscomputers
69731,Metal Bajji (Mouch 'cloudwalk' remix),Godblesscomputers
69732,Natürlich,Godblesscomputers
69733,Jugnor,Godblesscomputers
69734,Coconuts,Godblesscomputers
69735,Lazy conversation,Godblesscomputers
69736,My heart is offbeat,Godblesscomputers
69737,Great and Dreadful Sky,Chat Logs
69741,JokerDracula,Chat Logs
69742,Cropsee pts. 1 and 2,Chat Logs
69743,Isolation Rites,Chat Logs
69744,01,Manueljgrotesque
69745,02,Manueljgrotesque
69746,03,Manueljgrotesque
69747,04,Manueljgrotesque
69761,Animal Masks,Plusplus
69762,Song for Sonny,Plusplus
69763,Kerouak,Plusplus
69764,Broken Doors,Plusplus
69765,Echoes,Plusplus
69766,Game Over,Plusplus
69767,The Old Country,Plusplus
69768,Tiny hands,Plusplus
69769,Kid,Ghastly Spats
69776,Mono,Lenin Lennon
69781,Secret Wave,Home Blitz
69782,Skirts of Rain,Love Chants
69784,When I Could Love,Chris Cook
69785,Two Squared,Chris Cook
69786,The Lemniscate,Chris Cook
69787,The Dark Room,Chris Cook
69788,The Gospel According To Dale,Chris Cook
69789,Stay On Course,Chris Cook
69791,Stand Up,Chris Cook
69792,Place Like No Home,Chris Cook
69793,We Have Moved,Chris Cook
69798,Wake Up Deaf To Sirens,Chris Cook
69822,Everybodys got to learn sometime (vs Stade),Infinite Livez
69823,R yeah (Millelemmi remix),Infinite Livez
69824,Lucky you (Digi G'Alessio remix remix),Infinite Livez
69825,R yeah (Stade remix),Infinite Livez
69826,Lucky you (Applejac's Roulette Wheel remix),Infinite Livez
69827,R yeah (A Smile for Timbuctu remix),Infinite Livez
69828,Lucky you (the Earlyman remix),Infinite Livez
69829,Higher,The Honorable Sleaze
69830,Higher (Instrumental),The Honorable Sleaze
69831,Higher (Acapella),The Honorable Sleaze
69833,Dreamflower (Keep The Dream Alive) (Instrumental),The Honorable Sleaze
69834,Dreamflower (Reprise),The Honorable Sleaze
69835,In My Dreams,The Honorable Sleaze
69836,Bright Bird,Jeremy Macachor
69837,Mr. Wind,Jeremy Macachor
69838,Dub_in Motion,Jeremy Macachor
69839,The Ship,Jeremy Macachor
69840,Shock Love,Jeremy Macachor
69864,Jughead Junction Roamer,Przewalski's Horses
69904,Engano Seu,Oddish
69925,Pusher,Acid Problem
69926,Slow Control,Acid Problem
69928,US of Oi!,Acid Problem
69929,Death Bag,Acid Problem
69933,Weed Queen,Estrogen Highs
69938,It Has To Rhyme,Estrogen Highs
69939,I Am Tradition,Estrogen Highs
69941,Just Wanna Be With You,White Wires
69942,In My Bed,White Wires
69943,Pogo Til I Puke,White Wires
69944,Crazy,White Wires
69945,Roxanne,White Wires
69946,Magic,White Wires
69947,Ha Ha Holiday,White Wires
69948,Dont Call Me When Youre Ill,White Wires
69949,All Night Long,White Wires
69950,Jackson,Bee and Flower
69951,In The Dawn And Dusk,Bee and Flower
69952,Swallow Your Stars,Bee and Flower
69953,It's The Rain,Bee and Flower
69954,I Know Your Name,Bee and Flower
69955,Sludge Seed,Shoxx
69985,Azimutez,Sci Fi Industries
69986,Sika of Etol,Sci Fi Industries
69987,Unico Universo,Sci Fi Industries
69988,Ancient Earth Spinning Sound,Sci Fi Industries
69989,Rainsticks,Sci Fi Industries
69990,Tryptic: Left Me,Sci Fi Industries
69991,Tryptic: Hold Me,Sci Fi Industries
69992,Tryptic: Kill Me,Sci Fi Industries
69993,Ryiad Calling,Sci Fi Industries
69994,Jyib,Sci Fi Industries
69995,Another World,Sci Fi Industries
69996,Brand New Cathedral,Sci Fi Industries
70002,Can You Rock A Party Without Rehearsing?,THF Drenching & Karl D'Silva
70005,Doughnut Remover Acoustic,THF Drenching & Karl D'Silva
70040,Wir Bauen Eine Neue Stadt,Titmachine
70041,Sex Bomb,Titmachine
70043,Some Kinda Distortion,Titmachine
70044,Schneller,Titmachine
70045,Jana's Dream (bonus),Titmachine
70163,Jewel Of Illumination,Mudang Rouge
70168,Crimson Dawn,Mudang Rouge
70171,Unusual Sensation,Mudang Rouge
70172,Origin Of Mythic Forms,Mudang Rouge
70173,Lyric Song Of The Salmon,Mudang Rouge
70174,Liquid Lavendar Light,Mudang Rouge
70190,Interview,Apache Dropout
70191,Candy Bar,Apache Dropout
70193,I 80,Apache Dropout
70194,Archie's Army,Apache Dropout
70198,Radiation,Apache Dropout
70199,Carryin' Fleas,Apache Dropout
70201,E.I.O.,Pow Wows
70202,Fire Song,Pow Wows
70204,Know Her Name,Pow Wows
70205,Shock Corridor,Pow Wows
70206,L.O.I.,Spray Lodge
70207,Opium,Spray Lodge
70208,Bittersweet Insomnia,Spray Lodge
70239,Badlands,Dan Friel
70240,Scavengers,Dan Friel
70241,Thumper,Dan Friel
70242,Pink Helicopters,Dan Friel
70243,Intervention,Dan Friel
70244,Valedictorian,Dan Friel
70245,Trainwreck,The Mess Around
70250,Goddamn I Get To Be Your Man,The Mess Around
70251,Shake It On Down,The Mess Around
70267,Tataka-e,Nomad
70268,Seiji No Uso,Nomad
70272,Tsuzuku,Nomad
70273,Kuku No Saigai,Nomad
70274,Tachi Agare,Nomad
70275,Ashita Wa Nai,Nomad
70282,Masada Gestalt,Zen Albatross
70283,The Absent Flesh,Zen Albatross
70285,I (the defeat of the personal) - XII. Take this morning (for instance),Igor Ballereau
70299,-80.657417 -102.624289,Morsa
70300,Underwater maze,Morsa
70301,Belly Button,Morsa
70302,Expectation,Morsa
70303,Erotic Post-Ironic (feat. Ella),Morsa
70402,Soft Sounds,Saralee
70403,Pigeon Song,Pile
70405,I Don't Understand,Doomstar
70406,Kinda But Not Really,The Needy Visions
70407,Nudity,Fat History Month
70409,Jimnicluc,Kid Romance
70412,Not Afraid To Die,Kal Marks
70417,A Microtonal Tapestry for Chad,Andrew Bisset
70418,Andrew Bisset: Conglomerate Fragments for Solo Piano,Sergey Schepkin
70419,Andrew Bisset: Cultural Dis-Ease,Sergey Schepkin
70423,I Do,Supercute
70424,Love Love Leave Love,Supercute
70425,Assked,Supercute
70426,Candy City,Supercute
70434,I Wish That I Never Had Fed You,Spider Bags
70435,Teenage Eyes,Spider Bags
70436,Friday Night,Spider Bags
70437,Keys To The City,Spider Bags
70438,Simona La Ramona,Spider Bags
70439,Standing On A Curb,Spider Bags
70440,Shape I Was In,Spider Bags
70441,Bach - Brandenburg Concerto no3 mvt3 allegro,Advent Chamber Orchestra
70442,"Couperin - Pieces en Concert - Prelude, La Tromba, Air de Diable",Advent Chamber Orchestra
70443,"Bartok - Roumanian Folk Dances - Waistband Dance, Roumanian Polka, Maruntel",Advent Chamber Orchestra
70444,Mozart - Eine Kleine Nachtmusik allegro,Advent Chamber Orchestra
70445,Handel - Concerto for Organ and Orchestra Op7 no1 mvt1,Advent Chamber Orchestra
70446,Handel - Concerto for Organ and Orchestra Op7 no1 mvt2,Advent Chamber Orchestra
70447,Handel - Concerto for Organ and Orchestra Op7 no1 mvt3,Advent Chamber Orchestra
70448,Vivaldi - Concerto in C Major for Oboe and Orchestra andante,Advent Chamber Orchestra
70449,"Corelli - Concerto Grosso, Op6 no4",Advent Chamber Orchestra
70450,Corelli - Concerto Grosso G Minor 1,Advent Chamber Orchestra
70451,Corelli - Concerto Grosso G Minor 2,Advent Chamber Orchestra
70452,"Bach - Brandenburg Concerto No 3, 1 allegro",Advent Chamber Orchestra
70454,"Bach - Brandenburg Concerto No 3, 3 allegro",Advent Chamber Orchestra
70455,Handel - How Beautiful Are the Feet,Advent Chamber Orchestra
70456,Handel - Rejoice,Advent Chamber Orchestra
70457,Vivaldi - Motet for Soprano and Orchestra larghetto,Advent Chamber Orchestra
70458,Vivaldi - Motet for Soprano and Orchestra recitativ,Advent Chamber Orchestra
70459,Vivaldi - Motet for Soprano and Orchestra allegro,Advent Chamber Orchestra
70460,Mozart - Laudate Dominum,Advent Chamber Orchestra
70461,Vivaldi - Credo: Credo in Unum Deum,Advent Chamber Orchestra
70462,Vivaldi - Credo: Et Carnatus Est,Advent Chamber Orchestra
70463,Vivaldi - Credo: Crucifixus,Advent Chamber Orchestra
70464,"Albinoni - Concerto for 2 Oboes in F Major Op9 no3, 1 Allegro",Advent Chamber Orchestra
70465,"Albinoni - Concerto for 2 Oboes in F Major Op9 no3, 2 Adagio",Advent Chamber Orchestra
70466,"Albinoni - Concerto for 2 Oboes in F Major Op9 no3, 3 Allegro",Advent Chamber Orchestra
70467,"Handel - Entrance to the Queen of Sheba for Two Oboes, Strings, and Continuo allegro",Advent Chamber Orchestra
70468,Dvorak - Serenade for Strings Op22 in E Major larghetto,Advent Chamber Orchestra
70469,"Bughici - Suite for Violin, 6 Dance, allegretto",Advent Chamber Orchestra
70470,"Bughici - Suite for Violin, 7 Lyric Song, lento",Advent Chamber Orchestra
70471,"Bughici - Suite for Violin, 8 Ardeleneasca, moderato",Advent Chamber Orchestra
70472,"Bughici - Suite for Violin, 9 Hora, vivace",Advent Chamber Orchestra
70509,Maise,fm
70512,Strife,fm
70513,Which House,fm
70517,8:47,sound collision alliance
70654,Far Gone (Featuring DJ Def Chad) (Vocal),C-Doc
70655,Far Gone (Featuring DJ Def Chad) (Instrumental),C-Doc
70656,Due This (Vocal),C-Doc
70657,Due This (Instrumental),C-Doc
70658,Far Gone (Featuring DJ Def Chad) (Voxx Only),C-Doc
70659,Due This (Voxx Only),C-Doc
70660,Livin' The Amerikan Dream,C-Doc
70687,Interview,Gay Witch Abortion
70693,Grow Or Die,Gay Witch Abortion
70695,Cult Chimera,Gay Witch Abortion
70696,Air Wonder Stories,Gay Witch Abortion
70768,FluffSkull,S.J. Mellia
70769,Beat130.1,S.J. Mellia
70770,Murder Death Kill,S.J. Mellia
70771,Basic Time Slicer,S.J. Mellia
70772,FluffSkull (Tech Mix),S.J. Mellia
70773,Beat 130.1 (AcidBurp Mix),S.J. Mellia
70774,Murder Death Kill (Beat Breaker Mix),S.J. Mellia
70775,Basic Time Slicer (Spliced Mix),S.J. Mellia
70809,Dendam Membara,Hellcore
70811,Mati Sia-Sia,Hellcore
70813,Sakit Jiwa Terinfeksi,Hellcore
70821,Unhappy People,The Matt Kurz One
70822,Epiphany!,The Matt Kurz One
70824,Turn Your Back,The Matt Kurz One
70873,goose woman,owlface
70874,killing frost,owlface
70875,lady bird,owlface
70876,menica,owlface
70877,oldcrow,owlface
70878,otter people,owlface
70879,patience,owlface
70882,Underneath The Fruit Flies,Cheap Time
70885,Goodbye Age,Cheap Time
70886,Same Surprise,Cheap Time
70887,Kill The Light,Cheap Time
70888,Modern Taste,Cheap Time
70889,Never Knew So Much,Cheap Time
70913,Drumm Machine (Clean Machine) (Featuring DJ Def Chad),C-Doc
70914,Far Gone (PMRC Mixx) (Featuring DJ Def Chad),C-Doc
70933,Smile On,Peter Rudenko
70934,Winter Sun,Peter Rudenko
70935,When It Rains,Peter Rudenko
70936,Inhale,Peter Rudenko
70937,Last Days Of Summer,Peter Rudenko
70938,Back Home,Peter Rudenko
70939,Haiku,Peter Rudenko
70940,Lights Out,Peter Rudenko
70941,Them,Peter Rudenko
70942,Incomplete,Peter Rudenko
70943,Them Part 2,Peter Rudenko
70947,intro [tendencia],Jota_a_ene
70948,bluish,Jota_a_ene
70949,la musica y el baile,Jota_a_ene
70951,piano,Jota_a_ene
70953,bon voyage,Jota_a_ene
70954,majara,Jota_a_ene
70957,high smoke,Jota_a_ene
70959,nocturno,Jota_a_ene
70960,cosmic lights,Jota_a_ene
70962,xperiment synth,Jota_a_ene
70963,this deejay is so,Jota_a_ene
70964,midnight in the air,Jota_a_ene
70965,guai,Jota_a_ene
70966,celula,Jota_a_ene
70967,galaxias infinitas,Jota_a_ene
70968,soulful soundbox,Jota_a_ene
70969,final,Jota_a_ene
71087,Superb Owl,Bitbasic
71088,Fantasy Pretzel,Bitbasic
71089,Stealth Elk,Bitbasic
71090,It Shtill Worksh,Bitbasic
71091,Alpha Dromayo,Bitbasic
71093,Sledge To Safety,Bitbasic
71094,Your Unnecessary Flombe,Bitbasic
71095,(Have A) Nice Time,Bitbasic
71096,"Be careful, I've Stood On It Too",Bitbasic
71097,Sparkles The Wizard,Bitbasic
71099,unt061,yan_g
71100,unt051,yan_g
71101,"unt039, part 1",yan_g
71102,"unt039, part 2",yan_g
71103,"unt039, part 3",yan_g
71104,Touch Too Much,Pandacetamol
71105,A Stitch In Brine,Pandacetamol
71106,Meat On The Bones,Pandacetamol
71107,Crestfallen,Pandacetamol
71108,Forgetful Viper,Pandacetamol
71109,Chief Itchy Snitch,Pandacetamol
71110,Spamgate,Pandacetamol
71111,Drop The Rusty Sparkle,Pandacetamol
71112,Hole In The Box,Pandacetamol
71113,Processing Threats,Pandacetamol
71132,Making Friends With Shadows,Laura Finlay
71133,The Rest,Loretta Lucas
71150,Get Ready,C-Doc
71151,Braggadocio,C-Doc
71152,Surf Emcees Must Die (Featuring Marcus J Gilligan),C-Doc
71153,Drumm Machine (Featuring DJ Def Chad),C-Doc
71154,Digg It!,C-Doc
71156,Far Gone (Featuring DJ Def Chad),C-Doc
71157,Followin' Me,C-Doc
71158,(Story) Telling (Featuring Marcus J Gilligan),C-Doc
71159,Broken Homes (Featuring DJ Def Chad),C-Doc
71160,Got Ready,C-Doc
71161,Due This,C-Doc
71164,I Know,Furtherset
71166,Kweil,Furtherset
71167,We're Not Friends Anymore,Body Holographic
71172,The Tumen Horsemen,Frenic
71173,Eternal Plains,Frenic
71174,Ulan Bator,Frenic
71175,Wolf Falcon Deer,Frenic
71196,Big Wordz Big Wizard,Digi G'Alessio
71197,Neat Meat Fiend,UXO
71198,Verbal Leprosy,Railster
71199,Les,Desanimaux
71200,So And Soul,Furtherset
71201,Atarassic,Mstk
71202,So And Soul,Grillo
71203,Starz Are Coming In,Apes on Tapes
71215,Jogar Fora,J-K
71216,Aperitivos,J-K
71217,Sabes Bem,J-K
71218,Rapaz de Azul Escuro,J-K
71221,Anda Lá,J-K
71222,Dia Santo,J-K
71223,Comunicação Final,J-K
71224,Bolas de Fogo,J-K
71225,Cara de Poker,J-K
71226,Folha de Outono,J-K
71227,Se Estiveres Por Cá,J-K
71228,Tenho,J-K
71229,Complexo de Inferioridade (com Stray),J-K
71230,Kamikaze,J-K
71231,Perspectivas,J-K
71240,One Take (Intro),Dengaz
71241,Neva Give Up,Dengaz
71242,Focused (feat. Richie Campbell),Dengaz
71243,Encontrei (feat. Agir),Dengaz
71244,Obrigado (feat. Dino),Dengaz
71245,If You Gonna Be There (feat. Celso Opp),Dengaz
71246,FayaFlow (feat. Praga),Dengaz
71247,Imortais,Dengaz
71248,Motivation (feat. Carolina Deslandes),Dengaz
71249,Ela Só Quer,Dengaz
71250,Não Dá (feat. Prodigio),Dengaz
71251,Not Nice (feat. NGA),Dengaz
71252,Quem És,Dengaz
71253,Homem Sem Alma,Dengaz
71254,Eu Consigo (feat. Agir) [Bonus Track],Dengaz
71255,From The Heart (feat. Richie Campbell) [Bonus Track],Dengaz
71256,Polska,Oferta Especial
71257,Despertar,Oferta Especial
71259,Otro día más,Oferta Especial
71261,Jungla de cristal,Oferta Especial
71263,Juguetes por balas,Oferta Especial
71265,A la kalle,Oferta Especial
71266,Has pasado,Oferta Especial
71270,Burnt Wings,Pink Reason
71271,(I Don't Wanna Go to) The Zoo,Pink Reason
71272,Fuck You Shawn!,Pink Reason
71273,Song With No Name,Pink Reason
71274,Ache For You,Pink Reason
71275,Borrowed Time,Pink Reason
71276,The Devil Always Wins,Pink Reason
71303,Shock ya,Mules
71304,Teenage Freakout,Mules
71305,Gr8bit,Seventh Gear
71306,Hotfire,Seventh Gear
71307,The Lift,Seventh Gear
71308,Perfect Stranger,Seventh Gear
71309,Plastic Wastelandt,Seventh Gear
71310,Neon Rain,Seventh Gear
71311,Chipped,Seventh Gear
71312,Mnesia,Seventh Gear
71313,East Gate 9,Lofiuser
71315,Chrome Horse,Lofiuser
71317,To The Sun,Lofiuser
71318,Whenever Possible,Lofiuser
71320,Canopy,Lofiuser
71321,Acer,Lofiuser
71343,Strange People,Pandacetamol
71344,Pie in the Sky,Pandacetamol
71345,Figments,Pandacetamol
71346,Visit to Nilbog,Pandacetamol
71347,Under a Nightmare,Pandacetamol
71362,Pirates Of The Coast,Black Bones
71363,We Will Rise Again,Black Bones
71364,Seaquest,Black Bones
71365,Burning Soul,Black Bones
71366,The Demon's Lair,Black Bones
71367,Drink Up Me Mateys,Black Bones
71368,The Rattling Bones Of Gill Mc Gee,Black Bones
71369,Captain Blood,Black Bones
71370,End Of Time,Black Bones
71371,Good Times,Black Bones
71372,Rock N Roll,Black Bones
71373,Porta D'Arce,Oprachina
71374,Fat-fast,Oprachina
71375,Attimi,Oprachina
71376,Le Fiabe Da Brno,Oprachina
71377,Grigioscuro,Oprachina
71378,Torti,Oprachina
71379,blu,Oprachina
71380,The Moon In August,Oprachina
71381,Nitro,Oprachina
71386,Fluffier Inside,Pandacetamol
71387,Velvet Pocket,Pandacetamol
71388,Show Sweet You,Pandacetamol
71389,Elaines Over Here,Pandacetamol
71390,Rather Jack,Pandacetamol
71391,CLT08,Pandacetamol
71392,Plastic Tantra,Pandacetamol
71393,Sublimal Prawn,Pandacetamol
71394,Closing In,Pandacetamol
71395,Bungled,Pandacetamol
71396,Leaf Shaped Feelings Cube2the3rd Remix,Small Radio
71397,Leaf Shaped Feelings MCM Remix,Small Radio
71398,Leaf Shaped Feelings Adrian Carter Remix,Small Radio
71401,Leaf Shaped Feelings Noise Research Remix,Small Radio
71402,Leaf Shaped Feelings Anclove Remix,Small Radio
71403,Leaf Shaped Feelings Forrest James Remix,Small Radio
71404,Leaf Shaped Feelings 7th Gear Remix,Small Radio
71405,Leaf Shaped Feelings Coco Bryce Remix,Small Radio
71406,Leaf Shaped Feelings Lofiuser Remix,Small Radio
71408,Excellenti,Small Radio
71411,Alfreds Alarm,Kurobear
71412,"Hello, Baby (mix for matador)",Kurobear
71413,Okie Dokie,Kurobear
71414,Compression Torture,Kurobear
71415,S'il vous plait,Kurobear
71416,Whistle Tone,Kurobear
71417,Circle square,Kurobear
71418,76,Kurobear
71419,Kemist.5,Kurobear
71420,Without Love,Kurobear
71433,Alarm at eleven,Pandacetamol
71438,Counterd with Calm,Pandacetamol
71440,Dove in an elevator,Pandacetamol
71488,Bikini Island,Nuclear Santa Claust
71492,I'm Alright,Nuclear Santa Claust
71502,mono+,evgthug1
71503,@,ui
71504,M0n0R41L,MattyBoJangles
71505,Empower Thee,vargero
71506,Cloudy,Subway Sonicbeat
71507,BACKSTRAP feat. puppyspazz,staRpauSe
71508,Burn Down the Monostery,egr
71509,Ravetrap,Hexawe (Various Artists)
71510,Chemtrails,Din Sky
71511,October Surprise [wiretap mix],Peter Swimm
71512,Noam Chomsky's Corporate Carbohydrate Surprise,Quelle Fromage
71513,M0NOR4V3N,XC3N
71514,Shut Up,Rhinostrich
71515,How Ya Like Me Now Pt.2,BLEO
71516,Neurociencia,Pulselooper
71526,Onion-Kadavresky,Doctor Bux
71551,Square One,Anitek
71552,Outlandish,Anitek
71553,Natural Form,Anitek
71554,Float,Anitek
71555,Seasons,Anitek
71556,Counterpart,Anitek
71557,Paudex,Anitek
71558,Kodocha,Anitek
71559,In Route,Anitek
71560,Dobro Wax,Anitek
71608,"Drive, Phone, Crash, and Death",De Morte
71609,The Worst Man In The State Is The Best Man In Our Scene,De Morte
71610,Murder Fact,De Morte
71611,It's Over,De Morte
71613,02 HeMan-Tricycles,NanowaR
71614,03 King,NanowaR
71615,04 Power Of The Power,NanowaR
71616,05 Number Of The Bitch,NanowaR
71617,06 Metal-La-La-La,NanowaR
71618,07 Odino And Valhalla,NanowaR
71619,08 A Noble Pourpose,NanowaR
71620,09 Metal,NanowaR
71621,10 Introducing The Band,NanowaR
71622,11 Master Of Pizza,NanowaR
71679,Surf Girls (Can't Get Me Down),Naked Hassellhoff
71686,Happy Family,Naked Hassellhoff
71687,Cowboy,Naked Hassellhoff
71688,Drumm Machine (RhythmBoxx) (Featuring DJ Def Chad),C-Doc
71689,Braggadocio (12 Inch Vocal Prophecy Mixx),C-Doc
71690,Drumm Machine (12 Inch Mixx) (Featuring DJ Def Chad),C-Doc
71691,Milk O' Magnesia,C-Doc
71692,Dubb Machine,C-Doc
71693,Drumm Machine (RhythmBoxx Beats),C-Doc
71694,Braggadocio (12 Inches of Instrumental Fury),C-Doc
71695,Milk O' Magnesia (Instrumental),C-Doc
71696,The Other Side,Daizy
71697,Grandma,Daizy
71698,Hocus Pocus,Daizy
71702,Loneliness,Daizy
71709,The Popsicle Palace,The Ginger Ale Revolution
71710,Aeroplanes,The Joe Dirty Show
71711,Not That Kind Of Girl,Bad Party
71714,OX,Sros Lords
71715,Name Droppers Of The World Unite,Feelings
71719,Walked Too Deep,Black Tia
71720,Make It Right,Johnny Ill
71721,A.B.A.Y.A.M,Gardens
71722,Cast Your Ship Upon Rain,Aran Ruth
71723,Cantina Rag,Jackson F. Smith
71779,Strange Aeons,Subterrestrial
71781,Necronomicon,Subterrestrial
71782,Abdul Alhazred,Subterrestrial
71783,The Dreams in the Witch House,Subterrestrial
71784,Dream City of R'lyeh,Subterrestrial
71785,The Whisperer in Darkness,Subterrestrial
71801,The Front Yard,HarleyLikesMusic
71802,The Entrance Hall,Anthony Seeha
71803,The Living Room,AudioArtist
71804,The Kitchen,CardiacTrance
71805,The Laundry Room,itchidan
71806,The Ballroom,Syscrusher
71807,The Stairway,WarpToken
71808,The Bedroom,mchl nrvs
71809,The Music Room,WMRhapsodies
71810,The Office,Dj Hollow Life
71811,The Sewing Room,daiteng
71812,The Bathroom,Radixxs
71813,The Library,robowist
71814,The Solarium,SBK
71815,The Exercise Room,kloudygirl
71816,The Elevator,T.M.HECTOR
71817,The Garage,bryface
71818,The Lab,Tommy Creep
71819,The Machine Room,The Industrialism
71820,The Secret Control Room,alexusual
71821,The Courtyard,Uncle Bibby
71822,The Cemetery,Sinqlogue
71823,The Back Yard,DS-10 Dominator
71857,Black Coffee,Jody Pou
71858,O Solitude (H. Purcell),Jody Pou
71859,Waxwing,Mike Shiflet
71866,Tomorrow Sets You Free,Driftback
71867,Hate Mail,Driftback
71869,Eagle Eye,Driftback
71871,Fade Away,Driftback
71872,Talking 3,Driftback
71873,Talking 4,Driftback
71874,Mouvement 1,Post Mortem Photographs
71876,Mouvement 2,Post Mortem Photographs
71877,Mouvement 3,Post Mortem Photographs
71878,Mouvement 4,Post Mortem Photographs
71879,Mouvement 5,Post Mortem Photographs
71880,Mouvement 6,Post Mortem Photographs
71881,Mouvement 7,Post Mortem Photographs
71882,Mouvement 8,Post Mortem Photographs
71884,"If I Am Mad, It Is Mercy",The Unnameable
71885,Teeth & Claws Sharpened On Centuries Of Corpses,The Unnameable
71920,Sinister Calamity,Dark Asylum Music
71921,Lady of the Spider,Dark Asylum Music
71922,Soul Swallow,Dark Asylum Music
71923,Nightmares in Red,Dark Asylum Music
71924,Book of Numbers,Dark Asylum Music
71925,Ex Mortis (Warning: Graphic),Dark Asylum Music
71926,Cthulu Rises,Dark Asylum Music
71927,Scene from a Death,Dark Asylum Music
71928,Bloody Mary,Dark Asylum Music
71929,Lazarus Syndrome (Undead Rising),Dark Asylum Music
71930,Borgir Pass,Dark Asylum Music
71931,Misery,Dark Asylum Music
71932,Theature of Blood,Dark Asylum Music
71933,Black Dahlia,Dark Asylum Music
71934,Invitation to a Beheading,Dark Asylum Music
71936,The Last Breath of Mr. Blackwell,Dark Asylum Music
71937,Life in the Crypt,Dark Asylum Music
71938,Eaters of the Flesh,Dark Asylum Music
71946,i don't know,roots'n'fruits
71947,projecting fear,desmond denker
71948,cat's cradle,jean nine
71949,mighty nice,bassrael feat. ac akut
71950,step ya mind,babysitta
71952,event horizon,codex
71953,chicken factory,the lonely schizo & schmove
71954,contraban,Cheapshot
71955,i gotz elekted lol,bassrack wobama
71956,deadlinez,trollhead
71957,My school,Old Bear
71960,A cold subway,Old Bear
71964,On the wing,Old Bear
71966,"Low sea, high shell",Old Bear
71986,snowflakes on my windshield,yan_g
71988,something's out of ctrl-z,yan_g
71989,shuffleground clandestine,yan_g
71990,unt027,yan_g
71991,melodification,yan_g
71992,happyendification!,yan_g
71999,Introlude,Kurobear
72004,Powerful Indeed,Kurobear
72005,Original motion soundtrack,Kurobear
72007,G stone (86 mix),Kurobear
72025,Ashtray,Small Radio
72026,2k Summer House,Small Radio
72027,By Any Means,Small Radio
72028,I Am Ricky Richardo,Small Radio
72046,Minimum Wage Strike,David Rovics
72047,We Just Want The World,David Rovics
72050,Cannabis Cafe,David Rovics
72051,Parking Lots And Strip Malls,David Rovics
72053,Contras Kings And Generals,David Rovics
72054,Henry Ford Was A Fascist,David Rovics
72055,Song For Boxcar Betty,David Rovics
72056,T Stop Cafe,David Rovics
72057,Too Proud To Beg,David Rovics
72058,Glory And Fame (Edited),David Rovics
72059,If I Die Tomorrow,David Rovics
72060,Beauty vs. Facts,Quest Poetics
72061,Sole Emcee,Quest Poetics
72062,Tonight,Quest Poetics
72063,Daughter of Zion,Quest Poetics
72064,Babylon...She's Falling,Quest Poetics
72067,Africa,Decktonic
72068,B@$$ J▲|\/|,Decktonic
72069,Act IV,Decktonic
72070,Variations,Decktonic
72071,Spectrum,Decktonic
72072,Watch Your Dubstep Version 2,Decktonic
72073,Z-Saber (feat Jake Allison),Decktonic
72074,Fair Game,Decktonic
72075,Night Drive,Decktonic
72076,Stars,Decktonic
72129,"Broken Homes (12"" Edit) (Featuring DJ Def Chad)",C-Doc
72130,Life Slow Down (Vocal) (Featuring Jamod Allah),C-Doc
72131,Rappers (Part 1) (Featuring DJ Def Chad),C-Doc
72132,Rappers (Part 2) (Featuring DJ Def Chad),C-Doc
72133,Me Nots (Not Longer But Extended),C-Doc
72134,Broken Homes (Broken Beats),C-Doc
72135,Life Slow Down (Instrumental),C-Doc
72136,Rappers (Part 7),C-Doc
72146,180211,Justice Yeldham
72147,Buzzies,Justice Yeldham
72148,Black Knight Cleans Bright,Justice Yeldham
72149,March Of The Bodypumpers,Justice Yeldham
72200,farewell bright,Leggysalad
72202,eve of the festival,Leggysalad
72203,engraved views,Leggysalad
72204,entrance,Leggysalad
72206,Stabmixer Bazar,Music For Your Plants
72210,القذافي الأمازون الحرس,Music For Your Plants
72215,Tomb Raider (Club Mix),Music For Your Plants
72228,Avalanche,Edward Shallow
72229,Hangnail,Edward Shallow
72230,Orka,Edward Shallow
72231,Emerald Witches,Edward Shallow
72232,This Tiger of Mine,Edward Shallow
72233,Poisons & Potions,Edward Shallow
72234,Death Machine,Magic Daddy
72285,Harkin On,Squarehead
72287,C'mon Man,Squarehead
72288,Hammertime,Squarehead
72289,I Love You,Squarehead
72290,Two Miles,Squarehead
72381,ice voice,Sergi Boal
72382,percorso,Sergi Boal
72383,Yorke,Sergi Boal
72384,fukushima,Sergi Boal
72385,frontera,Sergi Boal
72386,the incident of the bell,Sergi Boal
72387,orecchio di dioniso,Sergi Boal
72388,nylon & turtle,Sergi Boal
72389,is there anybody out there,Sergi Boal
72450,Out of Work,The Blind Shake
72451,Garbage on Glue,The Blind Shake
72452,I'm Not An Animal,The Blind Shake
72453,Go Go 78,The Blind Shake
72454,Hurracan,The Blind Shake
72455,Man Leaves House,The Blind Shake
72456,Call of the Beehive,The Blind Shake
72458,The Men's Room At The Airport,Karl Hendricks Trio
72459,The Overweight Lovers,Karl Hendricks Trio
72460,The Adult Section,Karl Hendricks Trio
72461,You're A Bigger Jerk Than Me,Karl Hendricks Trio
72462,Hold On Cool Breeze,Karl Hendricks Trio
72468,Money Ain't No Women,Frenic
72474,The SlowDown Pt1,Basement Skylights
72475,Destroy Civilisation,Louis Lingg and The Bombs
72476,"Model, Job, Metro, Time Square",Björn & Gorden
72477,Last Days of Disco,Fhernando
72513,Friendship,Zero V
72514,Wonders,Zero V
72562,Greensleeves,Howie Mitchell & Ruth Meyer
72563,Nonesuch,Howie Mitchell & Ruth Meyer
72565,Brahms Lullaby,Howie Mitchell & Ruth Meyer
72567,O'er The River Charlie,Howie Mitchell & Ruth Meyer
72570,Dona Nobis Pacem,Howie Mitchell & Ruth Meyer
72591,Hairline Crack,Pinklogik
72592,Connect The Dots,Pinklogik
72593,A View From My Mind,Pinklogik
72594,Esse,Pinklogik
72595,Shattered,Pinklogik
72596,Gone But Not Forgotten,Pinklogik
72597,The Unseen,Pinklogik
72598,Bide Your Time,Pinklogik
72599,Growing Distant,Pinklogik
72600,Catch Me,Pinklogik
72601,Lucky The Rabbit,Pinklogik
72602,Pinkblueorangegeometric,Pinklogik
72603,Turning Pages,Pinklogik
72604,How About Never,Pinklogik
72605,Brahm's Lullaby,Howie Mitchell & Ruth Meyer
72606,"Believe Me, If All Those Endearing Young Charms + Chopsticks",Howie Mitchell & Ruth Meyer
72607,Dipper of Stars,Howie Mitchell & Ruth Meyer
72608,Good Old Colony Days,Howie Mitchell & Ruth Meyer
72609,O Absalom,Howie Mitchell & Ruth Meyer
72610,Unknown,Howie Mitchell & Ruth Meyer
72611,Drink To Me Only With Thine Eyes,Howie Mitchell & Ruth Meyer
72612,Down in the Valley,Howie Mitchell & Ruth Meyer
72639,he made me eat grass,fast idio
72683,Choices,yu kadowaki
72684,sync,SHOMOMOSE
72685,shake,N-qia
72686,bright step,[.que]
72687,tonika( of ordinary ),masato abe
72688,WayBack,AUCHRE
72689,"My Internal Light, Your Internal Universe(Feat. masato abe)",American Green
72690,walk noisily,yokotsuka yuuya
72691,Mid Arrays KICK,DUB-Russell
72692,Soleado,Free Babyronia
72693,Today Is The Day,Rawpass
72694,Drift,Yusuke Nishiyama
72695,Re:( from a cape ),Gallery Six
72696,綴れ織 tudure-ori,zmi
72697,kaiwa;,mitsuru shimizu
72698,River,Mujika Easel
72699,u_mi,Senna
72700,What you gave me until now,yu kadowaki
72727,1 - We climbed to play,Expwy
72728,2 - Shivering in topcoats,Expwy
72729,3 - Trilateration tide,Expwy
72730,"4 - Everyday, anyday",Expwy
72731,5 - Modern campaign,Expwy
72732,6 - Dust will settle into cracks,Expwy
72733,"7 - Authenticity, gone",Expwy
72734,8 - A militia of anxious eyes,Expwy
72735,9 - Zenith riser,Expwy
72736,10 - Conversation death,Expwy
72737,11 - Thunderclouds separated,Expwy
72738,12 - Tumble to the grass below,Expwy
72781,Prologue By Lloyd 'June' Bryan,Tha Silent Partner
72782,Jack Did It Again,Tha Silent Partner
72783,Something 4Her2 Strip2,Tha Silent Partner
72784,Dub Like Ting (Dutty Stinkin' Ting),Tha Silent Partner
72785,Give Her The Length/Give It 2 Her 2times (XXX Version),Tha Silent Partner
72786,doukno (whereugoin?),Tha Silent Partner
72787,YOUNEEDHELP (Still A Snippet),Tha Silent Partner
72788,Take The Blame,Tha Silent Partner
72789,Epilogue By Lloyd 'June' Bryan,Tha Silent Partner
72790,Fatherhood,Tha Silent Partner
72926,Torn,J. Surak
72927,Waltz of Obsolescence,J. Surak
72928,The Seventeenth Lesson,J. Surak
72930,Chrysanthemums,J. Surak
72986,Four,Barmus Dramfell
73002,Pont,Marc de Blanchard
73003,Serenade,Marc de Blanchard
73004,Descendre,Marc de Blanchard
73005,Esperanza (Tribute to André Minvielle),Marc de Blanchard
73006,Escalier,Marc de Blanchard
73017,01 Deep Purcell's dream,Deep Purcell
73087,Western,No Nature
73089,Man Op Zich,Jaap Blonk & Dylan Nyoukis
73095,Broken Magic,Jaap Blonk & Dylan Nyoukis
73097,Black Drunk,Jaap Blonk & Dylan Nyoukis
73098,The Current Teen,Jaap Blonk & Dylan Nyoukis
73099,Small Teeth,Jaap Blonk & Dylan Nyoukis
73100,Halfway Between The Pension & The Wreath,Jaap Blonk & Dylan Nyoukis
73123,Rose Vale,Zengineers
73124,Bitter Lemon,Zengineers
73125,Shock Love (Zengineers Science-Remix),Jeremy Macachor
73150,Fonte Abandonada,Real Vocal String Quartet
73151,Kitchen Girls,Real Vocal String Quartet
73152,Chorale,Real Vocal String Quartet
73169,What Wondrous Love Is This?,Howie Mitchell
73170,Greensleeves,Howie Mitchell & Charlotte Williams
73171,Barbry Allen,Howie Mitchell & Charlotte Williams
73172,Red Clay Country,Howie Mitchell & Charlotte Williams
73174,Instrumental,Howie Mitchell & Charlotte Williams
73175,Mixed Up,Howie Mitchell & Charlotte Williams
73177,I Never Meant To,Foster Care
73178,Don't Want To / Don't Need To,Foster Care
73179,Psychedelic Scumbag,Foster Care
73180,Bad Vibe City,Foster Care
73181,Justify To Me,Foster Care
73182,Baxter's Corner,Foster Care
73183,Can't Pacify Me,Foster Care
73184,Don't Make Me Punch Yer Lights Out,Foster Care
73185,Kept Boy,Foster Care
73188,Super Cool Drum,Foster Care
73189,Sterilization,Foster Care
73192,Viva La Muerte,Foster Care
73193,Commie Cunt,Foster Care
73306,Springbreak (Happy Birthday),Ex Cops
73307,Millionaire,Ex Cops
73308,James,Ex Cops
73309,Seperator,Ex Cops
73316,Floatin' Thru The Sky,Thee Nodes
73318,Future Car,Thee Nodes
73327,Trip For Honey,htrspltn
73328,Lrtmn*spell,htrspltn
73329,Feed Me Honeysuckle,htrspltn
73330,Thrill Is On Your Lips,htrspltn
73331,Touch Me I'm Sick (Omut),htrspltn
73332,Say Goodbuy (Omut),htrspltn
73334,Approaching Sector X - Welcome To Büromaschinen,Büromaschinen
73335,Melody Canyon,Büromaschinen
73336,Dotchidabe - Bis,Büromaschinen
73337,A Computational Empire Part 1,Büromaschinen
73338,Dexception,Büromaschinen
73339,Transpose 12,Büromaschinen
73340,Forecast,Büromaschinen
73341,Freescape,Büromaschinen
73342,Sabrina,Büromaschinen
73343,Leaving Sector X - Equinox,Büromaschinen
73344,Escape,Büromaschinen
73363,Triangulate,Deltason
73364,Dialect,Deltason
73365,Ground Loop,Deltason
73366,Night Terrors  (Ft. Konuvvi),Deltason
73367,Back To Earth,Deltason
73368,Flow Of The River,Deltason
73369,Remote,Deltason
73370,Tunnel Vision,Deltason
73371,North Western,Deltason
73372,Garden Theme,Deltason
73442,Nuestro Jazz,Omar Tamez - Ramón López
73443,"Altar de vivos, ofrenda de muertos",Omar Tamez - Ramón López
73465,Ignored (Album Version),Liam Stewart
73466,Ignored (The Cusp Of Winter Remix),Liam Stewart
73467,Ignored (Can't Ignore The TSP Remix),Liam Stewart
73468,Ignored (Instrumental),Liam Stewart
73469,Ignored (Acapella),Liam Stewart
73478,Museless,Ylajali
73479,Retiring,Ylajali
73480,Hey Liz,Ylajali
73481,Hypochondriac,Ylajali
73482,Small Talk Stinks,Ylajali
73483,Tread On Me,Ylajali
73485,Feel You,Ylajali
73486,Sleep Walk,Ylajali
73494,Boss Extended,Echo Beach
73495,Mariachi Bandits of Gatling Gun Ridge,krackatoa
73501,Ghost Train,Stompin' Riff Raffs
73502,Parabellum,Stompin' Riff Raffs
73503,Linda,Stompin' Riff Raffs
73504,Wicked Girl,Stompin' Riff Raffs
73505,Knock Down,Stompin' Riff Raffs
73506,You Shake Me,Stompin' Riff Raffs
73507,99 Chicks,Stompin' Riff Raffs
73508,Horror Show,Stompin' Riff Raffs
73509,Wine Wine Wine,Stompin' Riff Raffs
73515,Born Alone,Hounds Of Hate
73516,Intro/No Redemption,Hounds Of Hate
73517,Pound Of Flesh,Hounds Of Hate
73518,Cast Out,Hounds Of Hate
73519,Evil That Men Do,Hounds Of Hate
73520,Pride,Hounds Of Hate
73521,Brotherhood Of Night,Hounds Of Hate
73522,Blood From A Stone,Hounds Of Hate
73541,Hallway (Single Version),Pouffe
73550,"Followin' Me (MondayMorningTape 7"" Edit)",C-Doc
73551,"Digg It! (7"" FunkEdit)",C-Doc
73559,Iglitch,S.J. Mellia
73560,Byte Marks,S.J. Mellia
73561,Supaunlimita,S.J. Mellia
73564,Epileptic Glitch Fit,S.J. Mellia
73565,Reverse Selector,S.J. Mellia
73566,The Mirror Wall,James Beaudreau
73568,Reginald Earth,James Beaudreau
73571,Nomos Physis,James Beaudreau
73572,Easy Pieces No4,James Beaudreau
73573,Devotional,James Beaudreau
73580,Quiver,James Beaudreau
73581,Signal Stations,James Beaudreau
73584,Goodmorning Junction,James Beaudreau
73585,Stellar Rushes,James Beaudreau
73587,Listening,James Beaudreau
73658,Die Insel,Jan Grünfeld
73660,Climbed Trees (sung by Cat),Jan Grünfeld
73675,Sunny Sea Walk,Jan Grünfeld
73760,IMF,Dot
73761,Weapons,Dad Rocks!
73762,Hadas G.H Drum&bass,Zimbalista
73763,Belly Button,Morsa
73764,Bańka mydlana,Usta
73765,Flushing Economy,Herrmutt Lobby
73766,Tork Sport,Shoes and Socks Off
73767,Alone in the City (feat. Moon Reflecting),The Global Optimistic
73768,Jewel,ZOE.LEELA
73769,Deep Blue (2005),Antony Raijekov
73770,Sunrise Number 1,Stormy Mondays
73771,Jos jedan od onih dana,Mistakemistake & MC Sky Wikluh
73772,Fragile Meadow,The Black Atlantic
73773,Skango (feat. Volatil),Volfoniq
73774,At the Mall,Emerald Park
73775,Work It,Tone
73776,Different Feelings,StrangeZero
73777,Zeitmaschine,Melodiesinfonie
73778,Odysseus,Bonus
73779,Deep Cut,Mezonom
73792,Vogelbird,Sleeping Policemen
73797,Girls On A Swing,Jan Grünfeld
73819,nxVacuity002-2012-12-12_03_41_57,Miquel Parera Jaques
73820,nxVacuity002-2012-12-12_03_55_14,Miquel Parera Jaques
73821,nxVacuity002-2012-12-12_04_00_16,Miquel Parera Jaques
73822,nxVacuity002-2012-12-12_04_05_18,Miquel Parera Jaques
73921,This Christmas,Dott
73922,Watered Down Water,Telegraphy
73977,Amanecer en la Frontera,Güacho
73990,Pristina,Bärlin
74002,The Glass Traditions,Mystery Pills
74048,war for peace,Orbique
74049,dark forest,Orbique
74065,Breakdown (original mix),lukeing forward
74067,Breakdown (Flanger remix),lukeing forward
74068,Breakdown (Quantum 3 progressive remix),lukeing forward
74069,Breakdown (Interfusion remix),lukeing forward
74126,3000 fathoms,Kid Caustic
74129,Cycling,Kid Caustic
74130,Foxtrot,Kid Caustic
74131,K-cera cera (pure trance original),Kid Caustic
74132,stay frosty,Kid Caustic
74133,trip,Kiid Caustic
74134,Lull Before the Storm That Never Comes,lukeing forward
74135,Soulless,lukeing forward
74136,Where Everything Falls Apart,lukeing forward
74137,Reverse the Order,lukeing forward
74138,Kept in Unlocked Prison,lukeing forward
74139,Saving the World's Weirdest Creature,lukeing forward
74140,Feel the Motion of the Air,lukeing forward
74141,Insane Landing,lukeing forward
74142,The Glass Full of Lead,lukeing forward
74152,Earth Breath,Human Terminal
74153,Parallels,Human Terminal
74154,Logic Cell,Human Terminal
74155,Press Any Key,Human Terminal
74156,Artificial Intelligence,Human Terminal
74157,1968,Kid Caustic
74162,Movies,Kid Caustic
74163,Night Life,Kid Caustic
74164,rolypoly,Kid Caustic
74185,Run To Canada,Min-Y-Llan
74190,Flickering Lights & Broken Elevators,Floating Spirits
74198,Genesis,Serpent's Circle
74233,La sombra de Dios,Los Primos
74235,Me gusta el vino,Los Primos
74237,Intro culito,Los Primos
74257,Hooray He's Not Dead,The Letter Yellow
74258,It's Monday,The Letter Yellow
74302,The Trollenberg Terror,The Fucked Up Beat
74311,Colony on the Ocean Floor,The Fucked Up Beat
74347,König in Thule,Emil Klotzsch
74348,Be Sweet,Marco Trovatello
74349,Riftzone,Marco Trovatello
74350,A Turn,Marco Trovatello
74351,Wash Your Feet,Marco Trovatello
74352,Old Fruit,Marco Trovatello
74353,Ketsuppi Ja Metsästäjä,Marco Trovatello
74354,Bracers Of Chaos,Marco Trovatello
74355,Fragola,Marco Trovatello
74359,An Orison of Sonmi 451,Mizuki's Last Chance
74360,BackLash,Mizuki's Last Chance
74361,Backlash,Dr Deimos
74362,Sweet Shop,Doctor P
74363,Dr Deimos-Scribble,Mizuki's Last Chance/Dr Deimos
74364,Rolling Blackouts,Mizuki's Last Chance
74365,Yeah,Mizuki's Last Chance
74367,Mechanics of growth,Dadub
74370,The First Noel,Dave Menzo (CloudMagic)
74371,Christmas Wish No. 3571,Wiredrawn
74372,Jolly Old St. Nicholas,Pitch Feather
74373,To Drive the Cold Winter Away,Julianne Marx and Craig Olson
74374,O Holy Night,Roslyn
74375,winter stories,songs for sunday parlours
74376,How Far Is It To Bethlehem,IKOS David Clifton with the choirs of Peterborough Cathedral
74377,"Infant Holy, Infant Lowly",Ann Alee
74378,Deck the Halls,The HoHoHos!
74380,Santa Clause Forgot Me,Rene Wilson
74381,Il Neige,Flora
74382,December Radio,Audiotransparent
74383,Hungover Boxing Day,The Gasoline Brothers
74384,Jingle Bell Swing,Mark Smeby
74385,What Child Is This (Greensleeves),Allison Crowe
74386,Christmas in Japan,The Kyoto Connection
74387,flekkefjord,Blear Moon
74388,We Three Kings_Solovey,Maya Solovéy
74389,"Bring a Torch, Jeanette, Isabella",Aaron DeVries
74390,Gloria,Veritas Music
74391,"O Come, O Come, Emmanuel",Clive
74392,Joy to the World,Thicker Than Water
74393,Snow on Snow (The Bleak Midwinter),Rue Royale
74421,Ahora que estamos en pie,Robo
74424,Fin de fiesta,Robo
74429,Ascensores a la planta trece,Robo
74430,Esta tierra es nuestra,Robo
74431,Es un crimen,Robo
74433,Campeones,Robo
74437,Luego pedirás perdón,Robo
74443,Poder en la sombra,Robo
74445,Xavier Baró - Allau d'estrelles solitaries,Robo
74482,Swarm,Lea Bertucci
74519,Wolf,Screaming Mirror
74524,Control Me,Screaming Mirror
74539,m-1,Stereoboy
74540,m-2,Stereoboy
74546,Solitude,Entertainment for the Braindead
74557,Radial Glia,Ubik
74558,Arachnoid Trabeculae,Ubik
74559,Desoil 2.0,Ubik
74560,Bohemian Cremation,Ubik
74561,I'm not myself,Ubik
74562,Struggle,Ubik
74632,Comment Faire Un Morceau En Une Soirée,Bacalao
74633,Schnipo (live edit),Bacalao
74634,Scrouillex,Bacalao
74635,Softer Worse Slower Weaker (150 bpm Mix),Bacalao
74636,Trashbusters,Bacalao
74666,As Regards A Mouse,Long Hair
74667,Ye' Vessel,Long Hair
74668,Fifteen Layers and Five Fathoms Deep,Long Hair
74669,Squirrelwood,Long Hair
74671,Queen Anne & Degraw,Long Hair
74706,Fall asleep under the millions of stars (Instrumental),springtide
74774,Exotic Car Repair Across from Refugee Center,Spirit Duplicator
74775,Guitar Tualatin,Spirit Duplicator
74776,"I, Speedy Duncan",Spirit Duplicator
74882,Find Your Fangs,Chotto Ghetto
74886,Midnight Noir,Chotto Ghetto
74887,Tattooed Holidays,Chotto Ghetto
74908,In A Graveyard On Halloween Night,Did You Just Hex Me?
74910,A Lady In Red With A Plan To Steal,Did You Just Hex Me?
74912,If I Do That I'll Fall Down,Did You Just Hex Me?
74914,These Aren't The Droids You're Looking For,Did You Just Hex Me?
74915,At The Derry International Circus,Did You Just Hex Me?
74916,You Bet Your Fern,Did You Just Hex Me?
74919,"My Dear, Lillium",Did You Just Hex Me?
74937,The Freezer Song,Robin Grey
74941,Erotic/Post-Ironic (Featuring Ella),Morsa
74942,Jimmy Carter (Live Acoustic),20lb Sounds
74944,Turn of the Tide,Robin Mitchell
74945,Morning Light,Mate
74947,District 65,Lofiuser
74948,Rocket Trip,Kognitif
74950,Back to the Beginning / United We Fall,C-Doc
74951,Braggadocio (Dandimite Riddum Mixx),C-Doc
74952,Rappers (Part 5) (Featuring DJ Def Chad),C-Doc
74953,Far Gone (Flex Vector Remix) (Featuring DJ Def Chad),C-Doc
74954,(Robot) House Music,C-Doc
74955,DrummMachine (Prez Ike's Drums of Life Redux) (Featuring DJ Def Chad),C-Doc
74956,"Digg It! (12"" FunkMixx)",C-Doc
74957,Divided We Stand,C-Doc
74959,Sky With Milk,Bisamråtta
74960,Rörelse av Ljus,Bisamråtta
74968,Fugue State,Algesis
74982,Little Miss Fortune,Megan Jean and the Klay Family Band
74983,All My Friends Are Skeketons,Megan Jean and the Klay Family Band
74984,These Bones,Megan Jean and the Klay Family Band
74985,Mr. Bone Man,Megan Jean and the Klay Family Band
74986,The Dead Show,Megan Jean and the Klay Family Band
74987,Voodoo Doll,Megan Jean and the Klay Family Band
74988,Red Red,Megan Jean and the Klay Family Band
74989,Hometown Hero,Megan Jean and the Klay Family Band
74990,Ain't No Daughter Of Mine,Megan Jean and the Klay Family Band
75029,Le futur qui avance,Cocolixe
75030,Giving Myself To You,Cocolixe
75032,Swing Low,Cocolixe
75040,k1,aboombong
75076,04 - summertimewav,Emcee Lynx
75078,old school interlude,Emcee Lynx
75079,love songs,Emcee Lynx
75084,beautifull world,Emcee Lynx
75191,Clark,Sanawon
75194,Stay,Sanawon
75195,The Promise,Sanawon
75196,Another Year (Bonus Track),Sanawon
75197,Feel the dim,SOB Pariassound
75199,Cowboy goes psychadelic,SOB Pariassound
75200,Rock and roll boy,SOB Pariassound
75203,Kill the fire,SOB Pariassound
75206,Feel the rythm,SOB Pariassound
75207,Im going to the moon,SOB Pariassound
75208,Jump to the backbeat,SOB Pariassound
75211,Noodles and commercial TV,SOB Pariassound
75212,The Duck,SOB Pariassound
75213,Plant,SOB Pariassound
75214,Noodle boy,SOB Pariassound
75220,Holy Pain's World,Holy Pain
75221,The Ambassador Of Death,Holy Pain
75222,Last Sigh,Holy Pain
75223,All Those Devils...,Holy Pain
75224,No Regret,Holy Pain
75225,Nuclear,Holy Pain
75226,My Biggest Fight,Holy Pain
75227,The Believer,Holy Pain
75228,Masked Life,Aching Beauty
75229,Peter Pan Syndrome,Aching Beauty
75230,Steps,Aching Beauty
75231,Endlessly,Aching Beauty
75232,Pairsonality,Aching Beauty
75233,Glittering Images,Aching Beauty
75234,The Hundredth Name,Aching Beauty
75235,Shatter the Shelter,Aching Beauty
75236,Lost,Aching Beauty
75237,Aching Awakening,Aching Beauty
75238,Outro,Molecul
75239,Intro,Molecul
75240,Ñâåò-Ñíåã,Molecul
75244,Miles,Molecul
75247,Íåò,Molecul
75248,Ðàçáèòûå Ñòåíû Óëèö,Molecul
75264,Jégvirág (orchestral),Obsidian Shell
75265,Ezer Év,Obsidian Shell
75266,Jégvirág,Obsidian Shell
75267,Álomcsapda,Obsidian Shell
75268,Vadon Rejteke,Obsidian Shell
75269,Csendes Káosz,Obsidian Shell
75270,Vérmocsár,Obsidian Shell
75271,Elveszett Lelkek,Obsidian Shell
75272,Emlékmás,Obsidian Shell
75273,Megtört Álom,Obsidian Shell
75274,Farkaskönny,Obsidian Shell
75275,Búcsúszó,Obsidian Shell
75285,Mel{un}holy,ID:VISION
75286,The Axe Of Wrath,ID:VISION
75289,The Funeral Of Altruism,ID:VISION
75290,Beyond Ice. Beyond Death...,ID:VISION
75292,Deathcamp Prelude,ID:VISION
75293,Decagon Deathcamp,ID:VISION
75294,I.N.R.I,ID:VISION
75304,goodnight love,Lazer Boy
75306,keep off the grass,Lazer Boy
75310,Dogs of the World in Colour,Geese
75314,Babylon Got No Riches,Geese
75317,Beloved Is He Who Sits Down,Geese
75318,Lark Ascending,Geese
75371,In Tune,Kellee Maize
75372,2012,Kellee Maize
75373,Owl Time,Kellee Maize
75374,Flying Caterpillar,Kellee Maize
75375,Explode,Kellee Maize
75376,Nakturnal,Kellee Maize
75377,Shake Dat,Kellee Maize
75378,Tree Of Life,Kellee Maize
75379,Listen,Kellee Maize
75380,Peace Dream,Kellee Maize
75381,Peaceburgh,Kellee Maize
75383,Future (Remix),Kellee Maize
75384,Start None,Kellee Maize
75385,Signs,Kellee Maize
75386,Mothership,Kellee Maize
75387,Godette,Kellee Maize
75388,Say Watcha Want,Kellee Maize
75389,City of Champions,Kellee Maize
75390,Big Plans,Kellee Maize
75391,Friday Night Flu (Remix),Kellee Maize
75392,Third Eye,Kellee Maize
75393,Thought to Thing,Kellee Maize
75394,Freakuency,Kellee Maize
75395,Struggle (Remix),Kellee Maize
75396,Something Sacred,Kellee Maize
75398,Pulse,Kellee Maize
75399,Eleven 11,Kellee Maize
75401,Big Plans (Remix),Kellee Maize
75403,Evolution (Remix),Kellee Maize
75412,Healing Tones,Kellee Maize
75413,Mad Humans,Kellee Maize
75414,Hasta Abajo,Kellee Maize
75415,Takeover,Kellee Maize
75416,The Fact Is,Kellee Maize
75417,Trapped,Kellee Maize
75418,Don't Stop,Kellee Maize
75419,La La Love,Kellee Maize
75420,Catch Me,Kellee Maize
75421,Divine,Kellee Maize
75422,Shadows,Kellee Maize
75423,Notice The End,Kellee Maize
75424,Revival,Kellee Maize
75425,Eleven 11 Remix,Kellee Maize
75426,L'Outro,Kellee Maize
75427,Gratitude,Kellee Maize
75428,Buffalo Meditation,Kellee Maize
75429,Underwater sleep while trying not to breath,Cherly KaCherly
75430,Wake up & wash your face in tap air,Cherly KaCherly
75431,Passive aggressive ia all we have. You Can't shout underwater,Cherly KaCherly
75432,She's leaving for work in the underwater tram. I think I'll take a minute to think about it,Cherly KaCherly
75433,Starting my work with the daily rebuilding of the telescope,Cherly KaCherly
75434,Using air bubbles as lenses I see the outside. I suspect the world is not what it seems,Cherly KaCherly
75435,Time is running out. I'm sure.,Cherly KaCherly
75436,I can see her. She's at work not even noticing I'm watching,Cherly KaCherly
75437,I have a proof. The world is a drop of water falling slowly to it's end,Cherly KaCherly
75438,"She says:""Now that you think the world is ending you seem much happier"". This time I'm fighting back",Cherly KaCherly
75439,She's leaving home. Not the best timing,Cherly KaCherly
75440,The drop is hitting the ledge. All that's visible is the city falling apart. She's no where around,Cherly KaCherly
75441,When I find her we have to swim through the city. The city is dust. We see the world outside the bubble,Cherly KaCherly
75442,Outside the water drop there's more rain drops. We jump from one to the other on our way to the pond,Cherly KaCherly
75443,"The pond was too far, but we have the small buthtub just for the both of us",Cherly KaCherly
75529,Vođa,Napred u prošlost
75605,Shady Ridge Road,Rho
75606,Chrome,Rho
75607,The Last Ocean,Rho
75608,Sunday,Rho
75609,Taming The Riff,Rho
75610,Smooth Assassin,Rho
75611,Tears Want You,Rho
75612,Your Sunrise,Rho
75650,10. Gettin Funked,Stinky Treats
75658,1. Smooth Biz,Stinky Treats
75667,3. Inhuman Beatbox,Filthy La Bottom
75669,A Meeting with Death in Person,Dorothy's Magic Bag
75670,Science Fiction Man,Dorothy's Magic Bag
75671,Santa Inc.,Dorothy's Magic Bag
75672,Stuck in Cue,Dorothy's Magic Bag
75673,Märgspik,Dorothy's Magic Bag
75674,Skaldjursakuten,Dorothy's Magic Bag
75675,Rondo alla Turka,Dorothy's Magic Bag
75680,Ordinary man,Shearer
75681,Overstock,Shearer
75682,Old,Shearer
75684,Fist on a wall,Shearer
75685,Sing to you,Shearer
75686,Is it you (Paradise Mix),Shearer
75692,Crazy Love,Cape Canaveral
75704,Gymnopedie 1,Chad Crouch
75705,Gymnopedie 2,Chad Crouch
75706,Gymnopedie 3,Chad Crouch
75707,Gnossienne 1,Chad Crouch
75710,Gnossienne 4,Chad Crouch
75711,Gnossienne 5,Chad Crouch
75712,Sarabande 1,Chad Crouch
75713,Sarabande 2,Chad Crouch
75714,Sarabande 3,Chad Crouch
75715,Gnossienne 2,Chad Crouch
75716,Gnossienne 3,Chad Crouch
75741,pisscat,shitbird
75745,Winding Road,Kellee Maize
75746,Age of Feminine,Kellee Maize
75747,Story of Me,Kellee Maize
75748,Yesterday,Kellee Maize
75749,Raja,Kellee Maize
75750,Please Remember,Kellee Maize
75751,Hawk,Kellee Maize
75752,Internal Trouble,Kellee Maize
75754,Struggle,Kellee Maize
75755,412,Kellee Maize
75758,Forgiveness Transcending Geneva,BLEO
75762,Loves & Likes,BLEO
75763,Lapsedad (Cro-Magnon Swing),BLEO
75764,dotdUmmy & The DouBLE D's,BLEO
75772,Stalker,Onyx System
75777,Ashtrays,Electric Children
75778,Car-Jack (2011 Version),Electric Children
75779,"IAYD-When I Sleep, My Heart Speaks (EC Insomniac Remix)",Electric Children
75780,Skip Sandwich DX-Touch Fuzzy Get Dizzy (EC Touch Drinky Get Hyphy Remix),Electric Children
75781,Spring Retrospective (feat. Smiletron),Electric Children
75782,I'm Not Lazy,Square People
75783,Laughing Along,Square People
75784,Rat Me Out,Square People
75785,I'm Not Nervous,Square People
75786,Write it Down,Square People
75787,Niche Dreams,Square People
75788,Forget About It,Square People
75844,1. Solo Project,Jonah Rapino
75862,19. Male Fantasy,Jonah Rapino
75865,22. Bicycle,Jonah Rapino
75866,23. Guitars,Jonah Rapino
75869,26. Whistling,Jonah Rapino
75883,Doom,Colin L. Orchestra
75891,End Credits,Jan Morgenstern
75893,No History of Mental Illness,Jan Morgenstern
75894,Jellybeans,Jan Morgenstern
75895,Room 304,Jan Morgenstern
75896,Bleem Changes Everything,Jan Morgenstern
75897,Chasing Shadows,Jan Morgenstern
75898,A Door Opened,Jan Morgenstern
75900,Simple Minds,The Monitors
75903,D.E.S.,The Monitors
75904,Straighten Up,The Monitors
75907,The Station,The Monitors
75908,Suit and Tie,The Monitors
75909,Nervous Breakdown,The Monitors
75910,Got a Job,The Monitors
75911,Retirement Song,The Monitors
75914,All Ears,Jan Morgenstern
75915,Shock and Gnaw,Jan Morgenstern
75916,Death Becomes Fur,Jan Morgenstern
75917,Daikaiju RA-BI-TO,Jan Morgenstern
75918,Hare Force,Jan Morgenstern
75919,High as a Kite / End Crabbits,Jan Morgenstern
75925,Don't You Worry,Tricky Diesel
75926,Heat,Tricky Diesel
75927,Bullit,Tricky Diesel
75928,Yup,Tricky Diesel
75929,Dark Kingdom,Tricky Diesel
75930,Freestyle Joint,Tricky Diesel
75931,King of the Streets,Tricky Diesel
75932,World of Concrete,Tricky Diesel
75933,My Love,Tricky Diesel
75935,Still Balling,Tricky Diesel
75936,Trying to Understand,Tricky Diesel
75937,So Much Pain,Tricky Diesel
75971,NX302_Score01a-2012-11-03_05_29_11,Miquel Parera Jaques
75972,NX003_Score01a-2012-12-09_03_27_46,Miquel Parera Jaques
75973,NX304_Score01a-2012-12-01_04_46_42,Miquel Parera Jaques
75974,NX301_Score01a-2012-11-03_00_55_16,Miquel Parera Jaques
75975,NXPiano001_Score01a-2012-12-23_03_36_01,Miquel Parera Jaques
76029,Pfilter,Smurd
76030,Candy,Smurd
76031,Analeto,Smurd
76032,New Manvol,Smurd
76033,Messe X,Smurd
76036,Culotte guitare,Nicolas Tic Tac
76069,Still the River Flows (Rhyming Song),Koliadnyky of Kryvorivnia
76071,Duda (Bagpipes),Koliadnyky of Kryvorivnia
76072,Greeting Tune,Koliadnyky of Kryvorivnia
76073,Arkan (Men's Dance),Koliadnyky of Kryvorivnia
76074,Jaw Harps,Koliadnyky of Kryvorivnia
76075,Tylynka (Overture Flute),Koliadnyky of Kryvorivnia
76076,Tsymbaly Solo,Koliadnyky of Kryvorivnia
76077,Hutsulka (Dance Number),Koliadnyky of Kryvorivnia
76078,Koliada: Good Evening (with Lemon Bucket Orkestra members),Koliadnyky of Kryvorivnia
76079,Kruhliyek (Round Dance for Bees) & Ples (Well Wishes),Koliadnyky of Kryvorivnia
76080,Chizzle Dizzle,Jake Allison
76081,I Need Some Bass (VIP),Jake Allison
76082,Seaking's Seaglass,Jake Allison
76084,Chizzle Dizzle (Turbo Mix),Jake Allison
76085,Jungle Gymnast,Jake Allison
76091,Drywall,Echo Beach
76114,Philosophy,Souvenir Driver
76118,Flourescent Lights,Happy Prescriptions
76119,Birds,Happy Prescriptions
76120,Morning Moon,Happy Prescriptions
76121,Feed,Happy Prescriptions
76122,Incredible Wheel,Happy Prescriptions
76128,Budding,Broke For Free
76129,942 Miles,Broke For Free
76130,The Gold Lining,Broke For Free
76131,Things To Come,Broke For Free
76133,Fade Out,Just Plain Ant
76134,A Fine Mess,Just Plain Ant
76135,Squirrel Food,Just Plain Ant
76136,Dance Of The Dead,Just Plain Ant
76137,Take Me Away,Just Plain Ant
76140,Lapse of Memory,Just Plain Ant
76142,Selfishness Surfacing,Just Plain Ant
76146,Love(d),Just Plain Ant
76153,Ant In Flight,Just Plain Ant
76204,awakening,BLOODHUFF
76208,king crab,BLOODHUFF
76271,Bloodrop,raw zombiez
76293,Se Beethoven avesse un mac,ilkobra
76294,L'orchestra quantica,ilkobra
76295,DAS - Drum and String,ilkobra
76296,L'ultimo Giudizio,ilkobra
76297,LA Seconda,ilkobra
76298,L'inganno del Divino,ilkobra
76299,L'equilibrajo,ilkobra
76318,Karst,Trigger (Wind Trio)
76325,Corrasional,Trigger (Wind Trio)
76349,87,The Monitors
76350,I'll Be Frank,The Monitors
76351,Gimmie Direction,The Monitors
76352,Back Breaker,The Monitors
76353,Shocktop,The Monitors
76354,Turn It On,The Monitors
76355,Expressway,The Monitors
76356,Never Bored Again,The Monitors
76357,Pennsylvania,The Monitors
76363,Valse du tout au fond,Circus Marcus
76375,Go Down To The River,Eric Boros
76381,Angry Sock Puppet,Eric Boros
76385,Illusive Dawn,Organoid
76386,Moonlight,Organoid
76387,Inner Vacuum,Organoid
76388,One,Organoid
76389,Metamorphosis,Organoid
76391,Cascade,Organoid
76392,Sometime,Organoid
76393,Purple Drift,Organoid
76394,Vertigo,Organoid
76395,Distance,Organoid
76425,Hawser,A.M/Uton
76437,Southside,Misay Day
76438,Sunday,Misay Day
76439,The Flood,Misay Day
76440,Imaginary Blues,Misay Day
76441,Wetlands,Misay Day
76447,Animals Build Boats in Oolong Hats,sirqueue
76449,Fast Forward for Framboise,sirqueue
76494,I Fell In Love,She Said Destroy!
76495,The Way To Romania,She Said Destroy!
76497,Shed the Skin,the tunnel
76500,Devil's Reach,the tunnel
76506,Sultry Daggers,the tunnel
76507,I War you,Music Komite
76509,T.N.T. interlude,Music Komite
76510,Brenes Said,Music Komite
76511,Sweet Bombs,Music Komite
76512,KingTubby,Music Komite
76513,Guardetxe Road,Music Komite
76542,Winter,Triple Hex
76545,Love Song,Triple Hex
76549,anthem,the silence industry
76550,this violet night,the silence industry
76551,rags of clay,the silence industry
76552,into obscurity,the silence industry
76553,after the fall,the silence industry
76554,fall into beyond,the silence industry
76555,a home for echoes,the silence industry
76654,Forgotten Machines,Decktonic
76655,Expression,Decktonic
76656,Transit,Decktonic
76657,Braindance,Decktonic
76658,Patterns,Decktonic
76659,Future Music,Decktonic
76664,Union Square [Edit],Decktonic
76665,Minimize Me [Edit],Decktonic
76757,The Rocker,The Guts
76828,I Got A Line,Johnny Salvage
77195,My Brothers,Guitar Wizards of the Future
77197,There's a Monster (Under the Bed),Guitar Wizards of the Future
77207,Vapor trails,Guitar Wizards of the Future
77208,Dungeonmaster,Guitar Wizards of the Future
77209,Indiana,Guitar Wizards of the Future
77210,Almost loopable,Guitar Wizards of the Future
77211,Skyscrapers,Guitar Wizards of the Future
77215,Sojourner: The Dark Project,Gutterhulk
77222,Shadow Hunters - Among the Ruins (End Credits),Gutterhulk
77381,Just Be,BJ Block & Dawn Pemberton
77382,Unlucky,BJ Block & Dawn Pemberton
77383,Turn It Around,BJ Block & Dawn Pemberton
77384,You Happy?,BJ Block & Dawn Pemberton
77385,Everybody's Party,BJ Block & Dawn Pemberton
77386,Up and Down,BJ Block & Dawn Pemberton
77387,Without You,BJ Block & Dawn Pemberton
77388,Tender,BJ Block & Dawn Pemberton
77400,Findings and Methods,theAudiologist
77401,DC China,theAudiologist
77423,[Odulation SX} 06 - Analog Memoris,theAudiologist
77517,The Terror From Beyond!/ who traveled down highways of space and time,The Fucked Up Beat
77518,Roswell Blues/ weeping and undressing while the sirens of Los Alamos wailed them down,The Fucked Up Beat
77519,Radio Cult/ who disappeared into the volcanoes of Mexico,The Fucked Up Beat
77520,Flagstaff Crop Circles/ 9 11 Mothman found alive in Arizona Desert,The Fucked Up Beat
77521,The Dark Fields of Nevada/ who dreamt and made incarnate gaps in time and space,The Fucked Up Beat
77522,The Odyssey of Flight 33/ We Build Ancient Ruins!,The Fucked Up Beat
77523,Mystery Aircraft Lost in Fog over California Canyons / Holy the Stock Market filled with the millions!,The Fucked Up Beat
77524,Our Quiet Little Town Is Now Made up of Phantoms/ now the desert is lonesome for heroes,The Fucked Up Beat
77525,The Groom Lake Flatwoods Monster/ I'd Like Some Gasoline Please!,The Fucked Up Beat
77526,Small Town in Texas Vanishes Overnight/ Little Green Men,The Fucked Up Beat
77553,Run From You,Inom
77554,Square Dot,Inom
77555,Between These,Inom
77556,Flats,Inom
77564,Abba Ingee,Bryyn
77565,Hookie,The Mellowtones
77567,Atlantic State of Mind,mGee
77571,Float,Apex Realm
77572,The Watchers,Evils That Never Came
77573,Failure,Derek Clegg
77777,Alien City,The Woolen Men
77778,Real FX,The Woolen Men
77859,Nimbus,Mantrakid
77862,Tide Swing (Sci Fi Industries Remix),Human Being
77863,Last Wave,ps vs Infetu
77864,Robot Fish,Dyman
77865,God's Bath,Com. Gen.
77866,Arctic Circle,shhh... vs Sci Fi Industries
77867,Lowclouds (shhh... Remix),Waste Disposal Machine
77868,Submersion (Atlantic Mix),Undara
77869,Seaborn,Mystified
77870,Kursk,AVOIDANT
77932,Z-Saber feat. Jake Allison (Nic B Remix),Decktonic
77934,Night Drive (tozo Remix),Decktonic
77935,Night Drive (Strong Suit Remix),Decktonic
77938,Night Drive (Holy Negative 0 Remix),Decktonic
77939,"Night Drive (sylcmyk ""Pinkminuit"" Remix)",Decktonic
77940,Night Drive (A. Campbell Payne Remix),Decktonic
77941,Night Drive (Jake Allison Remix),Decktonic
77943,"Z-Saber feat. Jake Allison (the ghost servant ""Ghostly Earstab"" Remix)",Decktonic
77944,Night Drive (UncleBibby Remix),Decktonic
77945,Z-Saber feat. Jake Allison (Jake Allison Remix),Decktonic
77949,"Night Drive (bollocks office ""transit"" Remix)",Decktonic
77952,Night Drive (Forrest James Remix),Decktonic
78006,Come & Go,Plumerai
78011,Waltz,Plumerai
78016,Playground Punk,Plumerai
78017,Trip,Plumerai
78019,Marco Polo,Plumerai
78037,Cleanly Between,Twins of El Dorado
78038,"""Cats""/Interlude",Twins of El Dorado
78060,Caster Of Worthless Spells,Parquet Courts
78064,North Dakota,Parquet Courts
78066,Bunk Bar Boogie Woogie,Parquet Courts
78068,Master Of My Craft,Parquet Courts
78096,Dashed and Delicate,Ash On Dust
78100,Diaspora,Ash On Dust
78123,Warm Duck Shuffle,Arne Huseby
78126,Knives On Both Sides,Ex-Cult
78133,Young Trash,Ex-Cult
78155,Rise Up (ft. Solareye),Burning Bright
78156,Stardust,Burning Bright
78213,Psaltery Piece,Howie Mitchell
78297,Once I Had a Sweetheart,Riasni Drova
78304,Xotk,abc100
78310,AgrhhLaser,abc100
78314,RadioKnight,abc100
78516,Rashad & Confidence-The City (No Contest Mix),The Custodian of Records
78518,Roc Marciano Ft Hus-Warm Hennessy (Cold E&J Mix),The Custodian of Records
78519,Bushwackas-Caught up in the game,The Custodian of Records
78520,Par Iz-Escapizm (TCOR Mix),The Custodian of Records
78521,Scott Lark Da Sensei-Insight (Custee Mix),The Custodian of Records
78522,The Cause-Nobody (TCOR Mix),The Custodian of Records
78523,Masai Bey-Non Stop,The Custodian of Records
78524,Tame One-Trife Type Times,The Custodian of Records
78525,"Outromental/ J.E.R.S.E.Y By Chris Gil, Graph Paper & Jav",The Custodian of Records
78548,Philosophy Of The World,Dot Wiggin Band
78549,Banana Bike,Dot Wiggin Band
78550,If I Could Be Your Hero,Dot Wiggin Band
78555,Speed Limit,Dot Wiggin Band
78557,My Pal Foot Foot,Dot Wiggin Band
78560,Wheels,Dot Wiggin Band
78833,Akuma,Stray
78834,O Demónio,Stray
78835,Morde,Stray
78836,Rosa Brava,Stray
78837,Vinho,Stray
78838,Cobra Esposa,Stray
78839,Cascos,Stray
78840,Escumalha das Pirâmides,Stray
78841,Martelo das Feiticeiras,Stray
78842,Caixa de Vidro,Stray
78843,Chewbacca,Stray
78844,Coraçãozinho de Satã,Stray
78845,Nuvem Mágica,Stray
78846,Cabeçada de Unicórnio,Stray
78847,Como Uma Lesma,Stray
78848,Sola Vermelha,Stray
78849,Cipralex (c/ Pulso),Stray
78850,Kamehameha (c/ J-K),Stray
78851,Chuço,Stray
78852,Âncora (c/ Manel Cruz),Stray
78983,Beginning (Words From Dat Kidd),The Custodian of Records
78984,Big Father,The Custodian of Records
78985,Sol Zalez-Stand Clear,The Custodian of Records
78987,Open Campain-Planet Terror (Remix),The Custodian of Records
78988,TMFSE & Larry Hobson-Poisonous Thug Bites,The Custodian of Records
78990,Big Snuff-change it up,The Custodian of Records
78991,Arablak-Hang On,The Custodian of Records
78992,Shawn Lov-Man We So High,The Custodian of Records
78993,8th W1-The Maverick,The Custodian of Records
78994,Big Father 2,The Custodian of Records
78995,"Incursion-Jersey Makes, Ya'll Forget",The Custodian of Records
78996,Sajj Moroc-Fall,The Custodian of Records
78997,Sol Zalez-Midnight Artistry,The Custodian of Records
78998,Now Dance,The Custodian of Records
78999,Murdoc Ft. Thirston Howl III-Hard Copy,The Custodian of Records
79000,Murdoc-Sedation,The Custodian of Records
79001,Closing Out,The Custodian of Records
79002,Wyld Lyfe Federation-Last Take,The Custodian of Records
79087,Le Stanze Del Transistor,Bob Meanza
79399,69 Secs.,BLEO
79567,Pictures Of Your Mind,Games
79568,Listen,Games
79569,Impossible,Games
79570,Little Elise,Games
79571,Another Night Alone,Games
79572,Put Down That Gun,Games
79573,Why Can't We Go Back,Games
79574,Don't Look For Her,Games
79575,Take A Dare,Games
79578,New Regime,Nuclear Spring
79581,War Ridden World,Nuclear Spring
79585,Last Wish,Nuclear Spring
79589,Man,Srch Party
79593,80's,Srch Party
79596,Cats Kill,Srch Party
79603,Trolls Dub,trollhead
79604,Trolls Got Dub,trollhead
79605,Trolls in Dub,trollhead
79606,Snurker,trollhead
79609,The Drop,Ill Papa Giraffe
79610,Better Believe It,Ill Papa Giraffe
79616,Call To Action,Ill Papa Giraffe
79617,Chain Tune,Ill Papa Giraffe
79641,Moist Rita,Post-Materialists
79642,Glyptique,Post-Materialists
79684,Benbo Black Hole  (Pandacetamol Mutant Remix),Pandacetamol
79685,Small Radio - Leaf Shaped Feelings (Pandacetamol Remix),Pandacetamol
79686,TRB Hand Print (Parades of Light Remix),Pandacetamol
79687,Radio Scotvoid Special K (Pandacetamol Remix),Pandacetamol
79688,RVW Last Nnight the Whore He Said (Pandacetamol Remix),Pandacetamol
79689,TRB Moss Haiku (gathered),Pandacetamol
79707,Me Nots (TSPRemix),C-Doc
79729,Federico Echeverria,YELLOW CHAIR
79741,LAB CLINICIAN's DAY TRIP,YELLOW CHAIR
79784,...and Degeneracy,Abstract Nostalgic Fractals Systems
79785,Floating In A Lake Of Happiness,Abstract Nostalgic Fractals Systems
79787,Raining Noise,Abstract Nostalgic Fractals Systems
79789,Everlasting Sorrow,Abstract Nostalgic Fractals Systems
79790,Desolation (Promises Is Not For Us),Abstract Nostalgic Fractals Systems
79791,Alone (With Decay),Abstract Nostalgic Fractals Systems
79840,Sunday,Kacey Explosion
79841,A Dream,White
79843,Gretchenamabendkaputsehrgut (demo),Blablarism
79844,Ohimsosad,Blablarism
79845,"Wandering Station, Fluent Modernization",Blablarism
79847,Accommodation,Politesse
79848,Mega Love,Deadbeat Synesthete
79849,Now What?,Deadbeat Synesthete
79851,Xerox Lip-Gloss,Politesse
79852,Hold On,White
79853,Summergone,Deadbeat Synesthete
79900,"Ravel - Miroirs, I:  Noctuelles",Felipe Sarro
79901,"Ravel - Miroirs, II:  Oiseaux Tristes",Felipe Sarro
79902,"Ravel - Miroirs, III:  Une Barque Sur L'Océan",Felipe Sarro
79903,"Ravel - Miroirs,  IV:  Alborad",Felipe Sarro
79904,"Ravel - Miroirs,  V:  La Vallée Des Cloches",Felipe Sarro
79905,Ravel - Ma Mere L'Oye - 1: Pavane De La Belle Au Bois Dormant,Felipe Sarro
79906,Ravel - Ma Mere L'Oye - 2: Petit Poucet,Felipe Sarro
79907,"Ravel - Ma Mere L'Oye - 3: Laideronnette, Impératrice des Padoges",Felipe Sarro
79908,Ravel - Ma Mere L'Oye - 4: Les Entretiens De La Belle Et De La Bete,Felipe Sarro
79909,Ravel - Ma mere l'oye - 5: Le Jardin Feerique,Felipe Sarro
79910,Ravel - Menuet Antique,Felipe Sarro
79911,Ravel - Menuet Sur Le Nom De Haydn,Felipe Sarro
79912,Ravel - Pavane Pour Une Infante Défunte,Felipe Sarro
79913,Ravel - Kaddisch [transcribed by Siloti],Felipe Sarro
79914,Ravel - Boléro [transcribed by Branga],Felipe Sarro
79915,shout into the air / looking for my heart,1in10/Varia
79916,princess prologue,1in10/Varia
79918,if you call me baby / i'll be always yours,1in10/Varia
79919,a million ways,1in10/Varia
79920,shadows across the floor,1in10/Varia
79969,A Six Minute Trip,Alexei Biryukoff
79973,Night Fire,Alexei Biryukoff
79974,River And Birds,Alexei Biryukoff
79975,ITA Meda - Milano - Ambience Ext Italy Birds Children IRCA,Emanuele Costantini
79976,ITA Meda - Milano - Ambience Ext Italy Monte Cornizzolo,Emanuele Costantini
79977,ITA Meda - Milano - Ambience Ext Italy Traffic Passing By Holcim,Emanuele Costantini
79978,ITA Meda - Milano - Ambience Ext Italy Traffic Rondo Bennet,Emanuele Costantini
79985,Go East Young Man,Hudson
79986,Woven Saddle,Hudson
79988,Mountain Meadows,Hudson
79990,Pursuit Through Grouse Canyon,Hudson
79991,Seven Arrows,Hudson
79994,Old Man's Beard,Hudson
79995,Two Sun Mountain,Hudson
79998,The Cobbler,Hudson
79999,Hampi (excerpt),François-Emmanuel Fodéré
80000,City Lights,Brock Tyler
80001,The Stars On Your Way,Brock Tyler
80002,Morning Flowers,Brock Tyler
80003,Mountainside,Brock Tyler
80004,Frenchman Valley,Brock Tyler
80005,My Love For You,Brock Tyler
80010,HUM HUM GAS,Blue Stork
80014,True Norwegian Trap Metal,Blue Stork
80016,Shiver (instrumental),Blue Stork
80018,Born Slippy (Underworld_BlueStorkremix),Blue Stork
80022,Rodopted,Band of Mad Women
80023,Take My Wings Away,Band of Mad Women
80025,Watching The World,Band of Mad Women
80027,Absolute Passenger,Band of Mad Women
80028,The Cave,Band of Mad Women
80029,Water Song,Band of Mad Women
80030,Watching The World 2,Band of Mad Women
80032,Кидатели камней,Damage it
80035,Bike - Punx,Damage it
80076,Dawn,Edgeist
80077,Depths,Edgeist
80078,Wreck,Edgeist
80079,Remanence,Edgeist
80080,Windward,Edgeist
80106,Slowboy,Noise Problems Selections
80107,Ratcatcher,Noise Problems Selections
80152,Ease my Cheese,Avec Noir
80164,Changes (Featuring Alena Sola),Mabafu
80165,Danger In Dependency (Featuring Alena Sola),Mabafu
80166,Oblivion (Featuring Knixx),Mabafu
80167,So Much More (Featuring Alena Sola),Mabafu
80168,All I Need (Featuring Alena Sola),Mabafu
80169,Bersarinplatz,Mabafu
80229,2. Cydonia,Droict
80230,1. Cypher whisper,Droict
80231,8. Dwarf planet,Droict
80232,3. Itsy Bitsy,Droict
80233,7. Kuiper belt,Droict
80234,"4. New born, old war",Droict
80235,5. Prometheus (I don't want to go back to where I came from),Droict
80287,F.R.E.S.H.,AWOL
80290,Broken Language,AWOL
80293,HipHop Junkfood,AWOL
80294,The Plot Thickens,AWOL
80295,BangBang,AWOL
80296,10 Club Commandments,AWOL
80341,Druzhkina Dvora,Brazda
80351,Na Bos Krak,Nikolay Kolev
80353,Horo V Sofia,Nikolay Kolev
80389,a1,A. P. Vague
80391,a2,A. P. Vague
80393,a3,A. P. Vague
80399,b2,A. P. Vague
80402,b3,A. P. Vague
80426,Horizon from a Distance,Amitron_7
80427,A Fantastic Place,Amitron_7
80428,This Is My House,Amitron_7
80429,Everything is Orange Now,Amitron_7
80430,Belfast Harbour,Amitron_7
80431,Charcoal Mule,Amitron_7
80432,Koala Wrist Action,Amitron_7
80433,M to E to X,Amitron_7
80434,Circus Ralph,Amitron_7
80435,Why do you Hate Mashed Potatoes?,Amitron_7
80436,Telephones (Bonus Track),Amitron_7
80437,La Phonograph (Bonus Track),Amitron_7
80515,Alarm,Jahzzar
80516,Battle,Jahzzar
80517,Breaking Bad,Jahzzar
80518,Change,Jahzzar
80519,T800,Jahzzar
80520,Thin Line,Jahzzar
80534,the idiot savants a chance of happiness inst 2001,S.J. Mellia
80556,Last Named,Sci Fi Industries
80558,Glorious Zer0,Sci Fi Industries
80560,Frenético,Sci Fi Industries
80562,Voultar,Sci Fi Industries
80565,Snownight too,Sci Fi Industries
80566,Corplex,Sci Fi Industries
80567,Nativity in Glass,Sci Fi Industries
80611,Zucotic        Co Prod with form No Drums Version 2005,S.J. Mellia
80634,Missionary Position,Altered Boys
80644,Hunchback,CREEM
80646,Rat Race,CREEM
80651,Dweller,CREEM
80680,Snoshti Sum Libe,Black Sea Hotel
80686,Spava Mi Se,Black Sea Hotel
80687,Malka Moma,Black Sea Hotel
80693,Dva Konya Vodam,Yale Women's Slavic Chorus
80694,Za Garogu,Yale Women's Slavic Chorus
80695,Vo Naše Selo,Yale Women's Slavic Chorus
80696,Tskcno snuri,Yale Women's Slavic Chorus
80697,Sednalo e Djore Dos,Yale Women's Slavic Chorus
80751,More Chcho Reche,Gogofski
80753,"Medley: Sadila Jana, Davaj Me",Gogofski
80754,Ne Si Jo Prodavaj Chiflikot,Gogofski
80755,Fato Mori,Gogofski
80756,Chaje Shukarije,Gogofski
80758,O Postaris Avel (Gypsy),Rozsa has become... Madárka
80765,Fa Nye Mama (Romanian),Rozsa has become... Madárka
80766,Opa Cupa (Balkan Gypsy),Rozsa has become... Madárka
80772,Svadba Golema,Zlatni Makedoncinja
80773,Pajdusko,Zlatni Makedoncinja
80774,Eleno,Zlatni Makedoncinja
80775,Stani Mome,Zlatni Makedoncinja
80776,Milionerce Dada Sali,Zlatni Makedoncinja
80777,Cannot Tell Me,Los Llamarada
80785,Catastasis,Ostin
80786,Siberia,Ostin
80787,Fall,Ostin
80788,Sear,Ostin
80789,Subconsciousnes,Ostin
80790,Darkness,Ostin
80791,Emptiness,Ostin
80792,Gloomy,Ostin
80793,Spirit,Ostin
80794,Columbiad,Massimo Ruberti
80814,Tycho,Massimo Ruberti
80833,kind gentle beautiful person,Origami Repetika
80834,4c iced tea,Origami Repetika
80835,tuffet,Origami Repetika
80836,mighty lilbumble bee,Origami Repetika
80842,ODD NUMBERS,UGLY CHILD
80843,UNHAPPY,UGLY CHILD
80871,Chantant,Jenny Dalton remixed by Lee Rosevere
80873,Desertion,Jenny Dalton remixed by Lee Rosevere
80874,Zuider Zee,Jenny Dalton remixed by Lee Rosevere
80880,Post-Watershed Slamdunk,Base Cleft
80881,Lovers' Dipthonged Soliloquy   Slurryed Waltz,Base Cleft
80901,Tour de Chauffe,Gregoire Fiaux
80903,Safety Car,Gregoire Fiaux
80904,Pole Position,Gregoire Fiaux
80905,Podium,Gregoire Fiaux
81016,ON CLOUD 9 (INSANELY STUPID),SAM EGAN
81017,DUMBER IDEAS,SAM EGAN
81019,I AM 8 YEARS OLD (BEATIFIED),SAM EGAN
81022,(4) ATTEMPP,SAM EGAN
81033,lullaby,Lazer Boy
81035,tea i drink you,Lazer Boy
81037,together we are beautiful,Lazer Boy
81053,"Danzi: Wind Quintet Op 67 No 2 In E Minor, 1 Allego Vivo",Soni Ventorum Wind Quintet
81054,"Danzi: Wind Quintet Op 67 No 2 In E Minor, 2 Larghetto",Soni Ventorum Wind Quintet
81055,"Danzi: Wind Quintet Op 67 No 2 In E Minor, 3 Menuetto Allegretto",Soni Ventorum Wind Quintet
81056,"Danzi: Wind Quintet Op 67 No 2 In E Minor, 4 Allegretto",Soni Ventorum Wind Quintet
81057,"Danzi: Wind Quintet Op 67 No 3 In E-Flat Major, 1 Larghetto - Allegro Moderato",Soni Ventorum Wind Quintet
81058,"Danzi: Wind Quintet Op 67 No 3 In E-Flat Major, 2 Andante Moderato",Soni Ventorum Wind Quintet
81059,"Danzi: Wind Quintet Op 67 No 3 In E-Flat Major, Menuetto (Allegro)",Soni Ventorum Wind Quintet
81060,"Danzi: Wind Quintet Op 67 No 3 In E-Flat Major, 4 Allegretto",Soni Ventorum Wind Quintet
81065,Amplified Bible,Fritz Welch
81071,"Ladybugs on Window, Spraypaint on Deer Carcass",Nick Kuepfer
81072,You Make It Real,The Above
81073,Comin' Around,The Above
81074,Healthy Mind,The Above
81081,My Love,The Above
81082,Where Will You Go,Jacco Gardner
81083,Cabinet Of Curiosities,Jacco Gardner
81084,A House On The Moon,Jacco Gardner
81085,Summer's Game,Jacco Gardner
81086,Chameleon,Jacco Gardner
81087,Puppets Dangling,Jacco Gardner
81088,The One Eyed King,Jacco Gardner
81089,Clear The Air,Jacco Gardner
81090,The Ballad Of Little Jane,Jacco Gardner
81153,Dirt Track,Lee Bains III And The Glory Fires
81157,We Ain't Country,Lee Bains III And The Glory Fires
81185,Pussy Gloating The Give,"Ak'chamel, The Giver of Illness"
81186,El Carretero,"Ak'chamel, The Giver of Illness"
81187,Death Was On You From The Moment of Birth,"Ak'chamel, The Giver of Illness"
81189,Slalom (Ennio Morricone),"Ak'chamel, The Giver of Illness"
81190,Mountain of the Sleeping Lady,"Ak'chamel, The Giver of Illness"
81192,Change (feat. Rebecca Mason),Tactus
81193,Dancing Bruise,Tactus
81194,Buleriass Shake,Tactus
81195,Shake Service,Tactus
81232,Spit,Silk Statue
81254,Plague,Anchortell
81358,We Three Kings,Maya Solovéy
81362,Silent Night,Maya Solovéy
81365,Little Drummer Boy,Maya Solovéy
81436,Broken Branch,Podington Bear
81457,Forecasting,Podington Bear
81485,Low Jack,Podington Bear
81491,Arp and Piano Beat,Podington Bear
81512,Simpler,Podington Bear
81523,Twinkletoes,Podington Bear
81543,GUI,Podington Bear
81554,QuasarGroove,Podington Bear
81555,Rabbiting,Podington Bear
81565,Baile,Podington Bear
81576,Winjammer,Podington Bear
81586,Molasses,Podington Bear
81600,Euphoric,Podington Bear
81612,Better Times Ahead,Podington Bear
81613,Bwip,Podington Bear
81623,Whistle Work,Podington Bear
81638,Brightening,Podington Bear
81650,Loaming Pulse,Podington Bear
81660,Swollen Cloud,Podington Bear
81781,Like Brigade,Podington Bear
81782,Love Sprouts,Podington Bear
81792,Wellness,Podington Bear
81802,Lola,Podington Bear
81803,Not Much,Podington Bear
81814,Dimlight,Podington Bear
81828,Anime Overture,The Antti Jädertpolm Quartet
81829,Surprise Trapdoor,The Antti Jädertpolm Quartet
81830,Square Liberation,The Antti Jädertpolm Quartet
81831,Octobusiness,The Antti Jädertpolm Quartet
81832,Anime Theme,The Antti Jädertpolm Quartet
81833,Undercurrent,The Antti Jädertpolm Quartet
81834,Piper feat. Kschzt,The Antti Jädertpolm Quartet
81853,Electronic Swindle,Nick R 61
81854,Tempered,Floating Spirits
81855,Paradox 5x5 (Z-Arc Remix),Aaron Bathurst
81862,Melencoliah Traurigkeit,Larsp
81866,The Godfather's Lesson,Najmal
81867,Alone,The S.K.
81868,Pavillon Dubstep,Expert In Mental
81869,Planet 629,Etiket Zerø
81872,Rexy,Mothboy
81873,State Of Mind,Pola Bear
81874,4DD,Altered:Carbon
81875,Zina,Bouwakanja
81876,Ferme Ta Gueule,Substance B
81877,Purple Cloud,Pushy!
81878,Talisman De Nuit,Mayhem Perception
81880,Cleaning The Mouse Hole,Rohstein
81881,Cat With No Balls,Randombeatz & d25
81882,8072344,Pitch Alchemist
81883,Cycle Drugs 23 (Total Nuclear Disaster Remix),Ctrl+J
81884,Amen Youpi,Sam Pleater
81885,Purchase The Devil,Broken NVEP
81886,I Make You Move,Stazma
81887,The Colour Of My Dancecore,Annoying Ringtone
81888,Tentative,Mark Swift
81895,Somewhere in Scotland,The Travelling Mongoose
81896,Meeting an Old Friend in Bristol and Introducing to Other Friends,The Travelling Mongoose
81900,Chinwags,The Travelling Mongoose
81938,In Our Hands,Jenny O.
81939,Learned My Lessons,Jenny O.
81941,Get Lost,Jenny O.
81942,Won't Let You Leave,Jenny O.
81943,Lazy Jane,Jenny O.
81944,Opposite Island,Jenny O.
81945,Sugar,Jenny O.
81946,Good Love,Jenny O.
81988,Dolphin Waltz,Podington Bear
81999,Lope-Trip,Podington Bear
82031,On Tip Toes,"Runar Magnusson, The Crying Cowboy, Jaan Patterson"
82049,Behind Closed Doors,Darius Greene & Jaan Patterson
82052,Agonist Ergo,Ohne Worte
82053,Revel,3tronik
82054,xt10.20zp9,Access To Arasaka
82055,Benz,Downliners Sekt
82056,Define Soft,Dorian Concept
82057,Tragoni,Trickform
82058,Monosyllable,Cellular
82059,March900,Alcrani
82060,Unmitigated Verbosity,BLÆRG
82061,Dadaist Ganja Farm Junglists,Lactation Sandwich
82062,Feel The Shadow,Numek
82063,Soul On Fire,Bad Matter
82064,Non-Linear Phrasing,Macc
82065,Prelude In D Minor,Linden Killam
82068,Silent Movie,Linden Killam
82071,An Ordinary Day In The Life Of A Superhero,Linden Killam
82076,Emotieloos,jonas the plugexpert
82081,Pus,jonas the plugexpert
82082,Fruid,jonas the plugexpert
82157,Recruitment Gong (Instrumental),BOPD
82158,fonkie doop koel,Richard Jonas
82161,Jungle 1995,Richard Jonas
82165,Hardcore Jungle Gabber,Richard Jonas
82166,Mod 205,Richard Jonas
82169,Jungle Is Massive,Richard Jonas
82170,Snel gemaakte jungle,Richard Jonas
82201,Roger,jonas the plugexpert
82216,Errum,jonas the plugexpert
82218,Robin de Robot,jonas the plugexpert
82220,Unlimmited lives on,jonas the plugexpert
82221,krukje,jonas the plugexpert
82224,"Richard, Toggi and Philipp's descent to the beach",Richard Jonas
82230,My natural route,Richard Jonas
82231,Cold play in goffertpark,Richard Jonas
82237,Impulse Workout,Richard Jonas
82242,Impulse Workout,Richard Jonas
82243,Analoog,Richard Jonas
82245,Vink,Richard Jonas
82246,Maxtor Hitachi,Richard Jonas
82248,Siekwens,Richard Jonas
82249,Data Play,Richard Jonas
82250,80.56.20.28,Richard Jonas
82313,Circuit Imprimé,Nick R 61
82314,Hypnogramme Onirique,Le Perche Oreille
82315,Comet Tails,Ventolyn & Becotyde
82316,About Making Music In A Hostile Area,Substance B
82317,Metabaron,Bouwakanja
82318,Ize,Nariel
82319,Aerokisses,Tea Moon
82320,Lantrisecte,Lantriperc
82321,Cannelle Chinoise,Egg Nebula
82322,Saster Mystem,Mayhem Perception
82323,Jam,PierrotheMoon
82324,SIRUset00,Tiruset
82325,Chilly Con Sinko,Brk'n'Wicked.
82326,Metallic Fire,Swin Deorin
82327,NwiPuk_00tx,Pornophonik
82328,Glutamic Apoptosis,Aden Ôhm
82329,Locked Hatch,Syndrôm
82330,Echoes From Below,Nonima
82331,Exodeum,Kez Le Zek
82332,444,sOuL_sCientiSt
82333,Computer Music,The S.K.
82334,Mental Swag,Expert In Mental
82335,Pieces Of Another,Floating Spirits
82336,Afrika,Etiket Zerø feat. MC B.Wayne
82337,Shrike,Anagramm
82339,Cooking,jonas the plugexpert
82405,Scam,Blanche Blanche Blanche
82406,Press Dumps,Blanche Blanche Blanche
82410,Clutterbuck,Elvis Herod
82411,Glitter Is The Devil's Spice,Plushgoolash
82414,A Heightened Sensitivity to Beauty,Plushgoolash
82440,The Gift Of Eternity,Valance Drakes
82442,Buron Hin,Roel Funcken
82447,Coil Up Swedish Pony Riding,Karsten Pflum
82452,85,The Green Kingdom
82456,Mocean,Tim Koch
82458,Rmnt,Fedaden
82459,Turbine,VNDL
82461,Removed,Tapage
82462,Stand Up,Throwing Muses
82463,Santa Claus,Throwing Muses
82464,Not Too Soon,Throwing Muses
82465,Doghouse / The Burrow,Throwing Muses
82466,Dirt Is On The Floor,Throwing Muses
82467,The Letter / The Party,Throwing Muses
82468,America (She Can't Say No),Throwing Muses
82469,And A She-Wolf After The War,Throwing Muses
82499,Feijão,Dr. Quandary
82501,Nevado,Zhada
82502,SYNESTHESIA,Devaine
82504,diku,Pavel Tukki
82505,Solitude,Entertainment for the Braindead
82506,EggShells,Dead Poets
82507,Time Lines,Pete Lund
82509,Monochromatic Butterfly,Divenere
82515,"AmeriKan Idle (12"" Mixx)",The Impossebulls
82519,AmeriKan Idle (Instrumental),The Impossebulls
82522,Drippin' Down,Thee Open Sex
82523,Peanut Butter,Thee Open Sex
82525,Walkin' The Dog,Thee Open Sex
82526,No Voodoo,Allah-Las
82527,Don't You Forget It,Allah-Las
82528,I Had It All,Allah-Las
82529,Tell Me What's On Your Mind,Allah-Las
82530,Busman's Holiday,Allah-Las
82531,No Werewolf,Allah-Las
82579,Adhesive,Container
82580,Interior,Container
82581,Perforate,Container
82582,Saturated,Container
82583,Treatment,Container
82584,Acclimator,Container
82585,Obstruction,Container
82622,Redkosh [Original Version],Nebulo
82628,WorldToday (Original version),Herbata
82629,WorldToday (Chalart58 version),Herbata
82630,WorldToday (Pope version),Herbata
82631,WorldToday (La Crema version - Herbata Vocal Rework),Herbata
82648,The Trust,Litmus
82649,About The Birds,Litmus
82654,Love The Way You Play,Litmus
82679,The Subconscious,Inside the Mind
82687,Simple things,Inside the Mind
82695,Ldom,Riverhorse
82701,Nothing,Inside the Mind
82702,RyanAir 73S,Illocanblo
82703,Greenheys,Illocanblo
82704,Zerr,Illocanblo
82705,Logue,Illocanblo
82706,Nolan Thing 3,Illocanblo
82707,Landing,Illocanblo
82708,Coz,Illocanblo
82709,Sluni,Illocanblo
82711,N N R M L Z M,Illocanblo
82712,Antigone,Illocanblo
82713,Koelibus 2,Illocanblo
82714,Eidsborg,Illocanblo
82715,Eidsborg (Sobrio Remix),Illocanblo
82716,Музыкант,C.H.E.R.N.O.B.Y.L.
82720,Oi!,C.H.E.R.N.O.B.Y.L.
82756,Snowboard,Pornophonik
82758,Santa Claus,Pornophonik
82773,Freaks,Pornophonik
82778,Bad Business,The Impossebulls
82780,World Full of Sadness,The Impossebulls
82785,This is a Pop Song,The Impossebulls
82786,We Don't Need You: Part 3,The Impossebulls
82860,Absolute,Daizy
82862,Goodbye,Daizy
82881,Strange Things Will Happen on Interstate 70,Fields Ohio
82882,Lake Erie Shipwrecks,Fields Ohio
82883,Youngstown Speakeasy Akron Blues,Fields Ohio
82884,Airport Lungs No Memory,Fields Ohio
82885,Great Recession Watershed,Fields Ohio
82886,Mid-American Chant/ Winter of Song,Fields Ohio
82887,South Campus Blocks,Fields Ohio
82888,Waumee Floods,Fields Ohio
82889,Tumble Through the Hills Without Books,Fields Ohio
82890,1919 Cleveland May Day Riots/ Buried in the Serpent Mounds,Fields Ohio
82891,Listen Hear Glide Dear,Mice Parade
82892,Warm Hand in Farmland,Mice Parade
82893,Double Dolphins On The Nickel,Mice Parade
82895,"Two, Three, Fall",Mice Parade
82897,Candela,Mice Parade
82898,It Hangs Heavy,Pharmakon
82899,Ache,Pharmakon
82900,Big Purse,Plates Of Cake
82904,Late Last London,Plates Of Cake
82908,Ticket To The Races,Plates Of Cake
82911,Teenage Evil,Plates Of Cake
82913,Jade Vine,Plates Of Cake
82914,Bonnies Theme,krackatoa
82915,Dining on Backs of the Brave,krackatoa
82916,Chasing Butterflies into the Snow,krackatoa
82917,Handguns in Heaven,krackatoa
82918,Ascent of Sham,krackatoa
82919,Corporate Conga Line,krackatoa
82920,Opus Delorean,krackatoa
82921,Crawling Down Walls,krackatoa
82928,Diwali Charlie,krackatoa
82929,Horizon Mine,krackatoa
82930,Opotiki Over and Out,krackatoa
82931,Hefty Leftie Drop Attack,krackatoa
82932,Blank DNA of Reverence,krackatoa
83041,Columbus,Olneyville Sound System
83042,Dynamite II,Olneyville Sound System
83043,Intro / The Wrong Stuff / Big Muffin,Olneyville Sound System
83044,NYC Cab Ride,Olneyville Sound System
83046,Steppin' On Yer Toes / Last Time I Rock N' Roll,Olneyville Sound System
83047,Track and Field / Bass Interlude,Olneyville Sound System
83053,Nyans,mosaik
83054,Pearls (Silent Queen),aisth
83055,Reflective Deceptor,kilowatts feat. synesthesia
83059,Film People,xhale
83060,From Cover To Cover,julien neto
83062,Blindness Bats,khonnor
83065,Groove2-04mix,sinespree
83066,Chippon,Nullsleep
83093,Dynamite 2,Olneyville Sound System
83196,Live in Roubaix 26/11/09,Fritz Welch
83200,Requiem for Pashquita,Fritz Welch
83398,do mesmo no mesmo lugar nao cabe,Filipe Guimarães
83400,calma ae,Filipe Guimarães
83437,You Don't Know How Lucky You Are,Keaton Henson
83438,Sweetheart What Have You Done To Us,Keaton Henson
83439,Lying To You,Keaton Henson
83440,You,Keaton Henson
83451,Fireworks,Blanche Blanche Blanche
83507,Betsy On The Roof,Julia Holter
83509,When The Sea Called Me Home,Julia Holter
83511,Our Sorrows,Julia Holter
83512,Marienbad,Julia Holter
83513,Moni Mon Amie,Julia Holter
83549,tit for tat,Underling
83550,paper dragon,Underling
83551,no score,Underling
83553,dm swing,Underling
83555,110%,Underling
83558,carnival,Underling
83560,DM Swing [Live],Underling
83562,One Drop of Terror [Live],Underling
83563,Be True [Live],Underling
83600,Farm Montage (Instrumental),BOPD
83612,New England is Interesting (reprise),BOPD
83613,New England Dawn Salendro,BOPD
83625,Savjest,Vlasta Popić
83627,Nova,Vlasta Popić
83629,Sebe,Vlasta Popić
83630,Djeca,Vlasta Popić
83631,On je sada sasvim drugi čovjek,Vlasta Popić
83632,Kraj,Vlasta Popić
83633,Najjača ultimativna mašina za ubijanje,Vlasta Popić
83634,Vampiri,Vlasta Popić
83635,Pripitomljeni đavo,Vlasta Popić
83636,Ema,Vlasta Popić
83637,On nije,Vlasta Popić
83638,Origen,Sergi Boal
83639,After the Rain,Sergi Boal
83641,The cave,Sergi Boal
83642,la mar,Sergi Boal
83643,Chavela,Sergi Boal
83644,bruma,Sergi Boal
83645,Parsiflora,Sergi Boal
83646,Silenci,Sergi Boal
83647,Fez,Sergi Boal
83690,le vert paradis,Colombey
83705,Indephatigable,Cullah
83706,I Got One Thing,Cullah
83707,Possibilities,Cullah
83708,MC Cullah's Dream,Cullah
83709,Mo Saol,Cullah
83710,Referent Power,Cullah
83711,Forbidden Blues,Cullah
83712,When Microphones Attack,Cullah
83713,My Dignity,Cullah
83714,Mutha Fuckin' Troglodytes,Cullah
83715,J6 On The Rising Sun,Cullah
83716,The Masterful,Cullah
83717,Ninety Six,Cullah
83718,Behemothian Rhapsody,Cullah
83719,Running Woman,Cullah
83783,Enemy,The Impossebulls
83784,Who Wants to Act Like a Millionaire? (Make Money Remixx),The Impossebulls
83789,Шизофрения,Brutal Whiskers
83790,Падший мир,Brutal Whiskers
83791,Узник,Brutal Whiskers
83813,Other Side Blues,Brandon Ross
83821,Bottomed Out Bill,Waylon Thornton and the Heavy Hands
83823,Hounds Of Dracula,Waylon Thornton and the Heavy Hands
83825,"Huff Glue, Get Scars",Waylon Thornton and the Heavy Hands
83826,Lost In A Cave,Waylon Thornton and the Heavy Hands
83828,Take Me To The Master,Waylon Thornton and the Heavy Hands
83829,Enter The Coven,Waylon Thornton and the Heavy Hands
83830,Astral Conjurer,Waylon Thornton and the Heavy Hands
83857,Cold Mines,Youth Avoiders
83867,Donde Estan,Las Ardillas
83871,Un Dia Nada Mas,Los Vigilantes
83898,The Splendor of Love,Rod Rivers and the Big Action Sound
83899,I Walk A Lonely Street,Rod Rogers
83900,The Old Swinging Gate,Rodd Keith
83903,Rock And Roll Is Back Again,Rodd Rogers
83906,Before I Go Out,Rod Rivers and the Big Action Sound
83907,Shadows In My Heart,Rod Rogers
83908,If I Had A MIllion Dollars,Rod Rogers
83909,My Dream,Rod Rogers and the Orchestra
83911,Country Boy,Rodd Keith and the Raindrops
83912,Goodbye My Darling,Rodd Keith
83913,Why Don't You Sing A Happy Song,Rodd Keith
83949,Mount Dumbfuck,Gym Mat Nap
83950,Sphere-suns Splashes Diamonds Water-Air,Justin Marc Lloyd
83954,Green Caterpillar Girl,Princess Army Wedding Combat
83955,Angel Of Darkness,Pusdrainer
83956,Hurt So Good,Richard Ramirez
83957,Sticky Kitten,Sex Bruises
83958,One Finger Rotting Faster Than The Others,Stress Orphan
83960,Gazing Into The Stygian Deeps,Tigre Merde
83961,Astral Waves,Zone Tripper
83967,In The Location Of Marley,Foot Village
83968,This Song Is A Drug Deal,Foot Village
83969,Reggae War Zone,Foot Village
83970,"AIDS Sucks, Make Money",Foot Village
83971,Lovers With Iraqis,Foot Village
84009,"Dance To Your Daddy, In Some Ladys Garden, Come Along Everybody",Ed Trickett
84012,Virgin Mary Had A Baby Boy,Ed Trickett
84014,As I Sailed,Ed Trickett
84054,Fruit,Bekah Jarvis-Girtler
84055,Record Play,Max Ebert
84056,Sexy Birdwatching,Stephanie Foo
84057,Star Spangled Preachers,Sydney Beveridge
84058,Daphna/Tobah Interview,Avery Trufelman
84087,Début,Le Perche Oreille
84088,La Marche Des Enfants Morts,Le Perche Oreille
84089,L'Étrange Affaire 4.0.6.3.A,Le Perche Oreille
84090,Licorne Rotative,Le Perche Oreille
84091,Antartic (Le Perche Oreille Remix),Émilie Simon
84092,Eypomega,Le Perche Oreille
84093,Dissension Interne,Le Perche Oreille
84094,Hypnogramme Onirique V2,Le Perche Oreille
84095,Méchanismes,Le Perche Oreille
84096,Industrie Merdique,Le Perche Oreille
84097,Fin,Le Perche Oreille
84105,President Ike to the Edge of Insanity (Short),The Impossebulls
84108,Transparent (Stereo Mixx),The Impossebulls
84109,1Nation (One Beat),The Impossebulls
84111,Zombie Strut,Tha Silent Partner
84135,The Sudden Afternoon/ Archetypes,Electric Mirrors
84136,Little Big Horn/ Western Radio Transmissions,Electric Mirrors
84137,The Singing Statues,Electric Mirrors
84138,Streetcar Geography/ Stomp Box,Electric Mirrors
84139,The Illuminated Highway/ Urban Exodus,Electric Mirrors
84140,Modern Life/ Ritual Colonies,Electric Mirrors
84141,1956 Cocktail Party/ Suburban Architecture,Electric Mirrors
84142,Get Away/ Parallel Sunset,Electric Mirrors
84143,The Cloud Sculptors of Coral D,Electric Mirrors
84144,Good Night/ Sleep,Electric Mirrors
84152,Haka,Sikhara
84154,Baby Bones,Laura Stevenson and the Cans
84155,The Pretty One,Laura Stevenson and the Cans
84156,Landslide Song/The Dig,Laura Stevenson and the Cans
84157,Nervous Rex,Laura Stevenson and the Cans
84158,Source and the Sound,Laura Stevenson and the Cans
84159,A Shine To It,Laura Stevenson and the Cans
84170,Am I Not Yours To Love,Copy Your Idols
84171,Lullaby (Of All Things Filthy & Free Mix),Copy Your Idols
84172,Autoerotic Asphyxiation,Copy Your Idols
84173,These Weak Hands That Held You Up,Copy Your Idols
84174,Hold My Hand At The Gallows,Copy Your Idols
84195,Squinting at the Sun (radio edit),Lee Rosevere
84198,Illuminations,Lee Rosevere
84200,Ataraxia (radio edit),Lee Rosevere
84201,The Ambient Ukulele (radio edit),Lee Rosevere
84202,Illuminations (radio edit),Lee Rosevere
84261,.bat,.crk
84262,denial_of_service_+_synthetic_play,.crk
84263,Minuet_in_CrK,.crk
84264,elastic_waves,.crk
84283,I've Got A Gift,Gun Outfit
84289,Chardonnay,Mudhoney
84290,Slipping Away,Mudhoney
84291,I Like It Small,Mudhoney
84292,The Neutral,Mudhoney
84293,The Final Course,Mudhoney
84294,The Only Son Of The Widow Nain,Mudhoney
84312,No One Knew (What It Was For),Eric Boros
84324,Pablo Ribot Works For Joseph Beuys I,Pablo Ribot
84383,Better Try Red Star,Los Llamarada
84394,I'd Better Write,Los Llamarada
84405,ETX,OWL BRAIN ATLAS
84414,Italic,OWL BRAIN ATLAS
84417,Snow Eater,OWL BRAIN ATLAS
84423,Doctor Whom,OWL BRAIN ATLAS
84443,Copy/Paste,Punktieren
84446,High Voltage,Punktieren
84447,True Colors,Punktieren
84448,Chinatown Rush,Punktieren
84449,Float(Outro),Punktieren
84483,m00m4m4 feat. Ovenrake,BLEO
84484,Tart (Pts 1 & 2) feat. KeFF,BLEO
84485,A_Merican_Skweeez feat. STARPAUSE,BLEO
84486,Death Destroyer (Radio Edit) feat. Rhinostrich,BLEO
84515,Wide Mouf'd (Part 1),Tha Silent Partner
84516,Wide Mouf'd (Part 2),Tha Silent Partner
84517,Rubba,Tha Silent Partner
84518,A Reprise of Me,Tha Silent Partner
84519,Dance of the Black Geisha,Tha Silent Partner
84520,Slow Head B4 Bed,Tha Silent Partner
84538,chill(re:construction),+
84567,Your Mission,Total Reboot
84568,Level 1,ZhangJW
84569,Level 2,Total Reboot
84570,Level 3,ZhangJW
84571,Level 4 (Lose),Total Reboot
84572,Level 5 (Win),ZhangJW
84573,Game Over,Total Reboot
84605,Me and My Friends,EARTH-ENEMY
84607,The Smile and the Smirk (Finger Foods Mix),EARTH-ENEMY
84622,maD - Nanits,maD & Alg0rh1tm
84623,maD & alg0rh1tm - ClockWork,maD & Alg0rh1tm
84736,Pompas de Jabón,Circus Marcus
84742,Indecisions,Ravi Shavi
84743,This Body,Whore Paint
84757,Hawaii,No Joy
84760,Ghost Blonde,No Joy
84761,Lizard Kids,No Joy
84765,Ape In Love,Doomsday Student
84767,Paths Of Glory,Dropdead
84768,CCMFC,What Cheer? Brigade
84775,Rich Boys,Downtown Boys
84777,Nothings Wrong (Shufflin' Edit),Howse
84785,No. 37,TV Ghost
84786,Siren,TV Ghost
84787,5 Colors,TV Ghost
84788,Elevators,TV Ghost
84789,Placid,TV Ghost
84790,Sleeper,TV Ghost
84791,Pannonia Boundless by Alexandra Vrebalov,Face The Music
84792,String Quartet no. 2 by Medhi Hossani,Face The Music
84793,String Quartet no. 2 by Conrad Tao,Face The Music
84794,Scent Of Love,Wax Idols
84817,Wide Of The Mark,Robin Mitchell
84823,Little Show,dustmotes
84826,Addicted To Speed,Mr. Wilfred
84829,Charlene,The Humberts
84830,Oblaka,VET
84903,Just My Imagination,Jeff Kolar
84944,i trance i,letterfounder   slow bodega
85027,define my day,Maan
85038,Quinine Dub,Sick To The Back Teeth
85039,Irradiated Dub,Sick To The Back Teeth
85040,Neptune Massive,Sick To The Back Teeth
85041,Pegasus Dub,Sick To The Back Teeth
85042,С высоты,"Клан-группа ""Твин Пикс"""
85072,euthanasia day,Hapbt
85073,fist of the north,Hapbt
85074,megaton,Hapbt
85076,the outback,Hapbt
85240,Demons,Unknown Artist
85254,HIROSHIMA,UGLY CHILD
85255,CUTEIGHT,UGLY CHILD
85259,06 OXYGEN,UGLY CHILD
85260,AURA,UGLY CHILD
85287,Miranda,Koalips
85288,Luna,Koalips
85289,Kvazar,Koalips
85290,Her Cold Touch,Koalips
85291,Her Cold Touch (Remix),Koalips
85307,They Seem To Be Intelligent,Garmisch
85308,They Seem To Be Intelligent (Tastes So Intelligent Mixx),Garmisch
85309,They Seem To Be Intelligent (dustmotes Remix),Garmisch
85310,They Seem To Be Intelligent (Instrumental),Garmisch
85311,They Seem To Be Intelligent (Tastes So Intelligenstrumental),Garmisch
85317,Human Face,Titus 12
85318,Rougher Than Riddim,Titus 12
85341,Moving Boulder,L'homme Manete
85342,Erase Form,L'homme Manete
85343,Epic Champ,L'homme Manete
85344,Space Stage,L'homme Manete
85345,Pause for a Side Change,L'homme Manete
85346,Friendly Foe,L'homme Manete
85347,Out of the Cave,L'homme Manete
85399,I'll Come When I Can,Black Pus
85400,Blow to the Head,Black Pus
85401,Neurotic Knife,Black Pus
85402,The Dragobah Blues,Black Pus
85415,Solo #1,Jessica Pavone
85419,Something Strange Happens,Orange Peels
85420,The Words Don't Work,Orange Peels
85421,Your New Heroes,Orange Peels
85422,Bicentennial Bridge,Orange Peels
85423,All At Once,Orange Peels
85424,Grey Holiday,Orange Peels
85425,Aether Tide,Orange Peels
85426,Watch Her Fly,Orange Peels
85427,Theme From Sun Moon,Orange Peels
85428,Yonder,Orange Peels
85436,Albion Source,Chuck Johnson
85437,Last Moments At Chittor,Chuck Johnson
85438,Crows In The Basillica,Chuck Johnson
85444,Drifter,Wild Leaves
85445,To Be Free,Wild Leaves
85446,Wind & Rain,Wild Leaves
85447,Open Sky,Wild Leaves
85448,State Lines,Wild Leaves
85467,Simon,L'homme Manete
85468,C'est basic!,L'homme Manete
85469,Garçon jeux,L'homme Manete
85482,To Lose You,Derek Clegg
85483,Never Leave LA,Derek Clegg
85484,If Only We Had More Time,Derek Clegg
85485,Photograph,Derek Clegg
85486,Carry On,Derek Clegg
85487,Who We Are,Derek Clegg
85488,The Best In The World,Derek Clegg
85489,Easy,Derek Clegg
85490,I Am There,Derek Clegg
85491,Ones I've Never Known,Derek Clegg
85492,My Mind Never Bends,Derek Clegg
85494,STAR SPANGLED BANNER,Anonymous
85499,Concrete Dick,Anonymous
85506,(none given),1/2 Kaputt Kurzwellen
85508,Pretty Polly,BB=KK
85509,Portland 6,Smegma
85524,Post Hoc,Ian Sutherland
85592,Truth Is,Garmisch
85593,Sole (Fire & Ice),Garmisch
85594,You Come Get Your Boy Now,Garmisch
85595,Truth Is (Interlude),Garmisch
85596,They Seem To Be Intelligent,Garmisch
85598,And Now We Stand Against The Wall,Garmisch
85599,Native Son,Garmisch
85600,City Sounds,Garmisch
85690,House Of Insomniacs,Alexander Turnquist
85691,Finding The Butterfly,Alexander Turnquist
85692,Flying Fantasy,Alexander Turnquist
85693,Dance Of The Sinister Nymph/ Through A House Of Violet Abandon,Eric Carbonara
85697,Daylight is a Movie,Souvenir Driver
85698,F is For Fake,Souvenir Driver
85701,The Last Say,Career Suicide
85702,Sucker,Career Suicide
85705,Signals,Career Suicide
85706,Moron Nice 'N' Slow,Career Suicide
85707,Attempted Suicide,Career Suicide
85708,On The Run,Career Suicide
85709,Play The Part/ Quarantined,Career Suicide
85765,Want You Die,pawspaws
85766,Why And When,pawspaws
85787,Leaves Of Grass,Rations
85788,Occasion For War,Rations
85790,(No More) Warheads,Rations
85791,The Profiteers,Rations
85792,Relived/Replayed,Rations
85813,Hopeless,Radio 421
85814,Children In The Closet,Radio 421
85815,Your Little Rotten Heart,Radio 421
85816,Break It Now,Radio 421
85817,Seven,Radio 421
85822,Nocturnia,Psychadelik Pedestrian
85823,Fifth World,Psychadelik Pedestrian
85828,Cosmos (universal mix),Psychadelik Pedestrian
85831,Flames (The Beginning),Frame
85832,Eyes Like A Wolf,Frame
85833,In Sight,Frame
85834,Other Directions,Frame
85835,Empty Roads,Frame
85836,Aproaching Land,Frame
85837,Enter The Code,Frame
85838,North Sea,Frame
85839,Second Hand,Frame
85840,The Last One (Old Times),Frame
85841,Exist,Ostin
85843,Fly,Ostin
85865,Drink from thee spring,Telesthesia
85867,Track 3,Telesthesia
85869,Track 1,Telesthesia
85890,Baby Sleeping,Natalia Skvortsova
85891,August,Natalia Skvortsova
85892,Rose,Natalia Skvortsova
85922,Pure,Pigeons
85941,Fade Away,Sweet Talk
85942,Microphone,Sweet Talk
85945,Viewing Party,Sweet Talk
85947,Flash of Light,Sweet Talk
85948,Last Dance,Sweet Talk
85949,Live to Die,Sweet Talk
85950,Boat,Pete Galub
85951,Plead the 5th Dimension,Pete Galub
85952,Crying Time,Pete Galub
85953,All I Am,Pete Galub
85954,300 Days In July,Pete Galub
85955,Feels All Over,Pete Galub
85956,My Regeneration,Pete Galub
85957,Waiting,Pete Galub
85963,"Portland Cement Factory at Monolith, CA (John Fahey) & The Harmony of Altamont (John Fahey)",Star Rover
85965,Rye,Star Rover
85966,Rag Doll,Star Rover
85967,We Would Be Building (Hymn) & Blind Willie (Sonnie Sharrock),Star Rover
85968,Meet Me,Seaven Teares
85969,Grown Woman,Seaven Teares
85970,Our Lady of Sound,Seaven Teares
85971,Them Bones (Jerry Cantrell),Seaven Teares
85972,The World Spins (Angelo Badalamenti),Seaven Teares
85973,Thin Veil,Seaven Teares
86037,Doctor Faust,Teatro Grotesco
86038,"Pornography, the cult of the body and the death of Eros",Teatro Grotesco
86039,MMXII,Teatro Grotesco
86040,Through the fire,Teatro Grotesco
86042,Sun Bridge,Ikimashoo Aoi
86043,Sun Bridge (Strange Ambient Dub),Ikimashoo Aoi
86044,Sun Bridge (Francisco Godikinho's Abstract Sun Remix),Ikimashoo Aoi
86077,Penetration (Edit),Barmus Dramfell
86078,Didst,Barmus Dramfell
86081,One Thousand And Two,Barmus Dramfell
86082,Groove,Barmus Dramfell
86102,OEIL,CACHETTE A BRANLETTE
86103,NAUFRAGÉS,CACHETTE A BRANLETTE
86104,MER,CACHETTE A BRANLETTE
86105,LAMES,CACHETTE A BRANLETTE
86106,ENFOUIS,CACHETTE A BRANLETTE
86107,ILE,CACHETTE A BRANLETTE
86116,And Now We Stand Against The Wall,Garmisch
86117,And Now We Stand Against The Wall (Who Ha's Electron Takeover),Garmisch
86118,ANWSATW (TSP Took Acid Once Mix),Garmisch
86119,And Now We Stand Against The Wall (Instrumental),Garmisch
86140,Letromaquia O,Damian Taveira & Juan Angel Italiano
86146,GruGru,Thomas Havlik
86152,Stones,Moonove
86153,Veeren,Moonove
86154,Fluffy,Moonove
86155,Hole,Moonove
86156,Backwards,Moonove
86157,Earth,Moonove
86158,Willbury Road,Tardiss
86159,Mouse Run,Tardiss
86161,Red Earth,Tardiss
86162,Under the Dock,Tardiss
86163,Flyth,Tardiss
86165,Three Pair,Tardiss
86166,Rain Makes Rain,Tardiss
86167,Seventy-Five,Tardiss
86168,Goodnight Sunrise,Tardiss
86217,Robbie Williams Uratował Mi Życie,Akcja Zorganizowanej Przeciętności
86219,Słodkie Ale (Instrumental),Akcja Zorganizowanej Przeciętności
86253,The Sous Chef's Dream,Cagey House
86254,Beef Pkg (Loop Track),Daniel Rig
86255,Fodder,Corey Kereliuk
86256,Warped Picture of the Restaurant Taken Through a Wine Glass,echosonic
86257,Half Hour Break,Origami Mekka
86258,Thinking About The Roast On The Table,covolux
86259,Bending The Spoon,Mystified
86261,Don't Come Around,Angstbreaker
86262,Dead Elements,Angstbreaker
86263,Stay Hungry,Angstbreaker
86295,Boyfriend Hole,Broken Water
86297,1984,Broken Water
86298,Swoym,Broken Water
86299,Heal,Broken Water
86300,Thread To Connect,Broken Water
86335,Tidal Wave,The Laurels
86337,Manic Saturday,The Laurels
86338,Changing The Timeline,The Laurels
86414,Three,Pat Thomas
86415,From the Bottom (Soundtrack Edit),The Impossebulls
86416,One Hundred 10 (BPM) (Instrumental),The Impossebulls
86417,The Destroyer (Parts 1 and 2),One Master
86419,Infernal Silence,One Master
86441,Fever of Terror,Fever Dream
86442,Dead(er) in the Saddle,Fever Dream
86443,Befall,Fever Dream
86446,Smash it!,Buskerdroid vs Microman
86454,Odio tutto,Buskerdroid
86466,Make Me A Paper Plane Again,You're Terribly Late
86467,Anywhere But Here,You're Terribly Late
86468,Night Sky,You're Terribly Late
86469,Childhood Spaceship,You're Terribly Late
86470,Home Is Where The Heart Is,You're Terribly Late
86481,Moments Of Life,Andrea Carri
86482,Strade,Andrea Carri
86483,Canzone Della Speranza Sahrawi,Andrea Carri
86484,Giochi di luce,Andrea Carri
86485,Cuori Nel Vento,Andrea Carri
86486,Frammenti,Andrea Carri
86487,Sunshine After Rain,Andrea Carri
86511,Dead Bodies,TIGERBERRY
86521,Concrete - Part II - Mantram,Farthest South
86561,Rabbits,Sugar Overdose
86562,Cute Poison,Sugar Overdose
86563,Cosmic Voyance,Sugar Overdose
86564,Soundly Sleepless,Sugar Overdose
86565,Notebook,Sugar Overdose
86576,Track 1,Pocahaunted
86577,Track 2,Pocahaunted
86578,Track 3,Pocahaunted
86579,Track 4,Pocahaunted
86580,Track 6,Pocahaunted
86623,The One,Eric Eckhart plus Salonband
86633,Auf der anderen Seite,Wolf Nilson Trio
86634,We Are Canucks,David Blair
86678,Blood Money,Krowne
86679,Welcome To Warp Street,Krowne
86680,Rear View Window,Krowne
86715,Black Forest of Solos,McCloud Zicmuse
86720,Greek Court Metalheads,McCloud Zicmuse
86721,Guitar Left On Train,McCloud Zicmuse
86724,Liquid in a Tin Cup Samba,McCloud Zicmuse
86725,New Wave 80's Dance Move,McCloud Zicmuse
86726,No More Folklore,McCloud Zicmuse
86730,Something Upbeat for the Kids,McCloud Zicmuse
86761,Be Sweet,Marco Trovatello
86762,A Turn,Marco Trovatello
86763,Bracers Of Chaos,Marco Trovatello
86788,Es ist nie genug,Die Leere im Kern Deiner Hoffnung
86789,Sunshine,Dr Freebs
86792,für eine hand voll zucker (a.-g. lang mix #4),/'angstalt/
86793,Blocks,Dr Freebs
86795,Pegasus,Singvøgel
86798,Circuit Bent,Sudio
86799,Marktversagen,Von Korf
86920,Arrows & Bows,pandoras.box
86987,Wizard,Galleon
86988,Lady of the Garden,Galleon
86989,Iron Hearted Woman,Galleon
86990,Whirlpool,Galleon
86991,Universal Mind,Galleon
86992,Galleon,Galleon
86993,Wicked Woman,Galleon
86997,Space Man,Punks on Mars
86999,TV Queen,Punks on Mars
87002,Bad Expectation,Punks on Mars
87003,Chandelier,Punks on Mars
87019,One Time,The Hussy
87020,Bad Speed,The Hussy
87029,She Don't Belong To Me,The Hussy
87030,Wrong Right,The Hussy
87059,Garbage and Sewers (previously unreleased SFI remix),Hattemachin*
87060,Fifth Stich (unofficial SFI remix),Hattemachin*
87061,Ur.b (Com.Gen. remix),Rasal.Asad
87062,Only Holy (featuring David Koresh),Rasal.Asad vs. Sci Fi Industries
87063,UltraDrive (previously unreleased SFI remix),Ras-Al-Ghul
87064,Cognitive Affair (instrumental),Cygnus X1 vs. Sci Fi Industries
87065,Axis Mundi (version of Sciencia remix),Mikroben Krieg
87066,Erlebiness (SFI remix),Structura
87067,Neon Moon Hard Mix (SFI remix),The Ultimate Architects
87068,One More Reason (unofficial SFI remix),Vigilante
87069,I Sing the Body Electric (first take SFI remix),Waste Disposal Machine
87070,Argonaut Into Deep Space (SFI remix),(F.E.V.E.R.)
87096,AMLUN,XPURM
87097,EDNMA,XPURM
87098,WKLDN,XPURM
87099,USTKA,XPURM
87100,BRPLE,XPURM
87101,AJQEA,XPURM
87102,FYSTN,XPURM
87103,VNADS,XPURM
87104,CNUNU,XPURM
87105,DUITA,XPURM
87106,UISTS,XPURM
87107,MKRDZ,XPURM
87108,DWMWD,XPURM
87121,Sadie (4-Track Demo),The Planes
87122,Tear the World Apart,The Planes
87123,Sonic Youth,The Planes
87124,Going to Northampton (DOA Version),The Planes
87125,LES and Out of Luck (DOA Version),The Planes
87126,X-Rays (DOA Version),The Planes
87127,Fall into a Million Magnet Hearts (4-Track Demo),The Planes
87129,Goodbye Friend,Inside the Mind
87130,Hugs For All,Syndrôm
87131,Fragments,Syndrôm
87132,Hey Darling,Syndrôm
87133,Ocre,Syndrôm
87134,Life Beyond Earth,Syndrôm
87135,Ad Libitum,Syndrôm
87136,Start To Dream Again,Syndrôm
87137,Jamestown,Adam Cadell
87140,Dance ‘til it all Melts Away You Fucking Idiots,Adam Cadell
87141,Summon the Fleet,Hector 3
87146,Ride It,Hector 3
87150,Bad Man,Hector 3
87151,Open up your eyes,Still Pluto
87152,Angel,Still Pluto
87153,Southern spirit,Still Pluto
87154,My own God,Still Pluto
87155,Be what you wanna be,Still Pluto
87157,Back (In Time) To (Save) The Future,Dr. Wylie
87158,"It's Ok, We Have Chemistry",Dr. Wylie
87159,Keep In Style,Dr. Wylie
87160,Extracurricular Twerk,Dr. Wylie
87161,Perception,Dr. Wylie
87174,That's the Important Thing,Dark Chocolate Chips
87185,All Those I Know,Eric & Magill
87186,You Make It So Good,Eric & Magill
87187,Should We All Wake Up,Eric & Magill
87188,Grandpa's Pink Wine,Eric & Magill
87189,Vegetable Gardeners,Eric & Magill
87190,I Hear Trumpets,Eric & Magill
87191,Pontoon Boats,Eric & Magill
87192,"Gentle, Polite",Eric & Magill
87193,Old Man Winter,Eric & Magill
87194,Birthdays Are Important,Eric & Magill
87220,New Blood,Kris Keyser
87221,Batsly Labs,Kris Keyser
87225,Nitro,Kris Keyser
87235,Summoner,Kris Keyser
87236,OHC3,Kris Keyser
87237,Only,Kris Keyser
87272,Be Africa,Bibi Tanga and the Selenites
87273,Red Wine,Bibi Tanga and the Selenites
87274,Ayo,Bibi Tanga and the Selenites
87293,Medicine To Cure Medicine Sickness,Lorelle Meets The Obsolete
87294,The In-Between,Lorelle Meets The Obsolete
87303,Wichita Lineman,The Moto-Gators
87309,Shakedown,The Moto-Gators
87311,San Ho Zay,The Moto-Gators
87312,Runaway,The Moto-Gators
87314,Running Bear,The Moto-Gators
87315,Jezebel,The Moto-Gators
87322,The Truth,Sally Seltmann
87323,Sentimental Seek,Sally Seltmann
87324,Harmony To My Heartbeat,Sally Seltmann
87325,On The Borderline,Sally Seltmann
87350,First Breath Of A New Sun,The Vanhalia Project
87351,Nel Vuoto,The Vanhalia Project
87352,I'm Afraid It's Not Your Turn,The Sundog Project
87353,Sogno D'Autunno,The Vanhalia Project
87354,The Low December Sun,The Sundog Project
87355,And After All Their Troubles,The Sundog Project
87356,Ascension Theme,The Vanhalia Project
87359,Prefab Sun,The Prefab Messiahs
87361,Echo of Suggestion,Nisi Period
87362,Unless,Nisi Period
87363,Treat Her Like a Sailor,Nisi Period
87364,You Should See My Girl,Bobb Trimble
87365,Live Wire,Bobb Trimble
87370,Ichill,Kakurenbo
87371,Somatou,Kakurenbo
87372,Motif One,Bing Satellites
87376,Motif Five,Bing Satellites
87377,Yukiai,Kakurenbo
87430,BooBoo Halloween,Bludded Head
87431,Bone Soup,Bludded Head
87483,Friendly Fire Part 1 (Collateral Murder Remix),METEK & Josef Nadek
87486,Love Hurts,METEK & Josef Nadek
87488,The Decisive Factor,METEK & Josef Nadek
87489,"Ain't That Swell (Baby, Go To Swell)",Born Loose
87490,Step Up To The Plate (Be A Runaway),Born Loose
87491,Deadbeat Street,Born Loose
87494,Stiff Knights,Born Loose
87495,Whiskey Holiday,Born Loose
87497,Folds Of The Flesh,Born Loose
87507,Boston Street Lullaby,Chris Forsyth and the Solar Motel Band
87509,Strawberry Tomb,Burnt Ones
87511,Freak In The Fog,Burnt Ones
87515,Vision Forever,Burnt Ones
87516,Getting Brighter Blues,Burnt Ones
87517,Web,Burnt Ones
87521,halluzination,tozo
87571,The Last Chance,Ghost Recon
87572,Sword,Ghost Recon
87573,One of Them,Ghost Recon
87574,Fight Back (Remixed by Rewritable Media),Ghost Recon
87575,Fight Back,Ghost Recon
87576,I Hate U So Much,Ghost Recon
87590,134340,Jahzzar
87591,Black Hole,Jahzzar
87592,Encedalus,Jahzzar
87593,Europa,Jahzzar
87594,Great Dark Spot,Jahzzar
87595,Halley,Jahzzar
87596,Hancock,Jahzzar
87597,Ingravity,Jahzzar
87598,Lift Off,Jahzzar
87599,Seas of Mars,Jahzzar
87600,Venus,Jahzzar
87620,Paranoia,The Bomb Busters
87621,Something To Love,The Bomb Busters
87622,Welcome To Downtown,The Bomb Busters
87637,Elevate Your Force,Lantriperc
87638,Amazing Selector,Lantriperc
87639,Meditation Inside,Lantriperc
87640,Another Legend,Lantriperc
87641,Level Up,Lantriperc
87642,Simple Jungle List,Lantriperc
87643,People Machine,Lantriperc
87644,Technique Mecha,Lantriperc
87645,Paper For Dragon,Lantriperc
87692,Die Alone,Mouthbreathers
87694,Dead Fuckers,Mouthbreathers
87696,Secret Lobotomy,Mouthbreathers
87697,About Sincerity,Mouthbreathers
87698,Anxiety,Mouthbreathers
87700,Angel of Death,Babysitter
87701,Gotta be Me Gotta be Free,Babysitter
87703,Talkin bout the New Generation,Babysitter
87704,Witches Finger,Babysitter
87965,As I Sailed,"Howie Mitchell, Ed Trickett"
87966,Mary Had A Baby,"Howie Mitchell, Ed Trickett"
87967,Lassie Wi a Yellow Coatie,Sandy & Caroline Paton
87968,The Rivers of Texas,Sandy & Caroline Paton
87969,Henry My Son,Sandy & Caroline Paton
87971,Little Brown Dog,Sandy & Caroline Paton
87972,Man of Constant Sorrow,"Howie Mitchell, Ed Trickett"
88428,"Hey, Predator Drone",Human Resources
88429,Stinger Sisters,Human Resources
88475,222,Wayne McCann & Erick Mitsak
88476,zzxXxzz,Pee In My Face With Surgery
88479,Preem,Asa Djinnia (Tarek Atoui & Uriel Barthélmi)
88481,Shit Down My Neck With Therapy,John Seden
88483,Magda Paper Bird Impression,2 Wick To You
88485,Pea Surgery,Naval Cassidy
88486,Be Nice,Crank Sturgeon & Peeesseye
88815,Impetu,Onyx Ashanti
88818,"LIVE @ WE ARE, Berlin, Germany Oct 2008",Onyx Ashanti
88824,Sexual Chocolate,Onyx Ashanti
88825,A Life,The Planes
88826,Bushwick's on Fire,The Planes
88827,Fire Me,The Planes
88828,Get in the Riot,The Planes
88829,Make It Worse,The Planes
88830,Holy Bones,The Planes
88831,Lidocaine,The Planes
88846,Stickybee,Josh Woodward
88848,Gravity,Josh Woodward
88854,Methylchloroisothiazolinone,Josh Woodward
88856,Nincompoop,Josh Woodward
88858,The Vagabond,Josh Woodward
88860,The Raven and the Swan,Josh Woodward
88861,Cien Volando,Josh Woodward
88863,Gallows Hill,Josh Woodward
88864,Insomnia,Josh Woodward
88867,Omaha,Josh Woodward
88868,But It Did,Josh Woodward
88869,Gallows Hill (No Vocals),Josh Woodward
88870,Methylchloroisothiazolinone (No Vocals),Josh Woodward
88871,Omaha (No Vocals),Josh Woodward
88872,I Want to Destroy Something Beautiful (No Vocals),Josh Woodward
88873,Cien Volando (No Vocals),Josh Woodward
88874,The Raven and the Swan (No Vocals),Josh Woodward
88875,But It Did (No Vocals),Josh Woodward
88876,Nincompoop (No Vocals),Josh Woodward
88877,Insomnia (No Vocals),Josh Woodward
88878,Gravity (No Vocals),Josh Woodward
88879,Stickybee (No Vocals),Josh Woodward
88892,The Vagabond (No Vocals),Josh Woodward
88899,"Brown, Grey, Green",Hunter-Gatherer
88900,Magpie Trap,Hunter-Gatherer
88902,Junior Atlas,Hunter-Gatherer
88903,Ferns,Hunter-Gatherer
88907,nein komm,Wozzeck
88917,Repeat,Wimps
88920,Depressed,Wimps
88924,Stop Having Fun,Wimps
88925,Nap,Wimps
88926,Old Food,Wimps
88935,Two Guys in '69,Apache
88936,Bullet Train,Apache
88937,White Hammer,Apache
88938,Crystal Clear,Apache
88939,People Die,Apache
88940,Civil Disobedience,Apache
88956,Believe,TIGERBERRY
88957,Queen (De▲d Idols Rmx),TIGERBERRY
88958,Queen,TIGERBERRY
88959,Dead Bodies,TIGERBERRY
88960,Queen (Mugl Remix),TIGERBERRY
89178,The Walker,Chuzausen
89179,Epic Fail,Chuzausen
89180,Evil Penguin,Chuzausen
89188,The Test,Chuzausen
89192,Raro Bueno,Chuzausen
89195,Golden Tales,Chuzausen
89196,Dramatronico,Chuzausen
89212,Side A,Nat Roe
89215,Side B,Nat Roe
89336,"Der ständig fließende, emotionale Zustand in der Stadt",deef
89350,tilt,Art of Flying
89376,Logic PIano,Stanislav Bobrytskyy
89441,morning star,Art of Flying
89445,Outta My Head,Shad + Skratch Bastid
89447,One Way Ticket (Featuring Tab & D Spliff),Anitek
89456,Montagnes russes (Serge Fiori),Alaclair Ensemble
89466,Bronze Heretic,JFrank
89472,Check Your Math,DJ Spooky
89473,Get Up Stand Up (Featuring Brother Ali),Public Enemy
89474,Jocose Jon,Monk Turner
89477,Great Open Sea,Wellington Sea Shanty Society
89482,Great Lakes,John Wort Hannam
89484,Requiem for a Small Town,John Wort Hannam
89485,Song in my Heart,John Wort Hannam
89486,Poor Man,John Wort Hannam
89524,Wild Lights,Opale
89526,Les Champs Magnétiques,Opale
89527,Velvet,Opale
89529,Egypt,Opale
89531,Hold You Tight,Opale
89535,Sparkles and Wine,Opale
89536,Blind Forever,Opale
89613,The Caterpillars Also Eat Psychoactive Mushrooms,Homo-Ambiens
89616,shell trap,Jukka-Pekka Kervinen
89617,The 7th Word of the 7th Egg of the 7th Oscillation,Zreen Toyz
89620,Johnny Cool Intro,BADLUCK
89623,Guns Poverty War Lies,BADLUCK
89630,Love Cool,BADLUCK
89631,Pop N Pull,BADLUCK
89633,New Class,BADLUCK
89634,I Don't Relax,BADLUCK
89635,Free Fall,BADLUCK
89636,Bitter End,BADLUCK
89637,Tragic Bukkake Mishaps,Seneca
89638,This Belongs To Me (No Remorse,Seneca
89639,True Romance (Sometimes),Seneca
89704,Turn Your Back,The Woolen Men
89814,Dreams,ENDRUDARK
89815,Nigtht_City,ENDRUDARK
89816,Time Up,ENDRUDARK
89817,Sustem 240,ENDRUDARK
89841,You Dress Like an Asshole (prod. by Lunice),Not The 1s
89843,To the Last Drop (prod. by Waes One),Not The 1s
89846,Fly as Fuck feat. Isaiah Toothtaker (prod. by Young L),Not The 1s
89847,Boostin feat. Waes One (prod. by Eric Steuer),Not The 1s
89848,Not the 1s (prod. by Mexicans with Guns),Not The 1s
89857,Silverstein Status (prod. by Monster Rally),Not The 1s
89859,Your Dad Hate Me (prod. by Daedelus),Not The 1s
89860,Speedin on You Slowpokes (prod. by dÉbruit),Not The 1s
89870,Young Prisoners,Morlocks
89874,On,Florence Foster Fan Club
89875,Lini je sile,Mother Beth vs Blondie
89876,Divlja horda,KATABAZIJA
89878,Pasto Nudo,Le Chocolat Noir
89879,Nocne šetnje,Umrijeti Za Strojem
89880,Police Hour,f.O.F.
89881,400,Sorcerer Witch
89882,Previte tenzije,ECM
89883,Discipline,Cyborgs On Crack
89884,No Hope No Fear,Body Supply
89885,More Resistance,Vapen
89983,[rw100] Reflections of a Vision - 13.Drifting Space Junk,Noise Research
89984,[fw108] Feeding Lions - 03.The Craving,Phirnis
89991,[radiolibre] Ruidos del Trabajo... 10.Particulas Sonicas...,Jazznoize
89992,[upl053] Verdant Peal - 03.Patau Limbo,Secrets Of The 45
90027,The Breath,Geometrie Variabili
90074,Mental Communication,Egg Nebula
90081,Angular Momentum,Egg Nebula
90145,Another One,Syndrôm & Kendall WA
90146,Tetris,Syndrôm & Kendall WA
90148,Throw Fish,Syndrôm & Kendall WA
90149,I Rise,Syndrôm & Kendall WA
90150,Call Of Booty,Syndrôm & Kendall WA
90152,Nine Planets,Syndrôm & Kendall WA
90153,Another One (Altered:Carbon Remix),Syndrôm & Kendall WA
90278,"Thunder Storm - Vancouver, BC September 5 2013",Lee Rosevere
90404,All the Ships Have Been Abandoned,Wreck and Reference
90406,Surrendering,Wreck and Reference
90408,"In Chains, Awakening",Wreck and Reference
90411,Evening Redness,Wreck and Reference
90526,Ruca,Rod Hamilton
90527,Mushroom,Rod Hamilton
90529,Ruby,Rod Hamilton
90530,Zoey,Rod Hamilton
90570,One Fine Day at the Circus,Pilesar
90573,Naughty Monogamy,Pilesar
90577,Secret Smile Waits for the Next,Pilesar
90578,Sympathy Vein,Pilesar
90579,Spider Dance,Pilesar
90582,End Theme,Pilesar
90583,Biological Clock Tower (bonus),Pilesar
90584,This Moment On (bonus),Pilesar
90586,"Hang'em High, Butterfly Belt (bonus)",Pilesar
90587,"Squid Dance, Squid Waltz (bonus)",Pilesar
90588,Snort Thruster (bonus),Pilesar
90589,The Spirit Kind (bonus),Pilesar
90590,Cage (bonus),Pilesar
90591,In the Raw (bonus),Pilesar
90592,Bullets Have No Effect,Pilesar
90616,Gato,Rod Hamilton
90617,Agnes,Rod Hamilton
90618,Bird,Rod Hamilton
90619,Bird Watching In America,Nick Corbo
90621,City State,Nick Corbo
90623,Merritt Parkway,Nick Corbo
90624,Billy and Marilyn,Nick Corbo
90625,Every Song I Sing,Nick Corbo
90631,angelville,Noaidi
90632,i've seen the future,Noaidi
90633,suffer them,Noaidi
90634,in the barn at night,Noaidi
90635,maccabees,Noaidi
90636,come home year,Noaidi
90637,carousel,Noaidi
90639,lord,Noaidi
90649,"Desire, Ether",Wreck and Reference
90652,A Lament,Wreck and Reference
90656,Sachertorte,Strom An/Ein/Aus Fall
90670,Rescue the material girl,Strom An/Ein/Aus Fall
90690,Memoria grigia,Aussitôt Mort
90691,"Aussitôt dort, aussitôt mort",Aussitôt Mort
90692,Une once de courage,Aussitôt Mort
90693,Le désespoir des singes,Aussitôt Mort
90694,Dur comme la banalité,Aussitôt Mort
90695,Percuté,Aussitôt Mort
90707,Sleep invaders,Coma Stereo
90714,Ghostly,Coma Stereo
90721,Obsessions and a tulip,Coma Stereo
90769,Fast Trash,The Gotobeds
90772,Affection,The Gotobeds
90796,The Nylon Fillings,HighWay17
90797,Paly|toxic Loops,HighWay17
90798,Muffled Synthpon,HighWay17
90799,Ear Earwig,HighWay17
90800,Cyanide Cicadas Cycling in the Hyperspace,HighWay17
90802,Birdy Swarm,HighWay17
90804,"Press, Stir Up and Stretch With a Dotted Line",HighWay17
90805,Eine Symphonie Des Grauens,The Monochrome Set
90808,Hip Kitten Spinning Chrome,The Monochrome Set
90824,Don't Lie,The Mantles
90826,Reason's Run,The Mantles
90827,Hello,The Mantles
90828,Happy Island,The Mantles
90834,Baby's Gone Away,The Mantles
90847,Night Jitters,Cycle~ 440
90852,Snow In Kyoto,Cycle~ 440
90879,Va-Op3,Futurología
90891,MT10,Futurología
90977,Soul in Circles,TIGERBERRY
90982,"Gangstas, Guns, Liquor",Mported Flows
90983,Advice,Mported Flows
90984,Master Plan (Featuring C-Doc),Mported Flows
90986,Sonny Morning,Mported Flows
90987,Hip-Hop Lives (Your Media's Dead),Mported Flows
90989,Mic Drones (XtraRaw Mixx) (Featuring Illus),Mported Flows
90990,Worship Me (After Show Cypher) (Featuring Leaf Erickson & Tirade),Mported Flows
90991,Last Track,Mported Flows
90992,Exit Stage Left,Mported Flows
90993,Where Am I?,Mported Flows
91048,Who Wants to Buy My Soul,Suspicious Beasts
91061,Desir,BCBG
91062,Mourir A Rio,BCBG
91064,City of No Love,BCBG
91066,Jaune de Naples,BCBG
91067,White Trees,BCBG
91068,Glass Talk,BCBG
91069,Alian Heart,Magnets
91074,Stop 'N' Frisk,Magnets
91075,Dreams,Magnets
91081,D_BAILE,URB
91082,HORNSONG,URB
91083,SURDO,URB
91084,EL_ECTRO,URB
91085,THISBASS,URB
91086,MAU,URB
91087,IDY,URB
91088,CORTE_COSTURA,URB
91089,TONTURA,URB
91090,Hammer,Cuntz
91092,Meth,Cuntz
91093,Birthday Song,Cuntz
91096,Beef Week,Cuntz
91097,Ation,Cuntz
91098,Adrian,Rachel Ries
91099,Willow,Rachel Ries
91100,Holiest Day,Rachel Ries
91101,Ghost,Rachel Ries
91102,I See It Coming,Rachel Ries
91130,Foundation Of Pain Management,Chuck Bettis & Joe Merolla
91131,Mantis Monkey Crane,Chuck Bettis & Joe Merolla
91156,LOOK FOR THAT SILVER LINING/Jerome Kern,Jody Pou
91157,The Cave of Time,Monroeville Music Center
91158,The Perfect Planet,Monroeville Music Center
91159,The Race Forever,Monroeville Music Center
91160,Invaders From Within,Monroeville Music Center
91161,The Reality Machine,Monroeville Music Center
91162,Motocross Mania,Monroeville Music Center
91163,You Are A Monster,Monroeville Music Center
91164,Roller Star,Monroeville Music Center
91165,Bla bla bla,Mariana Päraway
91170,Horses,Mariana Päraway
91171,Chanson N°1,Mariana Päraway
91176,B. Back,Mariana Päraway
91177,Drops of brandy - The mountain kid,Aislinn
91178,Toss the feathers - Otter's holt,Aislinn
91179,Morrisson's jig - Leslie's march,Aislinn
91181,Moorlough shore,Aislinn
91182,Lunassa,Aislinn
91183,Lea rig - Dusty window,Aislinn
91184,Providence reel - Man of the house - Speed the plough,Aislinn
91185,Sliabh - Cathal,Aislinn
91186,Capclear,Aislinn
91187,Fourteen days,Aislinn
91205,Picture it all,Lorenzo's Music
91207,Start From Scratch,Loopez
91208,The Beach Box,Loopez
91209,Lost Tape #1,Loopez
91210,Just Baked,Loopez
91211,Como Voce Ve,Loopez
91212,Panorama,Loopez
91213,Sambunding,Loopez
91214,Las Cosas Simples,Loopez
91215,Lost Tape #2,Loopez
91216,Pan de Azucar,Loopez
91217,Wachimanes,Loopez
91218,El Reencuentro,Loopez
91221,[...],Rockoutfit
91222,2 wooden legs,Rockoutfit
91223,330 am,Rockoutfit
91224,blackout documented,Rockoutfit
91225,disclaimer,Rockoutfit
91226,vampires!,Rockoutfit
91227,will you carry my body?,Rockoutfit
91228,Softens The Blow,Lonely Faction
91235,Rise & Shine,Lonely Faction
91236,Les Amours Dures (Tough Love Blues),Lonely Faction
91237,Worried About You,Lonely Faction
91238,High Tide/Low Tide,Lonely Faction
91294,Love Cool,BADLUCK
91295,Ghetto Cries (Featuring Sleep Hollows),BADLUCK
91297,Love Cool (Luckstrumental),BADLUCK
91298,Ghetto Cries (Luckstrumental),BADLUCK
91300,NY Don't Sleep,BADLUCK
91301,Master Don (Master D RetroElectro Mixx),BADLUCK
91302,Master Don (TSP's Vigilante Mix),BADLUCK
91303,Master Don (RetroElectro Beats for the Freestyle),BADLUCK
91304,Master Don (Master D 88 RetroDubb),BADLUCK
91305,Master Don (Luckstrumental),BADLUCK
91306,NY Don't Sleep (Luckstrumental),BADLUCK
91308,Advice (Radio Edit),Mported Flows
91309,Advice (Instrumental),Mported Flows
91310,That's How It Goes (Radio Edit) (Featuring Tah Phrum Duh Bush and LOWdown),Mported Flows
91311,That's How It Goes (FunkDubb),Mported Flows
91312,Sensitive Information,Mported Flows
91314,Master Plan (Dark Days Remixx),Mported Flows
91315,Master Plan (Dark Days Instrumental),Mported Flows
91316,Master Plan (PMRC Edit),Mported Flows
91317,Master Plan (Show Disc Instrumental),Mported Flows
91318,Master Plan (Bonus Beat Break Dubb),Mported Flows
91319,Sad But True (Non-Album Track),Mported Flows
91321,Spun Out,Obits
91322,It's Sick,Obits
91323,Taste the Diff,Obits
91324,Pet Trust,Obits
91325,Malpractice,Obits
91326,This Girl's Opinion,Obits
91327,Refund,Obits
91328,I'm Closing In,Obits
91329,You Gotta Lose / Milk Cow Blues,Obits
91333,Under Flurry Ocean,FIGURATIVE THEATRE
91336,Drama,FIGURATIVE THEATRE
91337,Pressure,FIGURATIVE THEATRE
91339,TheAcceleration,FIGURATIVE THEATRE
91340,October 21,FIGURATIVE THEATRE
91341,History Final Code,FIGURATIVE THEATRE
91348,Shadow of Your Step,The Mantles
91349,Summer Read,The Mantles
91357,Srpski Rok,BRIGAND
91366,Tri Noci(feat. Jarboe),BRIGAND
91414,Station Wagon,Technicolor Teeth
91415,Milk & Melatonin,Technicolor Teeth
91416,Is It Warm Enough For You,Technicolor Teeth
91417,Chrystalline,Technicolor Teeth
91418,Drips,Technicolor Teeth
91419,Basement Stairs,Technicolor Teeth
91420,Blood Pool,Technicolor Teeth
91421,Vaporous,Technicolor Teeth
91434,Out Of Line,Bleeding Rainbow
91435,Pink Ruff,Bleeding Rainbow
91436,Time and Place,Bleeding Rainbow
91437,Start Again,Bleeding Rainbow
91439,Waking Dream,Bleeding Rainbow
91440,Tell Me,Bleeding Rainbow
91441,Images,Bleeding Rainbow
91442,You're Not Alone,Bleeding Rainbow
91443,Easy Sometimes,Cal Folger Day
91444,This Old Dance,Cal Folger Day
91447,Havin' a Boyfriend,Cal Folger Day
91448,"Sorry, Lonely",Cal Folger Day
91455,FORWARD,Free Pizza
91456,WHY,Free Pizza
91457,PORTY,Free Pizza
91458,DUCKS,Free Pizza
91459,COME CLOSE TO ME,Free Pizza
91468,By Design,Mystery Pills
91469,Mayfield Station,Mystery Pills
91470,Valetudinarian,Mystery Pills
91471,Olympic Gardens,Mystery Pills
91537,Prologue,Candlegravity
91538,Everything I Do,Candlegravity
91543,My Teenage Secrets,Candlegravity
91544,Spend la noche,Selma Oxor
91549,Enamorada,Selma Oxor
91555,Stoner Bitch RMX (by Mou),Selma Oxor
91556,Numbers Stations 1 and 2,Michael Woody
91562,GLEICHTAKT,Tom Woxom
91563,YOU ARE RIGHT!,Tom Woxom
91564,CLUB GESPENSTER,LOW BIT REVOLTE & TOM WOXOM
91565,YVBR,Tom Woxom
91566,ARKADASCH,Tom Woxom
91567,MASCHINE,Tom Woxom
91568,COMPUTER CONTROL,Tom Woxom
91569,PLOQ,Tom Woxom
91570,EP+,Tom Woxom
91571,LICHT,Tom Woxom
91572,NORTH,Tom Woxom
91585,Let's Talk Under The Covers,Candlegravity
91586,Take Me With You,Candlegravity
91587,The Little Radio That Loved Me,Candlegravity
91589,You Are Not Alone,Candlegravity
91591,Dolphin,Candlegravity
91592,Always,Candlegravity
91593,By Your Side,Candlegravity
91619,A ninja among culturachippers,Rolemusic
91620,ayVentura,Rolemusic
91621,Another beek beep beer please,Rolemusic
91622,Scape from the city,Rolemusic
91623,Death on the battlefield,Rolemusic
91624,Donsi Killed la rioja star (Familiar live),Rolemusic
91625,l3go,Rolemusic
91708,Gone,Angstbreaker
91709,We Must Share,Angstbreaker
91710,Jövő,Angstbreaker
91711,Stay Hungry,Angstbreaker
91712,Don't Come Around,Angstbreaker
91742,Another Day in Another World,Chromix
91743,Snowbalm,Chromix
91744,Cirque Berzerk,Chromix
91745,Roll Trick,Chromix
91746,Your Love is Like a Hadouken to the Face,Chromix
91747,Heart Container (IAYD Remix),Chromix
91748,Basement to Basement,Chromix
91749,Your Weapons Are Useless Against Me,Chromix
91750,I Really Need to Get Out More,Chromix
91751,Goodness Knows,Chromix
91752,"Haseem, Where Are You Taking Us?",Chromix
91753,V-Hold,Chromix
91754,Locust Manor,Chromix & Kris Keyser
91755,Action Potential,Kris Keyser
91758,Dummy,intouch
91788,Holly And The Ivy,Three Jolly Rogues
91789,Music Alone Shall Live,Three Jolly Rogues
91790,The Fish in the Sea,Three Jolly Rogues
91791,Good Old Colony Days,Three Jolly Rogues
91793,Little Birdie,Three Jolly Rogues
91794,Ally Ally Oh,Three Jolly Rogues
91795,Nonesuch,Three Jolly Rogues
91796,Greenland Whale Fisheries,Three Jolly Rogues
91797,In Some Ladys Garden,Three Jolly Rogues
91840,Why,Archétypo 120
91841,New Sun,Archétypo 120
91842,Dance,Archétypo 120
91843,Heartache and Death,Archétypo 120
91844,Now,Archétypo 120
91845,Drifting,Archétypo 120
91846,Nothing to Lose,Archétypo 120
91847,Seduction,Archétypo 120
91848,Too Much,Archétypo 120
91849,Fade Away,Archétypo 120
91850,Angel's Fall,Archétypo 120
91851,Angel's Fall (Instrumental),Archétypo 120
91852,Behind The Facade,Ant The Symbol
91853,Temporarilyours,Ant The Symbol
91854,I'm Not Them,Ant The Symbol
91855,Don't Believe Them,Ant The Symbol
91856,The Liberator,Ant The Symbol
91857,Mumble,Ant The Symbol
91858,El Mounstro Del Cereal,Los Margaritos
91860,Sobredosis De Chocolate,Los Margaritos
91861,Comidi Contamini,Los Margaritos
91863,Los Engendros,Los Margaritos
91864,Mordida De Leon,Los Margaritos
91865,El Rock Del Vomito,Los Margaritos
91866,El Mounstro De Las Aguas Negras,Los Margaritos
91867,Ando Popeado (Mama me limpias??),Los Margaritos
91868,Rock De La Basura,Los Margaritos
91869,Gato de basurero,Los Margaritos
91877,Minä Uneksin Sinusta,Marlaja Virta
91878,Minä Uneksin Sinusta (intohimo) remix by ono,Marlaja Virta
91886,0..00,Distant 294
91887,cuso4,Distant 294
91888,smoke,Distant 294
91889,agrav,Distant 294
91890,event,Distant 294
91892,not p,Distant 294
91894,Toy Guitar 1,Lezet
91895,Toy Guitar 2,Lezet
91896,Toy Guitar 3,Lezet
91897,Toy Guitar 4,Lezet
91898,Toy Guitar 5,Lezet
91899,Toy Guitar 6 (Exotica),Lezet
91900,Toy Guitar 7 (vox),Lezet
91914,Sweet Talk,Cosmonauts
91918,Shaker,Cosmonauts
91933,Noise Of Welcome,Zachary Cale
91934,Hold Fast,Zachary Cale
91935,Wayward Son,Zachary Cale
91936,Morning Glory Kid,Zachary Cale
91937,Love In Vain,Zachary Cale
91938,Blood Rushes On,Zachary Cale
91940,Intro,Dirty Beaches
91941,Night Walk,Dirty Beaches
91942,Aurevoir Mon Visage,Dirty Beaches
91943,Canyon,Dirty Beaches
91944,I Dream In Neon,Dirty Beaches
91945,Elli / Love Is The Devil,Dirty Beaches
91958,Catch The Knife,Graeme Mark
91960,Feel No Stress,Čaj na Ex
91965,Heart,CKZ
91966,Race Lieu,CKZ
91967,Mirror Holds,CKZ
91968,Tenney,CKZ
91969,Mellow Scabies,CKZ
91982,Departures,Cellar Dweller
91983,Your Cracked Lips,Cellar Dweller
91984,Ice,Cellar Dweller
91987,Border Master,Cellar Dweller
91998,The Firs,Cellar Dweller
92008,Epiq,Multifaros
92009,Laser Party,Multifaros
92010,Number 3,Multifaros
92011,Mysterious Mate,Multifaros
92124,#800080,The Craters
92125,In It For You,The Craters
92129,Go For It,The Craters
92130,Velcro,The Craters
92131,Out,The Craters
92206,Zlevnené zboží,Čaj na Ex
92274,Of Water and Ice (feat. Jin-Xiang JX Yu),DJ Spooky
92275,Antarctic Rhythms (Invincible Hip Hop Mix),DJ Spooky
92276,Somnium,DJ Spooky
92277,Dark Skies,DJ Spooky
92278,Adagio in Blue,DJ Spooky
92279,The Secret Doctrine,DJ Spooky
92280,Nocturne,DJ Spooky
92281,Check Your Math,DJ Spooky
92282,Arctic Rhythms (Dubstep Mix),DJ Spooky
92283,Antarctic Dawn (Bonus Track),DJ Spooky
92284,Of Water and Ice feat. Jin-Xiang JX Yu (Dubstep Remix - Bonus Track),DJ Spooky
92292,Contentment,Graeme Mark
92366,Horror House,Out Of Orion (Ox3)
92367,Pitch Black,Out Of Orion (Ox3)
92368,No Ghosts,Out Of Orion (Ox3)
92369,Haunted Sisters,Out Of Orion (Ox3)
92370,Vampiress,Out Of Orion (Ox3)
92371,Ghost In The Woods,Out Of Orion (Ox3)
92372,Eleanor,Out Of Orion (Ox3)
92373,All Hallows Eve,Out Of Orion (Ox3)
92374,Haunted Sisters Remix,Out Of Orion (Ox3)
92429,Open Box,Krowne
92430,The Prowler,Krowne
92431,Open Box (Gary The Apprentice Remix),Krowne
92432,The Prowler (Gary The Apprentice Remix),Krowne
92462,Youth Worship,Decktonic
92463,Future Music (radionarcotix Remix),Decktonic
92464,This Love Is Faux Real,Decktonic
92465,Audio Engineering (with radionarcotix),Decktonic
92466,This Modem Life,Decktonic
92476,Uspávacá bolest,The Wilderness
92493,Peaceful Pastures,CCR Headcleaner
92498,Doo Wop,CCR Headcleaner
92499,Canadian Trash,Spray Paint
92502,Pink Pus,Spray Paint
92504,Drive By Feeling,Spray Paint
92508,Spock Fingers,Spray Paint
92510,Day Sniffer,Spray Paint
92514,Ponte Vedra/Black Waves,The Party Faithful
92516,The Hard Way,The Party Faithful
92517,Golden State,The Party Faithful
92518,Memory Hill,The Party Faithful
92519,Childish Notion,The Party Faithful
92520,Either Way,The Party Faithful
92521,This Is Love,The Party Faithful
92535,Falcon Song,Andrea Tomasi
92536,West Virginia,Andrea Tomasi
92537,The Relinquishing,Andrea Tomasi
92538,Flock of Arrows,Andrea Tomasi
92539,Honey Bee,Andrea Tomasi
92540,Capture Me,Andrea Tomasi
92546,Electronaut,Aerologic
92547,Stargazing,Phish Funk
92548,Memories,Psychadelik Pedestrian
92549,I'm Chilled (Beat Doctor remix),Risey
92550,So Sublime (Dave Kent remix),Redmann
92551,Twenty Ten,Marc Burt
92552,Voyage To Pluto (Dreamworld remix),Prism
92554,Black Magic,JMD
92555,Your Smile (Beat Doctor remix),Prism
92556,Outer Self,Psychadelik Pedestrian
92557,On Target (remix),JMD
92558,Plastic Explosive (Aerologic remix),Redmann
92561,Twisted Orchestra,Beat Doctor
92562,You Make Me (Beat Doctor remix),Redmann
92564,Baby Crying,Fioko
92565,Birdie,Reier
92566,Design expectations,Reier
92567,Grot,Reier
92568,Life in a hole,Reier
92570,Keyhole,Reier
92571,Simultaneously,Reier
92572,Take the vertical position,Reier
92573,Сarnivore,Reier
92574,We'll meet again,Reier
92714,LOLLIPOP,Designer
92715,TRY IT OUT,Designer
92854,Here's My First Number,Modersohn-Becker
92867,Vendetta Kind Of Mood,American Ice Age
92868,King Of Queens,American Ice Age
92869,Wolves,American Ice Age
92871,Crooked Numbers,American Ice Age
92872,Fear in the Dust Bowl,The Fucked Up Beat
92873,Caravan for the Departed,The Fucked Up Beat
92874,Phonograph Recordings Sleepy City,The Fucked Up Beat
92875,A Small Storm in El Dorado,The Fucked Up Beat
92876,Voix du Passé,The Fucked Up Beat
92877,"The Drylands, Where We Never Grow Old",The Fucked Up Beat
92878,A Sad Song for Junction City Fields,The Fucked Up Beat
92879,Abilene Weather Chant,The Fucked Up Beat
92880,Tell Mother I'll Be Home,The Fucked Up Beat
92881,Jesus Gonna Bring Me Rain,The Fucked Up Beat
92882,14 April 1935,The Fucked Up Beat
92883,Post Yield Trama,The Fucked Up Beat
92884,Refugees of the Drought,The Fucked Up Beat
92885,Cloud Poems,The Fucked Up Beat
92886,Bleach Bypass Landscape,The Fucked Up Beat
92887,God speed the Plow,The Fucked Up Beat
92888,Sings the Destitute Children of Great Bend,The Fucked Up Beat
92889,Hope in Monoculture,The Fucked Up Beat
92947,Intro,Muhmood
92948,Ghost,Muhmood
92949,Chase,Muhmood
92950,Dream,Muhmood
92951,Night,Muhmood
92952,In The House,Muhmood
92953,Organ Etude,Muhmood
92954,Studio,Muhmood
92955,Finale,Muhmood
93015,Bad Behavior,Pony Time
93016,Geordie,Pony Time
93017,Lesbian Mayor,Pony Time
93022,Introvert/Extrovert,Pony Time
93023,Gary Numan,Pony Time
93024,Lori & Judy,Pony Time
93025,What If You Caught Fire,Pony Time
93026,Joke,Chastity Belt
93027,Seattle Party,Chastity Belt
93028,Lydia,Chastity Belt
93029,Drone,Chastity Belt
93030,Black Sail,Chastity Belt
93031,Why Try,Chastity Belt
93032,Full,Chastity Belt
93033,Cadaver,Chastity Belt
93049,What's Your Name,Metalleg
93052,Push It,Metalleg
93053,Bleed A Lot,Metalleg
93054,Too Bad,Metalleg
93055,Physical Therapy,Metalleg
93056,Model,Metalleg
93057,Back And Forth,Metalleg
93058,Hit Of The Week,Metalleg
93059,She's A Car/Leather and Velvet,Metalleg
93060,Can't Stand Life,The Blind Shake
93062,Unnamed Surf Jam,The Blind Shake
93063,Fly Right,The Blind Shake
93064,Young Carnival Waste,The Blind Shake
93074,Spirit First,Levi Weaver
93075,Song In My Branches,Levi Weaver
93076,We're Tornadoes When We Dance,Levi Weaver
93077,Edgeøya,"Daniele Pasini, Raffaele Pilia"
93081,Nordic Tales,"Daniele Pasini, Raffaele Pilia"
93085,Finally Punk Live at OCCII 24/06/2009,Finally Punk
93086,Finally Punk Live at OCCII 24/06/2009,Finally Punk
93089,Botched Venus,Moon Veil
93360,Alinai,Jupiter Makes Me Scream
93361,Picture,Jupiter Makes Me Scream
93362,Routine,Jupiter Makes Me Scream
93363,Sunshine Radio,Jupiter Makes Me Scream
93364,This Girl,Jupiter Makes Me Scream
93376,Time,Inside the Mind
93391,Feelings,Inside the Mind
93392,I Wanna,Inside the Mind
93394,I Wait Tomorrow,Inside the Mind
93395,Fireworks Inside Your Heart,Inside the Mind
93396,Goodbye Friend,Inside the Mind
93397,Live And Die,Inside the Mind
93398,My Baby Over By Me,Second Band
93425,Unleash the Hell,Creeping Dose
93430,Destroyer,Creeping Dose
93431,Nightmare,Creeping Dose
93432,Sucking Leach,Creeping Dose
93433,Bored and Dead,Creeping Dose
93436,Opium,Camden Joy
93437,Don't Hafta,Camden Joy
93439,Killing Shoes,Camden Joy
93440,Ashes and Beer,Camden Joy
93442,Oswald's Fight Song,Camden Joy
93443,Un Rascacielo,Camden Joy
93518,Mantilla,Moon Veil
93519,Scorpio,Moon Veil
93520,Slow Moving,Moon Veil
93521,Ivory,Moon Veil
93522,Snake Charm,Moon Veil
93523,Up There,Moon Veil
93565,Salt Air,The Juggs
93568,Divide,Trash Ride
93569,Runnin' Around,Trash Ride
93573,I Hate The Way You Look At Me,Trash Ride
93582,Intro/Anniversary,Trash Ride
93583,Gone,Trash Ride
93584,Next Life,Trash Ride
93587,Mother Nature,Far-Out Fangtooth
93590,Green Hands,Far-Out Fangtooth
93591,Nazi Gold/ Golden Opportunity,Night Birds
93599,Midnight Movies/Bad Biology,Night Birds
93603,Black Paste,VAZ
93604,Visiting House,VAZ
93612,Mutator,VAZ
93613,Hyperslog,VAZ
93704,Don't Love You,The Chapin Sisters
93710,Palm Tree,The Chapin Sisters
93712,Bird Song,The Chapin Sisters
93716,Let Me Go,The Chapin Sisters
93721,endless #01,etc.
93722,endless #02,etc.
93723,endless #03,etc.
93725,endless #04,etc.
93727,endless #05,etc.
93858,Mexicarnival,Vitamin Pets
93860,Slag Girl,Vitamin Pets
93861,Popeye's Adventure,Vitamin Pets
93862,Nippon Budokan,Vitamin Pets
93863,Danny's Midway,Vitamin Pets
93867,Peanut Butter Jesus,Vitamin Pets
93868,Christmas Song,Vitamin Pets
93915,Downtown Serenade,Jahzzar
93917,Flood,Jahzzar
93918,Keep Calm,Jahzzar
93919,Runaway,Jahzzar
93920,The Lake,Jahzzar
93921,Wet Socks,Jahzzar
93930,August,kesson shoujo
93931,February,kesson shoujo
93932,March,kesson shoujo
93933,April,kesson shoujo
93934,May,kesson shoujo
93935,July,kesson shoujo
93936,January,kesson shoujo
93937,June,kesson shoujo
93938,September,kesson shoujo
93939,November,kesson shoujo
93940,December,kesson shoujo
93941,October,kesson shoujo
93942,Weekends Away,Ready for Men
93943,One Way Love,Ready for Men
93944,Waiting Until Then,Ready for Men
93950,Chuck Norris,Lemur
93951,Tsugumi,Lemur
93952,Iceberg,Lemur
93953,Razor Lung,Lemur
93954,Kataphora,Lemur
93955,The Dust Song,Lemur
93956,Flea Circus,Lemur
93957,Spikes and Nails,Lemur
93958,Cell's Cleavage,Lemur
93959,Tarrafal,Lemur
93960,Escape From Alamut,Lemur
93961,1755,Lemur
93962,(The) Dust Song,Lemur
93963,1755 I+II,Lemur
93981,Košielka,Abraka Dub
93983,Hallway,Bugs and Rats
93985,Hot Skins,Bugs and Rats
93986,Irish Clouds,Bugs and Rats
93988,Can't Sleep,Bugs and Rats
93992,Summertime,Bugs and Rats
94024,Rock n Roll Babylon,Obnox
94025,I Wanna Fuck You Like A Puma,Obnox
94026,Without A Soul,Obnox
94031,Everybody's Fault But Your Own,Obnox
94033,Life Of Butterflies,Coldnoise
94034,Corruptionfields,Coldnoise
94035,Glassheart,Coldnoise
94036,Tale For Mind,Coldnoise
94037,Memories,Coldnoise
94038,Poems,Coldnoise
94039,Your Wonderland,Coldnoise
94065,Twisted Head,intouch
94093,prologue: in recollection and amazement,Westy Reflector
94094,grey sky undertow,Westy Reflector
94095,riding waves [disquiet0066],Westy Reflector
94096,one city,Westy Reflector
94097,02:50 night sky dead letter office [disquiet0065],Westy Reflector
94098,ursula,Westy Reflector
94099,fire in the arcade (the reflectors),Westy Reflector
94100,soma,Westy Reflector
94101,dreamy solace of rivers and bridges [disquiet0088],Westy Reflector
94102,man again,Westy Reflector
94194,Roborottami,A3ek
94195,Childhood,A3ek
94196,Kubu,A3ek
94197,Nepalese Wind,A3ek
94198,Galleggiare Sui Sogni,A3ek
94237,Les cours du suave (Madou Mix),ICE FLEX
94256,First Breach,Pandacetamol
94257,Second Breach,Pandacetamol
94258,Fluid Rush,Pandacetamol
94259,Iris Dub Eyes,Pandacetamol
94260,Sunlight Clicked,Pandacetamol
94261,Brighter by Nature,Pandacetamol
94262,Kittys got a brand new Furball,Pandacetamol
94263,Third Breach,Pandacetamol
94264,Rubberneck Symphony,Pandacetamol
94265,Fact Form,Pandacetamol
94286,DIKTAT,Velvet Narcosis
94337,Right And Useless,Railkid Station
94338,Rumble,Railkid Station
94339,I Suppose It Won't Be Trouble,Railkid Station
94340,Miss Great,Railkid Station
94341,You Just Can't Go Away,Railkid Station
94342,Fridge,Railkid Station
94346,We're Tryin' But Keep Failin',Railkid Station
94347,Rarity,Railkid Station
94348,Don't Do It,Railkid Station
94408,Tomoshibi,Kakurenbo
94409,Yukiai,Kakurenbo
94410,Arashi,Kakurenbo
94411,Ichill,Kakurenbo
94412,Utsuroi,Kakurenbo
94413,Tomadoi,Kakurenbo
94414,Kogarashi,Kakurenbo
94415,Somatou,Kakurenbo
94417,Monkey Fluster,Globular
94418,Mexico,Jimmy Pé
94419,An Anthem For The Dying West,That Awful Rhythm
94420,Open Up Your Eyes,Still Pluto
94422,Shootin Blanks,Mr. & Mrs. Smith
94423,Asterisk,Bored With Four
94425,La Couleur,Auditive Escape
94426,Dreams Of Summer,The Bins & Nardo
94427,Look Easy,Humpasaur Jones
94449,Chapelle Intro,Tha Silent Partner
94450,Freeky Deek,Tha Silent Partner
94451,Every Nigga Is A WHAT?,Tha Silent Partner
94452,Funk Bros,Tha Silent Partner
94453,My Time (Hello ),Tha Silent Partner
94454,Mean People Suxk,Tha Silent Partner
94455,Long Dickin',Tha Silent Partner
94456,My Mind Wanders (Interlude),Tha Silent Partner
94458,Good Times (Featuring CM),Tha Silent Partner
94460,Silent Meth,Tha Silent Partner
94461,Pray 4 Love (Interlude),Tha Silent Partner
94462,Night Shift (Featuring Revalation),Tha Silent Partner
94463,Loud Life (Featuring Syce Lee),Tha Silent Partner
94464,TSP THEME Part 2 (I Lost Part 1),Tha Silent Partner
94465,TSP And The Moon,Tha Silent Partner
94466,And Soon It Will Snow...,Tha Silent Partner
94467,"Meant 4 Me, Meant 4 U (music, I love you) (Outro)",Tha Silent Partner
94468,Green Bags (Featuring Mayhem) (Bonus Track),Tha Silent Partner
94628,Avant le départ : Buka dikit jos,Mike Morton
94629,Budget : Tips,Mike Morton
94630,Cuisine,Mike Morton
94631,Environnement : Jungle sound,Mike Morton
94632,"Fêtes, rites et cérémonies : Ramadan Party",Mike Morton
94633,Hébergement : Sleeping on my sun,Mike Morton
94634,Langue : Bahasa Indonesia,Mike Morton
94635,Santé : Buto,Mike Morton
94638,"Tv, médias : Indosat TV",Mike Morton
94726,Intro,Butterbox
94727,Em Trânsito,Butterbox
94728,Swimming (Bloody) Pool rmx,Butterbox
94729,corpopticauditivamente,Butterbox
94730,Everybody Move,Butterbox
94731,H=A,Butterbox
94771,intro,+
94775,outro,+
94790,aaf,Goto80
94791,alias,Goto80
94794,datagroove(ioeb monk),Goto80
94795,datagroove,Goto80
94796,deluxe ecs,Goto80
94797,fonky spenat,Goto80
94798,get down da fonk me,Goto80
94799,influensa,Goto80
94801,ren onsdags-skit,Goto80
94803,this machine thinks,Goto80
94857,Terve Teille!,Чокнутый Пропеллер
95169,Juno Love Faction,Dr Nol
95170,Space Travel In The 1960s,Dr Nol
95171,Clairial,Dr Nol
95172,Juice,Dr Nol
95173,60 Plus 606 Equals Love,Dr Nol
95174,proplus,Dr Nol
95175,Juice [penguin mix],Dr Nol
95176,Juice [Bitwise Operator remix],Dr Nol
95177,Juice [Nonimx],Dr Nol
95178,Smile,Rat Faced Boy
95180,Honey Bee,Rat Faced Boy
95183,Soleil,Semyon
95189,Western Fixings,Semyon
95193,Smitten,Semyon
95194,Tragic,Semyon
95195,straight up-no messing,Madek
95197,...all the time,Madek
95198,water trip,Madek
95199,rise and sleep,Madek
95200,chasing trains,Madek
95211,01 spapsle,Rumbus Merrylegs
95212,02 ooop,Rumbus Merrylegs
95213,03 guitarrush,Rumbus Merrylegs
95214,04 guitarig,Rumbus Merrylegs
95215,05 rodesdom,Rumbus Merrylegs
95216,06 samecool,Rumbus Merrylegs
95217,07 newcool,Rumbus Merrylegs
95218,08 thisreallycool,Rumbus Merrylegs
95219,09 quincy in 84,Rumbus Merrylegs
95220,10 lexars,Rumbus Merrylegs
95221,11 savage,Rumbus Merrylegs
95222,12 finalchance,Rumbus Merrylegs
95223,13 justback,Rumbus Merrylegs
95224,14 ghostly phantom,Rumbus Merrylegs
95225,welfare-rations,Violins is not the answer
95226,just a boy,Violins is not the answer
95227,dickheads picnic,Violins is not the answer
95228,in the end,Violins is not the answer
95229,class ayes,Violins is not the answer
95230,making space,Violins is not the answer
95231,vampire on the dole,Violins is not the answer
95232,sick,Violins is not the answer
95233,"Teach Them To Drive Tanks, Bob.",Chris Moss Acid
95234,Kpatkoct N Pomadka,Chris Moss Acid
95235,Dystopian Sunrise,Chris Moss Acid
95236,KONG,Chris Moss Acid
95237,Bolocato,Chris Moss Acid
95244,Hanging On,Valley Lodge
95245,Restless Heart,Valley Lodge
95246,All My Loving,Valley Lodge
95247,When The Rain Comes,Valley Lodge
95248,Go,Valley Lodge
95249,Kiss Me I'm Drunk,Valley Lodge
95250,Sweet Elizabeth,Valley Lodge
95251,Every Little Thing,Valley Lodge
95308,Turn Up My Light,Mário Gajarský
95309,Great Music Day,Mário Gajarský
95310,The Last of The Last,Mário Gajarský
95360,rocks and stars,Ventolyn & Becotyde
95373,Never listen to this evil beat again [skit],Bitwise Operator
95380,The Fast And Fastidious,Bitwise Operator
95381,Metallic Lotus,Bitwise Operator
95382,Evil Beat (Again!),Bitwise Operator
95407,raymondscott,junior85
95408,opendoor,junior85
95409,(hometown),junior85
95411,unused doors - go!,junior85
95412,unanswered,junior85
95452,the first cup is the weakest,Deviant & Naive Ted
95475,Bike,Ventolyn & Becotyde
95486,Pop Music,Ventolyn & Becotyde
95506,Shake Some Action,Flamin' Groovies
95507,You Tore Me Down,Flamin' Groovies
95508,Tell Me Again,Flamin' Groovies
95512,I Wanna Die,Sex Tide
95517,Punk Confusion,The Audacity
95523,Indian Chief,The Audacity
95526,the 12th step,Westy Reflector
95535,i must have love,Westy Reflector
95547,St. Thomas Street,A Kombi
95548,The Pope And I,A Kombi
95549,Moonlight Serenade Part 1,A Kombi
95551,Music To Drive-By,A Kombi
95553,Moonlight Serenade Part 3,A Kombi
95558,Double Happiness,Peeled Hearts Paste
95563,Tin Lids Tragedy Results In Nothing,Justice yeldham and the dynamic ribbon device
95564,Funky Love Blast Vs. Funky Anal Humour,Justice yeldham and the dynamic ribbon device
95571,Envy,dj smallcock
95628,Geometric Dreams,Asthmatic Astronaut
95629,For A Change,Asthmatic Astronaut
95630,Drifting In The Void,Asthmatic Astronaut
95672,Jelly,Mascara Sue
95673,Six O'clock,Mascara Sue
95675,Chelly Wars,Mascara Sue
95676,Love Me,Mascara Sue
95678,Switch,Mascara Sue
95679,Blue On Blue,Mascara Sue
95722,"Adventure, Darling",Gillicuddy
95724,Instrumental #2 Revisited,Gillicuddy
95725,Multitudes,Gillicuddy
95726,Ferns And Cork,Gillicuddy
95727,Porthglaze Cove,Gillicuddy
95733,Cosmic Drunken Dancer (Remix '98),Mascara Sue
95735,S (Bonus Track),Mascara Sue
95752,Stupid Acorn,Volvox
95753,Fear The Television,Volvox
95761,The Large Soft Pink Jelly Fish,Volvox
95799,Alien Biscuit,Volvox
95800,Victim Of The Whim Of The Wind,Volvox
95868,Rocket to DNA (Smallcock remix 1),dj smallcock
95908,pyogenic ulcer,Suicidal Rap Orgy
95909,bullets up ya c**t,Suicidal Rap Orgy
95910,Murder Rap,Suicidal Rap Orgy
95911,blood clot lunch,Suicidal Rap Orgy
95912,blood fart,Suicidal Rap Orgy
95914,Genital Warfare,Suicidal Rap Orgy
95915,The Penis Lord,Suicidal Rap Orgy
96094,Kairos Call To Angels,Wurlitztraction
96096,Ghost Train Dust Fight,Wurlitztraction
96098,Talk Riddles Listen In Dreams,Wurlitztraction
96099,Wrapped In Caustic,Wurlitztraction
96100,The Manitoba Sprat Cat,Wurlitztraction
96101,If You Could Leave Your Body For One Night Where Would You Go ?,Wurlitztraction
96102,The Space Between Fiction,Wurlitztraction
96103,00:26,Wurlitztraction
96104,Oceans And Cities Apart,Wurlitztraction
96105,Destroy I,Dawn Of Humans
96108,Blurst Of The Cope Coppers,Dawn Of Humans
96109,Angle Sclope,Dawn Of Humans
96110,Jazzmonster/The Dug Hole,Dawn Of Humans
96111,Tort.Plode.Blurst,Dawn Of Humans
96143,Pumpin' with Big Rock,Liquor Store
96146,Vodka Beach,Liquor Store
96166,Dancing Song,Sound: The Encounter
96167,Sound: The Encounter,Sound: The Encounter
96168,Song From South Of Iran,Sound: The Encounter
96169,Mina,Sound: The Encounter
96278,Armchair Anthropologist,Kirk Pearson
96284,Jules Verne,Kirk Pearson
96287,Monocot Down,Kirk Pearson
96292,The Warmth of the Dial Tone,Kirk Pearson
96294,Pollinate,Kirk Pearson
96297,Flatland,Kirk Pearson
96298,Yosemite Sam and the Mechanical Man,Kirk Pearson
96399,Sound of Rock&Roll,Insane Ride
96400,Save Your Tears,Insane Ride
96401,Soul Mates,Insane Ride
96402,Hey !,Insane Ride
96403,Wrong or Right,Insane Ride
96408,Fucking Desire,Mário Gajarský
96559,Me and Santa,Bugs and Rats
96560,In the Christmas Time,Bugs and Rats
96627,Mais Que Dirait Eric Rohmer ?,Damien Schultz
96631,Come See The Freaks,Hag Face
96633,Teenage Monster,Hag Face
96634,Worst Nightmare,Hag Face
96635,Fat Wife,Hag Face
96636,"Tester - [-,minus]",e[c]lect[r]ic
96637,"Complex Dream - [+,plus]",e[c]lect[r]ic
96640,"Wake - [#,divide]",e[c]lect[r]ic
96641,"Sometimes Hard Times - [X,multply]",e[c]lect[r]ic
96652,Night Shift (Featuring Revalation),Tha Silent Partner
96654,Night Shift (TSPmental),Tha Silent Partner
96656,Good Times (Featuring CM),Tha Silent Partner
96657,Green Bags (Instrumental),Tha Silent Partner
96658,Good Times (Featuring CM) (Accapella),Tha Silent Partner
96659,Unattainable Intro - Mass Effect (We Got Now),Deadly Combo
96660,Back To Break Bread,Deadly Combo
96661,Crystal Clear,Deadly Combo
96662,Can't Stop (Featuring Saltine & J-Phillz),Deadly Combo
96663,Basement Music,Deadly Combo
96665,Like Dis,Deadly Combo
96669,Believe Me,Deadly Combo
96673,So Wat Cha Saying (Featuring J-Phillz),Deadly Combo
96674,Up To You (3 Da Hard Way) (Featuring Cable),Deadly Combo
96675,Can I Get A Clap,Deadly Combo
96676,C'Mon (Featuring E FeungShui),Deadly Combo
96677,Everything (Beautifully Ugly Life),Deadly Combo
96678,"Once Again (Featuring E FeungShui, J-Phillz, Javier Starks, Golden Child, Dave C & Cable)",Deadly Combo
96692,Postman,Melissa Laveaux
96693,Move On,Melissa Laveaux
96694,Triggers,Melissa Laveaux
96695,Cart Sans Horse,Melissa Laveaux
96696,My Boat,Melissa Laveaux
96697,Pie Bwa,Melissa Laveaux
96698,Pretty Girls,Melissa Laveaux
96699,Swan Neck,Melissa Laveaux
96709,The Golden Toad,Evil Sword
96710,Dead,Evil Sword
96711,More Witches,Evil Sword
96712,Good Sword,Evil Sword
96713,Always Hungry,Evil Sword
96714,Half Dead,Evil Sword
96715,Lost,Evil Sword
96716,Dance All Night,Evil Sword
96717,Digging A Hole,Evil Sword
96718,Goblin King,Evil Sword
96721,Common Crow,Pure Horsehair
96722,Light as a Feather,Pure Horsehair
96723,Slack,Pure Horsehair
96724,Mangoes,Pure Horsehair
96725,Waxwing,Pure Horsehair
96726,Shoot Me,Allysen Callery
96727,Gentle Is The Angel That Blows The Candle Out,Allysen Callery
96728,All In The Morning Coming Down,Allysen Callery
96729,I Had A Lover I Thought Was My Own,Allysen Callery
96730,Lily Of The Valley,Allysen Callery
96731,In Your Hollow,Allysen Callery
96738,Mori Dobro Vecher,Black Sea Hotel
96742,Sadila Jana,Black Sea Hotel
96743,Zhenish Me Mamo,Black Sea Hotel
96744,These Times With You,Fred and Toody
96745,Down The Road,Fred and Toody
96750,Let It Rain,Fred and Toody
96751,I Was Free,Fred and Toody
96752,Lost,Fred and Toody
96753,I Want You,Fred and Toody
96754,Johnny's Got A Gun,Fred and Toody
96756,It's Still You/Running Out Of Time,Fred and Toody
96757,Last Train,Fred and Toody
96758,I'll Take That Applause,Protomartyr
96759,Maidenhead,Protomartyr
96760,Machinist Man,Protomartyr
96766,Pagans,Protomartyr
96767,Come & See,Protomartyr
96769,Tarpeian Rock,Protomartyr
96898,Minfuck,Sudden Infant
96900,Catharsis,Sudden Infant
96901,Dream Hole,Sudden Infant
96902,22 Scenes From The Sink,Sudden Infant
96928,SCUMFUCK,Violins is not the answer
96929,whatsheSAID,Violins is not the answer
96930,DROP,Violins is not the answer
96931,custardcreamPIE,Violins is not the answer
96932,Fall,Violins is not the answer
96933,OfficeCasual,Violins is not the answer
96934,otherdays,Violins is not the answer
96935,MOSHERTALK,Violins is not the answer
96936,1550 696969,Violins is not the answer
96944,27 (Full Version),The Cosmic Setter
96945,Some Day / New Year Song (Bonus Track Home Edit),The Cosmic Setter ft. Make Like A Tree
96946,27 (Radio Edit Version),The Cosmic Setter
96971,Sometimes We Cannot Sleep,The Chronic Sleepers
96980,Porcelain Eyes,The Chronic Sleepers
96987,I Gotta Question,The Chronic Sleepers
97037,Stronger Living Feat Wordsmith,CuzOH! Black Feat. Wordsmith
97041,The Dark Arts,John Graham
97043,Make Me Worse,KINGS OF THE CITY
97053,Returning to the Surface,Paul Fletcher
97166,m1,c4
97167,m2,c4
97204,Enter My Guts / Frogmen / Eat the Hand That Feeds You,Vomit Fist
97205,Ass Hammer,Vomit Fist
97206,A Public Execution,Vomit Fist
97210,No Rest,The Wingdale Community Singers
97211,Blue Daisy,The Wingdale Community Singers
97212,The Cool Side of the Pillow,The Wingdale Community Singers
97213,I Once Was A Young Man,The Wingdale Community Singers
97214,"Night, Sleep, Death and The Stars",The Wingdale Community Singers
97215,Passing Stranger,The Wingdale Community Singers
97216,When I Heard The Learn'd Astronomer,The Wingdale Community Singers
97230,I Can't Kill It,Inside the Mind
97231,Do Not Talk Shit,Inside the Mind
97232,Girl,The Zombiecops
97279,The Stars Are Out (Interlude),Dexter Britain
97283,The Stars Are Out,Dexter Britain
97285,Shooting Star,Dexter Britain
97286,We Wanna Rock,Чокнутый Пропеллер
97288,Снова в деле,25 КУСТОВ
97291,Я позабыл,25 КУСТОВ
97292,Всё это не зря,25 КУСТОВ
97294,Река,25 КУСТОВ
97309,Tis' Life,Cullah
97324,Compressed Doodeedoo,Cullah
97334,Trance of the Tar Tar,Cullah
97372,EuroAwesome,Cullah
97373,Extra Chromosome Mozart,Cullah
97374,Pacific Jazz,Cullah
97376,Work of Genius,Cullah
97384,Global Communication,Frame
97385,Around The Entrance,Frame
97386,Looking For A Way,Frame
97387,Tribes,Frame
97388,Rocky Moon,Frame
97389,Tunnel,Frame
97390,Random Features,Frame
97391,New Beat Transmission,Frame
97392,Electric Black Brother,Frame
97393,Fantasy,Frame
97394,Extreme Anatomy,Frame
97395,Magnetic Boomerang,Frame
97396,Spiral Beams,Frame
97397,Dark Drone On The Wind,Frame
97398,Unreal Passage To The...,Frame
97399,Death Inside The Walls,Frame
97400,Around The World I See,Frame
97401,Love And Desire,Frame
97402,Empty Dub,Frame
97403,Last Minutes,Frame
97404,Always Alone In The Dark,Frame
97406,Shift Expectations,Vilezlo
97407,The Power of Dreams,Vilezlo
97424,Weeklybeats 2014 #1 - KORG M01D Jam,RoccoW
97527,Flight to Paris,Amitron_7
97528,Kittenville 69,Amitron_7
97529,Atonal Blues and the Brain Factory,Amitron_7
97530,The Life of Repton,Amitron_7
97531,David and Mary,Amitron_7
97532,Sudden Obtuse,Amitron_7
97533,How to Reprogram Your Subconscious Mind,Amitron_7
97534,Isolation Tank,Amitron_7
97535,The Girl on the Operating Table,Amitron_7
97536,He Look Like Frog,Amitron_7
97537,Surgical Removal of the Cingulate Gyrus,Amitron_7
97538,Glory End What Grace Begun,Amitron_7
97539,Spoon Bending the Table Rappers,Amitron_7
97540,Lord I'm Troubled,Amitron_7
97541,The Man with the Motorbike,Amitron_7
97542,Lotus Flower,Amitron_7
97543,Pacific Mail Steamship Company,Amitron_7
97544,Escape Under Cover of Night,Amitron_7
97545,The Voice of the Sorrowful Rain,Amitron_7
97547,Soy La Pocha,Malportado Kids
97548,Fuego,Malportado Kids
97568,Missed The Free Throw,E-Prosounds
97569,Water World,E-Prosounds
97570,Eeze Out / Wherever the Wind Blow,E-Prosounds
97585,Loose Change,Olivia Chaney
97586,Waxwing,Olivia Chaney
97587,Blessed Instant,Olivia Chaney
97588,The Brookland Road,Olivia Chaney
97589,La Jardinera,Olivia Chaney
97590,The King's Horses,Olivia Chaney
97680,Salvo #1,Wurlitztraction
97682,If This Is a Dream I'll Keep My Eyes Wide Shut Forever,Wurlitztraction
97683,An Introduction To Dream Dexterity,Wurlitztraction
97684,(Outside) Looking In,Wurlitztraction
97685,Without Warning pt2,Wurlitztraction
97686,Cold Sweat,Wurlitztraction
97687,The Logical Step,Wurlitztraction
97688,Tomorow's Far Cry,Wurlitztraction
97690,Alive,TIGERBERRY
97691,Bad Things,Tickle
97692,Hell Yeah,Tickle
97697,Stand Up,Tickle
97769,sägekäfer,Inox Kapell
97771,fährt pipi motorrad,Inox Kapell
97772,das pfeifen der holzwespe,Inox Kapell
97773,die plejaden kommen,Inox Kapell
97774,parkordnungswidrigkeits-agression,Inox Kapell
97775,rucilin + basousu,Inox Kapell
97793,arxon,Inox Kapell
97794,schneewittchen aud dem kloh,Inox Kapell
97813,bleib gesund,Inox Kapell
97814,sei hekuba,Inox Kapell
97836,Space jump,Vibration Terrorists
97838,A sunny day on jupiter,Vibration Terrorists
97839,War time,Vibration Terrorists
97841,Plop drop,Vibration Terrorists
97843,War time (part 2),Vibration Terrorists
97844,The Red Line,Egg Nebula
97845,Things We Can't See,Egg Nebula
97846,Secretly A Hero,Egg Nebula
97847,Unknown Resource,Egg Nebula
97848,Abstract Happiness,Egg Nebula
97878,kid likes to suffer,Mons Jacet
97879,winter rage,Mons Jacet
97880,vilnius 2004 03 18 - 04 03,Mons Jacet
97881,the first spring rain,Mons Jacet
97882,grasshopper morning,Mons Jacet
97883,Shame / School Shooter,Easy Rider
97884,Crackin' Chains,Easy Rider
97885,The Pusher,Easy Rider
97886,Saturday Night,Easy Rider
97887,Long Time Coming,Easy Rider
97894,Overdose,intouch
97895,If I Could Be Your Hero,Dot Wiggin Band
97896,Banana Bike,Dot Wiggin Band
97898,Things I Wonder,Dot Wiggin Band
97899,Speed Limit,Dot Wiggin Band
97900,Who Are Parents,Dot Wiggin Band
97901,My Pal Foot Foot,Dot Wiggin Band
97903,Hume,Sci Fi Industries
97904,Alternative Route,Sci Fi Industries
97905,In Da Hall,Sci Fi Industries
97906,Excludo,Sci Fi Industries
97907,Status Hex,Sci Fi Industries
97908,Retaliation X,Sci Fi Industries
97909,TTTT,Sci Fi Industries
97910,Celestical,Sci Fi Industries
97911,Verbus In Musica,Sci Fi Industries
97912,Querbala,Sci Fi Industries
97913,Inspiral Echo,Sci Fi Industries
97914,My Own Coil,Sci Fi Industries
97940,Weeklybeats 2014 #3 - Play Nicely,RoccoW
97958,Beats tornado,Gilo
97959,Este som - parte2,Gilo
97960,Eu sou o fado,Gilo
97961,Why does my heart...,Gilo
97962,Breacking down,Gilo
97966,Grizzleebee,Sci Fi Industries
97967,Bada,Sci Fi Industries
97968,ORG_ose,Sci Fi Industries
97969,Bault,Sci Fi Industries
97970,Escala Tecnica,Sci Fi Industries
97971,Ribeira Grande,Sci Fi Industries
97972,Lucracious,Sci Fi Industries
97973,The Risk,Sci Fi Industries
97974,Evident Light,Sci Fi Industries
97975,Pseudo Nexus,Sci Fi Industries
97976,Acredizer,Sci Fi Industries
97977,M.A.M.O.,Sci Fi Industries
97978,Back To Break Bread,Deadly Combo
97979,Back To Break Bread (Remix) (Featuring Hosway),Deadly Combo
97980,Back To Break Bread (Instrumental),Deadly Combo
97981,Back To Break Bread (Accapella),Deadly Combo
97982,Back To Break Bread (Remix) (Featuring Hosway) (Accapella),Deadly Combo
97983,Up To You (3 Da Hard Way) (Featuring Cable),Deadly Combo
97984,Incredible Things (Featuring Golden Child),Deadly Combo
97985,Think Logical (Featuring E FeungShui),Deadly Combo
97986,Incredible Things (Instrumental),Deadly Combo
97987,Incredible Things (Featuring Golden Child) (Accapella),Deadly Combo
97988,Think Logical (Instrumental),Deadly Combo
97989,Think Logical (Featuring E FeungShui) (Accapella),Deadly Combo
97991,Elektrik Blu Two Point Oh,Ant The Symbol
97992,Through Your Chest,Ant The Symbol
97993,Out Of Your Back,Ant The Symbol
97994,The Quiet Ones,Ant The Symbol
97995,Sickened.,Ant The Symbol
97996,The Nosebleed,Ant The Symbol
98006,Detector,Gospel Of Mars
98008,Peace Ball,Gospel Of Mars
98009,Seven Down,Gospel Of Mars
98020,Turned Heel,Chat Logs
98021,Tread On Me (Don't),Chat Logs
98022,Eat Your Heart Out,Chat Logs
98023,Strangler Fig,Chat Logs
98024,Mooks,Chat Logs
98025,Hangman's Noose,Chat Logs
98026,Krushka,Čoček Nation
98028,Zajkova,Čoček Nation
98031,Xelianov,Čoček Nation
98045,holy the asshole holy part 1,Catholic Witches
98077,Глазами Детей,Чокнутый Пропеллер
98078,Comme une gomme,Infecticide
98080,Partytime,Infecticide
98085,Scratch on my Peugeot,Infecticide
98091,Supermale,Infecticide
98099,Pizza Spinoza,Infecticide
98101,Boys band,Infecticide
98102,Lo que quiero,Infecticide
98109,Let me shave,Infecticide
98111,Bagarre générale,Infecticide
98112,Baby belle,Infecticide
98118,Chanson triste,Infecticide
98128,Dans mes rêves,Infecticide
98130,Mourir c'est nul,Infecticide
98157,Prudentia prudentium,Infecticide
98191,baited breath (wait with),last king of poland
98200,forsaken,last king of poland
98202,La Terre [Intro],Ezylohm_tek
98203,A Message From Space,Ezylohm_tek
98204,Unpleasant Nature,Ezylohm_tek
98205,Mankind,Ezylohm_tek
98206,Oceanids,Ezylohm_tek
98220,Music Scenery,Mário Gajarský
98227,Weeklybeats 2014 #2 - Daniel's Kruis,RoccoW
98228,Weeklybeats 2014 #4 - All Will Be Well,RoccoW
98229,Free Bassel,Marco Raaphorst
98235,Geiger Festival,Fear Konstruktor
98236,Dead Voices,Fear Konstruktor
98237,Object,Fear Konstruktor
98238,Underworld Transmisions,Fear Konstruktor
98239,Take The Punk Train,Ljudske Potrebe
98240,DemoN,Ljudske Potrebe
98243,Stanje,Ljudske Potrebe
98245,07. Primalni krik,Ljudske Potrebe
98246,08. Miljkovićeve trešnje,Ljudske Potrebe
98247,09. Lilit,Ljudske Potrebe
98250,12. Povratak u realno (Alternate Version),Ljudske Potrebe
98251,13. Dis (Live),Ljudske Potrebe
98297,Moon Pearls,Mário Gajarský
98298,Siki Siki Baba/Majstore,Rakiya
98299,Me Phirava Daje,Rakiya
98300,Taban Canu,Rakiya
98301,Gori More,Rakiya
98302,Sweet Girl,Rakiya
98314,Me First,Tipsy Oxcart
98339,Chochek Medley,Gogofski
98346,Rampi Rampi,Ornamatik
98347,Bufcan Sko,Ornamatik
98348,Dafino Vino,Ornamatik
98349,Balkan Space Camp,Ornamatik
98377,"Laugh Tracks, Invisible Crowd, Interjections",Jefferson Kielwagen
98418,Deep Love At First Sight,Matthias Boss and Chris Silver T
98464,Live In Bunker- Queens and Queers,Royko Passage
98465,Live in Bunker- Silk and magnolia,Royko Passage
98482,wonderful days,Nick Otheen
98484,i like software music,Nick Otheen
98485,set girls in theory,Nick Otheen
98486,young samurai's mind,Nick Otheen
98487,bittersweet memories,Nick Otheen
98488,miss you D,Nick Otheen
98489,see you later,Nick Otheen
98490,broken dreams,Nick Otheen
98491,teardrops,Nick Otheen
98530,Dirty,Generation Skweee
98547,Belong,Kellee Maize
98548,Rise,Kellee Maize
98549,I Know You,Kellee Maize
98550,Today,Kellee Maize
98551,The 5th Element,Kellee Maize
98552,Frack Track,Kellee Maize
98553,Vision,Kellee Maize
98554,Indo Amnesia,Kellee Maize
98555,Gotta Love Me,Kellee Maize
98556,Anyway,Kellee Maize
98557,Dancing With Lightning,Kellee Maize
98558,Ex Girl,Hi-Rez
98559,Definition,Hi-Rez
98560,Whats Love ft Kyle Dion,Hi-Rez
98565,Brandon Clark,Hi-Rez
98566,Poof,Hi-Rez
98567,Fuck The World,Hi-Rez
98568,Lifted ft Kyle Dion and Shizzy Sixx,Hi-Rez
98569,Love and Fear,Hi-Rez
98571,Jump Out The Window (Prod. Wh,Hi-Rez
98572,Zombie feat. Emilio Rojas (Prod. B.love),Hi-Rez
98573,Better Place (Prod. by Instinctz Beats),Hi-Rez
98574,I'm On Ft. B. White (Prod. Joel Johnston),Hi-Rez
98575,I Don't Fuck Witcha Ft. Young Scolla (Prod. Joel Johnston),Hi-Rez
98576,Throw It Up Ft. BDG (Prod. Joel Johnston),Hi-Rez
98577,Momma Ft. Kyle B (Prod. A-Rayz),Hi-Rez
98578,B.N.S. Ft. Huey Mack (Prod. GM3),Hi-Rez
98579,Never Enough Ft. Kinetics (Prod. Cherne),Hi-Rez
98580,I Know (Prod. MVSIC),Hi-Rez
98581,Race With Time (Prod. Joel Johnston),Hi-Rez
98582,Dark Thoughts (Prod. Joel Johnston),Hi-Rez
98583,The Remedy (Prod. Joel Johnston),Hi-Rez
98584,Relax (Prod. Joel Johnston),Hi-Rez
98585,Lost In Time (Intro) (Prod. by Instinctz Beats),Hi-Rez
98613,Listen To The Old Man,KINGS OF THE CITY
98614,Grave Digger,KINGS OF THE CITY
98615,Make Me Worse,KINGS OF THE CITY
98616,Please Tell Me,KINGS OF THE CITY
98617,Mad Men,KINGS OF THE CITY
98618,Forest of Babylon,KINGS OF THE CITY
98619,Mad Men,KINGS OF THE CITY
98620,Forest of Babylon,KINGS OF THE CITY
98621,Haribos,KINGS OF THE CITY
98622,The Devil,KINGS OF THE CITY
98623,Dust at the Heel of Horror,KINGS OF THE CITY
98624,Please Tell Me,KINGS OF THE CITY
98625,Woman,KINGS OF THE CITY
98626,Holloway Hotel,KINGS OF THE CITY
98627,Rosalita,KINGS OF THE CITY
98628,Grave Digger,KINGS OF THE CITY
98655,The Forest Is Shaking Part 1,Black Sea Hotel
98656,Zeni Me Mamo,Black Sea Hotel
98657,Trendafilceto,Black Sea Hotel
98665,Aksaray'dan,Dolunay
98666,Sorma Asikmiyim,Dolunay
98667,Istemem Babajim,Scott Wilson & Efendi
98668,Kizilciklar Oldumu,Scott Wilson & Efendi
98669,Bir Dimrt,Scott Wilson & Efendi
98670,Drum Solo / Bayolunda,Scott Wilson & Efendi
98671,Habibi Ya Aini,Scott Wilson & Efendi
98679,Prekhurukha Ptitchka,Yale Women's Slavic Chorus
98680,Teflen Kate,Yale Women's Slavic Chorus
98681,Nje Pa Pogrebu Bubachonik,Yale Women's Slavic Chorus
98701,Fried Eggs,Vitamin Pets
98702,Skunk Island,Vitamin Pets
98720,Overheat (How Dragons Disappear Remix),Aleph
98721,Siamese Burn (Muta Remix),Alphabets Heaven
98722,Paper Moon (Magical Mistakes Remix),Metome
98723,Birthday (Kamikaze Space Programme),Alphabets Heaven
98724,Her Eyes,A Thousand Years
98726,Super Tropic Tramp (Sk'p Remix),Julien Mier
98727,Naked,Disasterpeace
98728,Superman (Silenx Rework),Fancy Mike
98770,Weeklybeats 2014 #5 -I've Got Nothing,RoccoW
98796,To Whom May Concern,Las Kellies
98797,Going to Hell,Las Kellies
98798,Mas Uno,Las Kellies
98799,VAT 69,Las Kellies
98800,Shaking Dog,Las Kellies
98802,Straight Away,Las Kellies
98803,Perro Rompebolas,Las Kellies
98804,What Can You Do,Las Kellies
98805,Basement,Las Kellies
98838,intense,Moonove
98906,The Birth of Yellow,The Polish Ambassador
98907,Earth Versus the World,The Polish Ambassador
98908,Bikini Break,The Polish Ambassador
98909,Oxygenating Mars,The Polish Ambassador
98910,Robot Motivation,The Polish Ambassador
98912,Infiltrating The UN,The Polish Ambassador
98913,Steamed Shrimp Break,The Polish Ambassador
98914,Fax Travel,The Polish Ambassador
98915,The Sweet Potato Shuffle,The Polish Ambassador
98916,London Telecommunicating,The Polish Ambassador
98917,Banana Bread Break,The Polish Ambassador
98918,Amoeba Party,The Polish Ambassador
98919,Not Without My Chapstick,The Polish Ambassador
98920,Mechanical Lumberjack,The Polish Ambassador
98921,Digital Loveless,The Polish Ambassador
98922,Get Your Damn Hands off My Synthesizer,The Polish Ambassador
98924,Space Escalade,The Polish Ambassador
98925,Crunching Numbers,The Polish Ambassador
98926,360 Degree View of The Phantasmal Farm,The Polish Ambassador
98927,Subterranean Stepdance,The Polish Ambassador
98930,Finding Torst,The Polish Ambassador
98931,Space Kitten,The Polish Ambassador
98933,Astro-American Anthem,The Polish Ambassador
98934,Light Industrial Dance Space,The Polish Ambassador
98937,Bonus Stage,The Polish Ambassador
98938,Unrequited Droid Love,The Polish Ambassador
98939,Barn Party,The Polish Ambassador
98940,Portal Hopping,The Polish Ambassador
98941,Fruit of The Boom,The Polish Ambassador
98942,Space Camp Goodbyes,The Polish Ambassador
98943,The Electro Kids Just Want to Dance,The Polish Ambassador
98944,More Android,The Polish Ambassador
98945,Song For a Nuclear Meltdown,The Polish Ambassador
98946,Ambassador and Friends on Ice,The Polish Ambassador
98947,Becoming Asexual,The Polish Ambassador
98948,Internet Beatdown 1993,The Polish Ambassador
98949,The Speed of Dwight,The Polish Ambassador
98950,I Want My Sega CD,The Polish Ambassador
98951,Politics of the Spirit,The Polish Ambassador
98952,Deaf Beats and Audio Leeks,The Polish Ambassador
98953,Revenge of The Wongs,The Polish Ambassador
98967,"Remember Me, Future Girl",The Polish Ambassador
98968,Lions in the Street,The Polish Ambassador
98969,I Want You,The Polish Ambassador
98970,Spazz Extractor,The Polish Ambassador
98972,Dinosaurs in Urban Environments,The Polish Ambassador
98973,Mochipet - Rambunktion (The Polish Ambassador Remix),The Polish Ambassador
98974,Pressure Cooker,The Polish Ambassador
98975,Failed Attempts to Enter Her Underwater Fortress,The Polish Ambassador
98976,Glitch Chicks with Glow Sticks,The Polish Ambassador
98977,Typhoon Backspins,The Polish Ambassador
98978,Thunderfist,The Polish Ambassador
98979,Holiday Music for Machines,The Polish Ambassador
98980,Don't Show Her How You Feel,The Polish Ambassador
98981,Binary Rainbow,The Polish Ambassador
98982,Mochipet - VNex (The Polish Ambassador Remix),The Polish Ambassador
98983,Ill with the Skills,The Polish Ambassador
98984,Kill the World at Night,The Polish Ambassador
98985,My Tron Shades,The Polish Ambassador
98986,Gangsta For Six Millenia,The Polish Ambassador
98987,Hiding from Fawn,The Polish Ambassador
98988,The Day Before Tomorrow,The Polish Ambassador
98989,Skinny Jeans,The Polish Ambassador
98990,Quantum Peeps,The Polish Ambassador
98991,"Save, Develop, Protect",The Polish Ambassador
98992,Straight Blimpin',The Polish Ambassador
98993,Glow Slowly,The Polish Ambassador
98994,Infinite Mammalia,The Polish Ambassador
98995,Interdimensional Lounge Music,The Polish Ambassador
98996,Rising in the Wake of Supernova,The Polish Ambassador
98997,Erotic Robotics,The Polish Ambassador
98998,Space Leaf Dub,The Polish Ambassador
98999,Lightening for Anyone,The Polish Ambassador
99000,Dismantling Earth Based Authority Via Satellite,The Polish Ambassador
99001,Concubot Pt. 1,The Polish Ambassador
99002,Concubot Pt. 2,The Polish Ambassador
99003,Concubot Pt. 3,The Polish Ambassador
99004,Rising in the Wake of Supernova (Phutureprimitive Remix),The Polish Ambassador
99005,Space Leaf Dub (Gladkill Remix),The Polish Ambassador
99006,Infinite Mammalia (Dkon Remix),The Polish Ambassador
99007,Dismantling Earth Based Authority Via Satellite (Little People Remix),The Polish Ambassador
99008,Straight Blimpin' (Signal Path Remix),The Polish Ambassador
99009,Interdimensional Lounge Music (The Great Mundane),The Polish Ambassador
99010,Lightening for Anyone (Samples Remix),The Polish Ambassador
99011,Erotic Robotics (Kilowatts Remix),The Polish Ambassador
99012,Go Slowly (Splatinum Remix),The Polish Ambassador
99013,Quantum Peeps (Sugarpill Remix),The Polish Ambassador
99014,"Save, Develop, Protect (Stephan Jacobs Remix)",The Polish Ambassador
99015,Superpowers,The Polish Ambassador
99016,Flesh Prayers,The Polish Ambassador
99017,Earth Crush,The Polish Ambassador
99018,Float With Me,The Polish Ambassador
99019,Spines Entwined,The Polish Ambassador
99020,Breathe Her,The Polish Ambassador
99021,New Funk Millennium,The Polish Ambassador
99022,Invisible Frontiers,The Polish Ambassador
99023,Two and a Half Moons Away,The Polish Ambassador
99024,Rootshine Revival,The Polish Ambassador
99025,Live Inside a Dream ft. Ayla Nereo,The Polish Ambassador
99026,Heartbeat Amplifier,The Polish Ambassador
99027,Waterhome,The Polish Ambassador
99028,Journey to the Center of Jah,The Polish Ambassador
99029,Rise ft. Ayla Nereo,The Polish Ambassador
99030,Soul Trap,The Polish Ambassador
99031,Cloudrush,The Polish Ambassador
99033,Sundrops,The Polish Ambassador
99034,Dready Monk,The Polish Ambassador
99035,Underlight,The Polish Ambassador
99036,Earthship,The Polish Ambassador
99037,Conversations Between ft. Ayla Nereo,The Polish Ambassador
99038,Swing Connection ft. Vokab Kompany,The Polish Ambassador
99039,My Time Machine,The Polish Ambassador
99040,Jitterplug,The Polish Ambassador
99041,Optimus Primal,The Polish Ambassador
99069,Sonny Morning,HYMnEYE
99073,Ride Out,HYMnEYE
99074,Bringin' Pain (Intro),The Impossebulls
99075,Eighty-Six (Mardi Gras Mixx),The Impossebulls
99079,Yes/No,The Impossebulls
99080,Who Wants to Act Like a Millionaire?,The Impossebulls
99082,One Man's Dope,The Impossebulls
99084,This Is a Pop Song,The Impossebulls
99085,Much More Strictly Hiphop,The Impossebulls
99086,Cut Out The Middleman (DiscoFreak Mixx),The Impossebulls
99087,Please WarHammer Don't Hurt 'Em (Remixx),The Impossebulls
99088,Just For the Record,The Impossebulls
99089,Give It to the DJ,The Impossebulls
99091,Let Me Spell You This,The Impossebulls
99092,Enter The Creepus,The Impossebulls
99093,Time Is Running Away (Destroy Everything),The Impossebulls
99094,What an Emcee (Should Be),The Impossebulls
99095,Blaque Gloves,The Impossebulls
99096,1Nation (One Fam),The Impossebulls
99106,Pretentiously Shameless Circus Clown,Rooster Tail
99131,Ters Tsourtsougouzou,Pontic Firebird
99132,Diplon Omal,Pontic Firebird
99133,Yuvarladum Apo Pan Ke Ka,Pontic Firebird
99134,Halay,Pontic Firebird
99135,Yietierre,Pontic Firebird
99144,Camila,Mockinpott
99145,Hotel Roosevelt,Mockinpott
99148,Her Professor,Mockinpott
99150,Japón 4,Mockinpott
99151,Confetti,Mockinpott
99152,Bodró,Mockinpott
99154,Gordonegro,Mockinpott
99157,Campeon,Mockinpott
99158,Criatura,Mockinpott
99161,Vitiligo,Mockinpott
99163,Down! / Ondeado,Mockinpott
99172,Bodró,Mockinpott
99174,Gordonegro,Mockinpott
99176,Confetti,Mockinpott
99178,Criatura,Mockinpott
99179,Camila,Mockinpott
99183,Hezbolla,Mockinpott
99184,Vitiligo,Mockinpott
99185,Demolición (Saicos cover),Mockinpott
99214,Broad Boardwalk,Julian Winter
99250,Start to relax,Distemper
99251,I'm at ease,Distemper
99252,03 - Distemper - Alive Planet,Distemper
99253,My underground,Distemper
99254,Jump,Distemper
99255,Three minutes on summertime,Distemper
99256,Dog Star,Distemper
99257,How to stay human?,Distemper
99258,Blue blue night,Distemper
99259,At dawn,Distemper
99260,Happy end,Distemper
99261,Weeklybeats 2014 #7 - Freaking Viking,RoccoW
99274,AutoTuning,Vilezlo
99300,We Come in Pieces,Ample Mammal
99301,Wildebeest Tactics for the 21st Century,Ample Mammal
99302,Blocked Friend Request,Ample Mammal
99303,Benjamin Beemin',Ample Mammal
99304,Future Versus Calculator,Ample Mammal
99305,Spacecrunkadelix Pt. 1,Ample Mammal
99306,Set Yourself on Fire (Musclehawk),Ample Mammal
99307,The End of Fluorescent,Ample Mammal
99308,Death by Sex in the Marine Environment,Ample Mammal
99309,Trapped in a Single Celled Organism,Ample Mammal
99310,Pushing Time,Ample Mammal
99311,The Atmosphere,Ample Mammal
99312,Spacecrunkadelix Pt. 2,Ample Mammal
99313,Florida Slowdown,Ample Mammal
99345,Bitter Pill (feat Vosmoy),Still Pluto
99356,Kuzum Elenke,Svitanya
99359,Zaspo Janko,Svitanya
99361,Szerelem,Svitanya
99362,Vet Me The,Svitanya
99363,Kaval Sviri,Svitanya
99364,Pismo Ti E Doshlo,Svitanya
99368,Yana Ide,Yasna New York Bulgarian Women's Voices Choir
99369,Ima Neme,Yasna New York Bulgarian Women's Voices Choir
99370,Dilmano Dilbero,Yasna New York Bulgarian Women's Voices Choir
99371,Poleguala e Tudora,Yasna New York Bulgarian Women's Voices Choir
99372,Malo Selo,Yasna New York Bulgarian Women's Voices Choir
99373,Izgrela e Mesechinka,Yasna New York Bulgarian Women's Voices Choir
99374,Tri Bjulbjula,Yasna New York Bulgarian Women's Voices Choir
99375,Bve Petruriki,Yasna New York Bulgarian Women's Voices Choir
99389,Oj Che Je Che Nema,Ukrainian Village Voices
99390,Oj Jerusalem,Ukrainian Village Voices
99391,Oj Na Richke,Ukrainian Village Voices
99392,Rody Bozhe Zhyto,Ukrainian Village Voices
99393,Ponad Sadom,Ukrainian Village Voices
99394,Letila Zozulia,Ukrainian Village Voices
99395,Nasha Khata,Ukrainian Village Voices
99411,Guts,Pampers
99412,Eruptions,Pampers
99413,Not,Pampers
99414,Purple Brain / Edge of Knife,Pampers
99415,Night Brunch,Pampers
99416,Monkey Drip,Pampers
99417,Shot,Pampers
99418,T.H.T.F.,Pampers
99419,Sack Attack,Pampers
99436,Almost Anything,Atlantic Thrills
99437,Day at the Beach,Atlantic Thrills
99438,Drugs In It,Atlantic Thrills
99439,Light Shines,Atlantic Thrills
99440,Holy Mountain,Atlantic Thrills
99441,Acid Rain,Atlantic Thrills
99442,Bed Bugs,Atlantic Thrills
99479,My Busy Flower,Acreil
99480,Under,Acreil
99481,Transition,Acreil
99482,Act of Denial,Acreil
99483,With Light,Acreil
99484,Lesp,Acreil
99485,Redirection of Flow,Acreil
99486,Assemble,Acreil
99487,Just-,Acreil
99488,Magnolia #02,Acreil
99489,Pulse,Acreil
99490,Impending Vista,Acreil
99491,118,Acreil
99492,Surfaces And Edges,Acreil
99493,Insert,Acreil
99494,The Exoskeleton Melts,Acreil
99495,Incredible Things (Jumpoff Mixx) (Featuring Golden Child),Deadly Combo
99496,Can't Stop (Anotha C-Doc Remixx) (Featuring Saltine & J-Phillz),Deadly Combo
99497,Vacate the Premises (Gett The Phukout Mixx) (Featuring S.C.G. Of Mobstars),Deadly Combo
99498,Basement Music (Up In The Attic Mixx),Deadly Combo
99499,Think Logical (C-Doc's Logic Mixx) (Featuring E. Feungshui),Deadly Combo
99500,Like Dis (How We Do Mixx),Deadly Combo
99501,Break Bread (Ninety-Four Drums of Death Mixx),Deadly Combo
99535,slow format,e:4c
99536,processing container,e:4c
99537,time to search,e:4c
99538,frame reverse,e:4c
99639,Day Two,Canecutter
99640,Through Motion,Defocus
99642,Spacerocket,Baerfrens
99643,Dulwich Dogs (Racetrack Version),Mystery Wagon
99644,Goosedance,Paperclip Galaxy
99645,Redwoods,Defocus
99646,Emblem Garcia,L-X-EN
99647,Fishfingur,Moufteef
99648,Shōjo no kokuhaku,cyber.akb
99649,Orange,Canecutter
99650,Follow the Fool (Made in Japan Remix),Kaukana
99651,Dream Hole,Kwze
99652,Bloom (Spoonty Remix),Baerfrens
99653,Mangrove Jack (Ft. Canecutter),Carpet Brick
99654,Lawson,cyber.akb
99655,Locus,Defocus X Moufteef
99656,Quay Three,Kuwait Paragraphic
99657,Memory Foam,Ilki
99658,Mars Glitter (Without Shame),Paperclip Galaxy
99703,HEAVEN,eden
99704,HEAVEN_VERSION,eden
99707,NO HEAVEN,eden
100473,Funk Instantaneous,LOWdown
100476,Ten Years Coming,LOWdown
100477,STOCKPILE!,LOWdown
100478,So On and Yo!,LOWdown
100479,The LOWdown (Treacherous),LOWdown
100480,Lyrikil Tranzportashun,LOWdown
100497,Weeklybeats 2014 #9 - This Little Piggy Danced,RoccoW
100514,88,InSpectr
100515,Chamber,InSpectr
100516,11,InSpectr
100517,22,InSpectr
100518,AM,InSpectr
100519,CH&A,InSpectr
100520,Cin,InSpectr
100521,Bum,InSpectr
100522,Catch The Sun,Rhanee
100523,pino,Phundamental
100524,the hardly boys,Phundamental
100525,i'm speaking,Phundamental
100526,sgnum,Phundamental
100531,Old Sounds,Small Colin
100532,Cymbals Crash & Burn,Small Colin
100533,Batteries In Boxes,Small Colin
100534,Warmed Up,Small Colin
100535,Back From Århus,Small Colin
100536,Mono Crash,Small Colin
100543,Starship (Inside Yourself),Megatone
100544,Electron,Megatone
100547,Existence (Without A Cause) (part 2),Megatone
100549,Mindframe,Megatone
100550,Beyond The Universe (Transcendance),Megatone
100552,First Space Voyage,Megatone
100745,Weeklybeats 2014 #10 - Trap'd in A DS,RoccoW
100794,Oko videlo nije,Margina
100796,Lucil,Margina
100799,Child Was a Born,Margina
100801,Na zemlji mir i dobra volja,Margina
100802,U vatru,Margina
100831,u and me,Nick Otheen
100834,flight over,Nick Otheen
100835,little scary movie,Nick Otheen
100837,shopping explosive,Nick Otheen
100916,The Black Holocaust (Featuring Jamod Allah),DJ Def Chad
100917,"SupaNiggaz (Featuring CM aka Creative, Villain151 & Tirade)",DJ Def Chad
100920,Yes Yes Y'all,DJ Def Chad
100921,Master Plan (Featuring C-Doc),DJ Def Chad
100922,Breathe Easy,DJ Def Chad
100924,Breathin Thru My Peoples (Featuring Dre' Leez),DJ Def Chad
100926,Beef,DJ Def Chad
100927,Up and Away (Featuring C-Doc),DJ Def Chad
100928,No Use Pretending,DJ Def Chad
100930,Cain,DJ Def Chad
100949,The Rebel Youth,DJ Def Chad
100958,The Remedy,DJ Def Chad
100959,Shawntae,DJ Def Chad
100972,In Progress,Dyman
100973,Dark Side,Dyman
100975,Sewage,Dyman
100976,Kill The Flesh,Dyman
101067,Divorce Catalyst,Ubasute
101068,Snow Bride,Ubasute
101069,Processional,Ubasute
101070,Spiritual Inheritance,Ubasute
101078,Hemlock Tree,Speed The Plough
101081,Jane,Speed The Plough
101083,New Day,Speed The Plough
101086,Concession Speech,Ubasute
101088,Marriage Hearse,Ubasute
101089,Hallucinator,Ubasute
101093,Iceberg,Ubasute
101095,They Secede,Ubasute
101101,Coal & Courage,Speed The Plough
101104,Midnight in the World,Speed The Plough
101107,Hey Blue,Speed The Plough
101109,Perfect North,Speed The Plough
101111,Nena,La Sabrosa Sabrosura
101112,Peligro,La Sabrosa Sabrosura
101116,Este Sol,La Sabrosa Sabrosura
101118,El Sonidero de Amor,La Sabrosa Sabrosura
101119,Papaya,La Sabrosa Sabrosura
101123,High School Love,Flagland
101128,Swingin,Flagland
101131,Happiness,Flagland
101150,Alien Eyes/Remote Control,The Spits
101151,Flags,The Spits
101154,Tonight,The Spits
101160,Violence Cup,The Spits
101167,Kill The Cool,The Spits
101316,Variations on a Reinterpretation of Lord Śiva,Eidetic Seeing
101402,BEAUTY_VERSION,eden
101406,DIRTY,eden
101410,DANDY,eden
101412,BEAUTY,eden
101752,Oak Twine,Dark Urrru
101765,Rain Potter,Dark Urrru
101860,Los Grados Abajos 2,Tarpigh
101864,Steppen wolf,Reier
101868,Cube,Reier
101873,By whom the bell tolls,Reier
101893,Pulsar,Reier
101928,Another World,Jet Jaguar
101929,Single-Digit High,Jet Jaguar
101930,Mose,Jet Jaguar
101943,Long Island Lovin',Nancy
101944,Holiday,Nancy
101946,Inverted Kingdom,Nancy
101947,Midnite,Nancy
101948,I Want U Bad,Nancy
101949,Lucy en el Cielo/Why am I Crying?,Nancy
101950,Babes On Blades,Nancy
101951,Hot Love,Nancy
102092,Dirty Children,Third Mind Movement
102110,Gloves,Third Mind Movement
102111,Kittens,Third Mind Movement
102112,Abstract Resume,Alexei Borisov and Anton Mobin
102113,FMeditation,Alexei Borisov and Anton Mobin
102114,Sound Mind,Alexei Borisov and Anton Mobin
102133,in,ps
102134,z,ps
102153,for beautiful human life,Acreil
102156,as an ending,Acreil
102159,ocpin,Acreil
102161,as an opening,Acreil
102163,"blinking lights, chimes",Acreil
102164,waves,Acreil
102168,temporary conduct 1,Acreil
102169,from here,Acreil
102170,sleep,Acreil
102171,in,Acreil
102172,variation 1 (edit),Acreil
102173,TDA1022,Acreil
102174,twelves,Acreil
102175,threat,Acreil
102178,"До Свидания, Мама",Чокнутый Пропеллер
102179,Новый Нью-Йорк 2,Чокнутый Пропеллер
102181,Рага Мести,Чокнутый Пропеллер
102182,Жара,Чокнутый Пропеллер
102184,Глазами Детей,Чокнутый Пропеллер
102185,Like Birds Shit,Чокнутый Пропеллер
102186,We Wanna Rock,Чокнутый Пропеллер
102187,Выбор Каждого,Чокнутый Пропеллер
102188,Кортни Лав,Чокнутый Пропеллер
102189,"Хей, Детка",Чокнутый Пропеллер
102190,Terve Teille,Чокнутый Пропеллер
102194,It's Brick Out,Eidetic Seeing
102195,Deep Falafel Prophet,Eidetic Seeing
102197,A White Perception In Time,CKZ
102198,Written In The Wind,CKZ
102199,Waste Land,CKZ
102200,Amateur,CKZ
102201,Shoes In Sofa,CKZ
102202,Edited,CKZ
102204,Undressed,CKZ
102205,Heliman,CKZ
102207,Micro Beggar,CKZ
102208,Voice Over,CKZ
102209,For Nakata And The Cats,CKZ
102210,No Paintings,CKZ
102211,"Not Going, Not Arriving",CKZ
103518,You Got Served,Novi Split
103519,Clay Pigeons,Novi Split
103520,Hold Tight,Novi Split
103521,Young Girls,Novi Split
103522,Stupid,Novi Split
103523,Hollow Notes,Novi Split
103525,Freemason Harmony,Gordan Morgan
103526,Flying Sperm Machines,Gordan Morgan
103528,Klaus,Gordan Morgan
103595,In Your Eyes,Jeremy Allingham
103600,Weeklybeats  2014 #12 - xyce xyce Baby,RoccoW
103785,The Remedy (Edited For The Kids),DJ Def Chad
103787,Rappers (Part 3),DJ Def Chad
103788,Rappers (Part 4),DJ Def Chad
103790,The Remedy (Instrumental),DJ Def Chad
103796,Shawntae (Liquid Vision Remix),DJ Def Chad
103798,Master Dubb,DJ Def Chad
103799,Up,DJ Def Chad
103800,Game,DJ Def Chad
103801,Breathe Easy (Remixx) (Featuring Marcus J),DJ Def Chad
103803,Listen Now (Breathe Easy) (Featuring Marcus J),DJ Def Chad
103804,Breathe Easy (Remixx Instrumental),DJ Def Chad
103805,Breathin Thru My Peoples (Chad's Original Mix),DJ Def Chad
103806,Breathin Thru My Peoples (Doc's Original Mixx),DJ Def Chad
103807,Hand Outz (FM Radio Mixx),DJ Def Chad
103808,Hand Outz (Instrumental),DJ Def Chad
103810,Sleep Just To Dream,Ant The Symbol
103813,Travelling Backwards,Ant The Symbol
103814,Nausea,Ant The Symbol
103815,Washed Ashore,Ant The Symbol
103816,Made of Stone,Ant The Symbol
103828,Workin',Dr. Mindflip
104008,Days without sun,Lille
104009,I am a tree,Lille
104010,Winter,Lille
104059,Toilet Water,Nandas
104061,Recognizing Emotions,Etcetera Music
104062,Kernel Panic,Etcetera Music
104063,Shoegazing Ants,Etcetera Music
104064,Avalanche,Boogarins
104065,Despreocupar,Boogarins
104066,Hoje Aprendi de Verdade,Boogarins
104067,Refazendo,Boogarins
104068,Infinu,Boogarins
104070,We'll Never Sleep,Overlake
104071,Not Enough,Overlake
104072,Travelogue,Overlake
104073,First,Overlake
104074,Is This Something?,Overlake
104085,15 Minutes Older,Carsick Cars
104086,The Best VPN So Far,Carsick Cars
104087,She Will Wait,Carsick Cars
104088,Zhong Nan Hai,Carsick Cars
104135,Driving Rain,Ramsden
104137,America,Ramsden
104190,(Andy) Don't Want No Depeche Mode Amplifier,Bobby Bunny
104191,Billie Holiday In Cambodia,Bobby Bunny
104193,Beat The Clock,Bobby Bunny
104201,Last Day Of Summer,Bobby Bunny
104220,She's a Killer,The Marty Kings
104225,Rock and Roll Revolution,The Marty Kings
104227,Bom Bom Bom,The Marty Kings
104228,My Way,The Marty Kings
104259,MCEscher,Büromaschinen
104260,Face Distortion,Büromaschinen
104261,Firebird,Büromaschinen
104262,Chirptune,Büromaschinen
104263,Remote Lolita,Büromaschinen
104264,Run,Büromaschinen
104271,Spot,Nick R 61
104273,Smoke,Nick R 61
104276,Ghost-Ride The Unicorn,SKGB
104277,Adventures In Godzilladelph,SKGB
104278,You Already Know,SKGB
104279,The Snake Charma of Fishtown,SKGB
104282,Electrogalactic Cunt,Beatoven
104283,Wanna See My Spaceship,Beatoven
104284,Strawberry Milkway,Beatoven
104344,Double White Denim,Good Throb
104346,Jesus On A Greyhound,Mark Fosson
104352,Wind Through A Broken Glass,Mark Fosson
104353,Wankomatic,Mark Fosson
104354,Standing At The Door,Mark Fosson
104355,Variations On The Thumb,Mark Fosson
104356,Chillicothe,Mark Fosson
104357,Softer Place To Fall,Mark Fosson
104408,Chrystelle,Morusque
104409,président,Morusque
104410,nos mains,Morusque
104412,la sonate,Morusque
104413,l'air,Morusque
104423,la cafetière,Morusque
104424,genette d'été,Morusque
104425,sales,Morusque
104427,le coupable de la fin du monde,Morusque
104430,décompte,Morusque
104431,the end of the end of the end,Morusque
104432,j'ai perdu,Morusque
104434,Mother War,Farthest South
104614,Underwater Phantoms,Barbara Ellison
104621,Lost in the Veld,Michael Clemow
104622,Mmabolela Pattern Study 01,Robert Schwarz
104624,oortreders,Stijn Demeulenaere
104625,no load,Anne-F Jacques
104627,stiction,Anne-F Jacques
104658,The Sandbox,Tardiss
104659,Mid Lake Left,Tardiss
104660,Mechanicall ySeparated,Tardiss
104661,Harmonic Mist Figure,Tardiss
104662,Around the Hat,Tardiss
104663,Smoothie's Loop,Tardiss
104665,"Pnuemonia, I Own Ya",Tardiss
104667,Flatline,Tardiss
104668,Undone,BIG BUG
104670,Deep Space (Armagedon),BIG BUG
104677,Circus,BIG BUG
104688,Commit Adultery,Kristeen Young
104689,This Is War,Kristeen Young
104691,Jealous Of Loved Children,Kristeen Young
104719,Full of Water,Tómur Trio
104722,Mouths of the Îrrawadi,Noise Problems Selections
104723,No Habla Catalan Live,Noise Problems Selections
104724,No Habla Catalan Studio,Noise Problems Selections
104725,Thollem McDonas,Noise Problems Selections
104766,turing,Wilted Woman
104770,pentan,Wilted Woman
104779,Humus,Unthunk
104780,Your Body Is A Temple,Unthunk
104807,Arc Reactor,2ndMOUSE
104808,Ptuh (2ndMOUSE Theme),2ndMOUSE
104809,Inner Afro,2ndMOUSE
104810,Cloud City,2ndMOUSE
104811,Remote View,2ndMOUSE
104812,Break Of Dawn,2ndMOUSE
104813,The Path Of Most Resistance,2ndMOUSE
104814,Walking in my Shoes,2ndMOUSE
104815,Omega,2ndMOUSE
104816,Laid To Rest,2ndMOUSE
104960,小さな世界,unmo
105020,Kyiv is Burning,Infinite Plastic Internal
105022,"Crossroads of ""Great Games""",Infinite Plastic Internal
105027,"Year of Water Snake, Goodbye",Infinite Plastic Internal
105081,"Hopes Up, Guard Down",The Safes
105086,Fairy Tale Tomorrow,The Safes
105094,Guitar Star,Live Fast Die
105095,Not A Dog,Live Fast Die
105096,Weapons,Live Fast Die
105098,Dawn Of The VHS,Live Fast Die
105099,Can I Get Some More,Live Fast Die
105100,You Ruin All My Fun,Live Fast Die
105101,Pissing On The Mainframe,Live Fast Die
105102,Forged In Flame 1776,Live Fast Die
105111,Better Days To Come,Sonic Avenues
105112,Automatic,Sonic Avenues
105113,New Vogues,Sonic Avenues
105114,TV Youth,Sonic Avenues
105115,Your Destiny,Sonic Avenues
105116,Too Late,Sonic Avenues
105117,Hiding,Sonic Avenues
105118,Teenage Brain/Girls With Pearls,Sonic Avenues
105119,Lost and Found,Sonic Avenues
105135,Útek / Návrat,The Citadel
105136,22 holttest,The Citadel
105137,Mesto,The Citadel
105141,Debris,Waste Disposal Machine
105142,Tabula Rasa,Waste Disposal Machine feat. Sci Fi Industries
105143,I Sing the Body Electric (remixed by TatsuMaki),Waste Disposal Machine
105144,I Sing the Body Electric (remixed by Torsion),Waste Disposal Machine
105145,Sleepwalkers (remixed by Waste Disposal Machine),Mikroben Krieg
105179,Knives,Manners
105192,Burning Snowflakes,Anna Fox Rochinski
105196,Children,Lindsay Clark
105245,Old New Song (Demo),Beme Seed
105246,New New Song (Demo),Beme Seed
105247,D Loop Jam (Demo-Fragment),Beme Seed
105393,Blue,Helmut
105397,Lonely,Helmut
105400,Hidden Scapes,Egg Nebula
105401,Killer Comets Chaser,Egg Nebula
105402,Inner Radiance,Egg Nebula
105403,L'Antidote,Egg Nebula
105404,One Up,Egg Nebula
105405,Totem,Egg Nebula
105406,Interstice,Egg Nebula
105407,Serenity Under The Giant Tree,Egg Nebula
105408,Magical Forest,Egg Nebula
105409,Atlantis Curse,Egg Nebula
105410,Slink,Egg Nebula
105411,Dark Matter,Egg Nebula
105412,La Vérité,Egg Nebula
105413,The Jumblist,Egg Nebula
105414,Vulve,Egg Nebula
105427,Made For Those (Featuring Benjo & Streets Da Goon),CM aka Creative
105428,Skit DCOM Radio (Intro),CM aka Creative
105431,"Underground Address (Featuring E FeungShui, Dr. Becket & Tragedy)",Deadly Combo
105434,Bang,CM aka Creative
105438,We On It,Deadly Combo
105440,Optimum,Deadly Combo
105442,DCOM Radio (Phone Call),CM aka Creative
105443,Man Up,M.O.B. Stars
105444,The Ish,CM aka Creative
105445,No Problem (Featuring LJ Heiss),CM aka Creative
105446,Creative on the Mic (Featuring Ak Ill),CM aka Creative
105447,Put In Work (Get Busy) (Featuring Tex The Great),Deadly Combo
105448,Inhale Then Exhale,CM aka Creative
105449,DCOM Radio (Signing Off),CM aka Creative
105450,Favorite Addiction (Featuring Joaquin Evans),Deadly Combo
105451,Hard Habit,CM aka Creative
105523,They Whisper Tragedy,The Icarus Descent
105526,01:23:44,The Icarus Descent
105550,Magenta Moon (Part II),Line Noise
105551,Passive Cyclone (Part III),Line Noise
105662,Intro,Gilo
105663,Xangai,Gilo
105664,Unity,Gilo
105665,Levantamos a Voz,Gilo feat. Likido
105666,Loop1,Gilo
105667,Ai Visto...,Gilo
105668,Evenings Recital,Gilo
105669,Ao Longe,Gilo
105670,Back to a Simpler Time,Gilo
105671,Lei#4,Gilo
105672,Na Flor da Pele,Gilo
105673,Inside Voices,Gilo feat. As Metralhadoras
105674,Outro,Gilo
105682,Heaven In Your Mouth,intouch
105683,Intro,Clipping
105685,Interview with Marty McSorley,Clipping
105689,Two,Motion
105699,110305,Jukka-Pekka Flander
105700,220305,Jukka-Pekka Flander
105701,280105,Jukka-Pekka Flander
105703,200205,Jukka-Pekka Flander
105712,Reel,Sam Moss
105713,Ocean,Sam Moss
105714,Working On a Building,Sam Moss
105715,Neighbors,Sam Moss
105716,Beast,Sam Moss
105717,Hammer,Sam Moss
105718,Wildwood Flower,Sam Moss
105719,Amoeba Miasma Void,Gatherer
105720,Extension,Gatherer
105721,Shake Lento,Gatherer
105722,Speed Thievery,Gatherer
105764,wonderland,Combo
105765,The Lake,Combo
105766,uglyducklings,Combo
105767,Monster Jack,Combo
105816,Bestiario,flaub
105817,Biomasa,flaub
105818,Antimateria,flaub
105819,Real Arcade Play,SKGB
105820,family friendly bonus beats for the tri-sexual biceratops,SKGB
105821,I Circuit-Bent My Brain,SKGB
105822,Duppy Man In The Machine,SKGB
105823,Red Gameboy,SKGB
105824,Lurkers,All Urban Outfield
105825,Beta,All Urban Outfield
105826,Foods That Start With Q (Feat. Fat Arm & Shark Dentures),All Urban Outfield
105827,Watch The Road Bub,All Urban Outfield
105869,Radiocide,Justice Yeldham
105887,Cairo Blues,Leif Vollebek
105888,Off The Main Drag,Leif Vollebek
105889,From The Fourth,Leif Vollebek
105890,Photographer Friend,Leif Vollebek
105891,Veu de Liberdade,La Misma
105897,Fado,La Misma
105905,Made For Breaking,Split Single
105906,Never Look Back,Split Single
105907,Glori,Split Single
105908,Monolith,Split Single
105909,My Heart Is Your Shadow,Split Single
105910,Last Goodbye,Split Single
105911,Fragmented World,Split Single
105912,Searches,Split Single
105914,Cold Steel,Matt Sowell
105915,Deadman's Rag,Matt Sowell
105916,Raga,Matt Sowell
105917,Hoppin' On A Leg,Matt Sowell
105918,A Long Walk,Matt Sowell
105919,Ticonderoga,Matt Sowell
105920,North Wind Blowing,Matt Sowell
105930,"21, POWERHOUSE DRIVE",Lazer Boy
105935,BOY ON A BIKE,Lazer Boy
105942,GOOD TIMES ON MY MIND,Lazer Boy
105956,Right Wing,Priests
105958,Leave Me Alone,Priests
105960,Modern Love,Priests
105962,Doctor,Priests
105963,And Breeding,Priests
105972,Conception Memory Traces,Dead Leaf Echo
106199,Your Hell Will Come First,Through Thorn and Brier
106274,South Pacific Pt. II,Night Rally
106275,Humor is Non Sequitur,Night Rally
106276,The Day Devin Pissed Blood,Night Rally
106277,A Birthday Party,Night Rally
106332,Indigo under Lapis,Chris Lynn & Daniel Barbiero
106338,Wake Me When It's Over,The Black Hollies
106339,Marmalade,Julie Byrne
106340,Prism Song,Julie Byrne
106341,Emeralds,Julie Byrne
106342,Holiday,Julie Byrne
106343,Melting Grid,Julie Byrne
106395,Coil,Frequent
106397,Tail Chaser,Frequent
106443,le depart,Titan
106455,mammouth,Titan
106456,freedom,Titan
106457,l arrivee,Titan
106458,surprise,Titan
106459,Don't look too much,Dinosaur Jugnot
106460,Perfect mystery (Perfect mystery part 1),Dinosaur Jugnot
106461,Nothing (Perfect mystery part 2),Dinosaur Jugnot
106462,One thing I know,Dinosaur Jugnot
106463,Sorry I am a bad boy,Dinosaur Jugnot
106464,I was bad with you my baby (Sorry I'm a bad boy part 2),Dinosaur Jugnot
106465,Live,Dinosaur Jugnot
106502,Hanami (花見),Fabian Measures
106506,Break It Down,Crazy Pills
106507,Nothing But Love,Crazy Pills
106508,Alright,Crazy Pills
106509,Trudy June,Crazy Pills
106510,Superstitious,Crazy Pills
106511,There Are Dangers,Crazy Pills
106512,Indictment,Crazy Pills
106520,handyman,Wilted Woman
106522,$ecret terror,Wilted Woman
106562,By Request,Apache Tomcat
106563,Nothing On But The Radio,Apache Tomcat
106564,Victoria's Son,Apache Tomcat
106566,Mouse Trap,Apache Tomcat
106567,Tube Top Language,Apache Tomcat
106568,2PM Wake UP Call,Apache Tomcat
106569,Stormy Moods Orchestra,Apache Tomcat
106570,Texas Ostrich Farm,Apache Tomcat
106571,Scubba Adventure,Apache Tomcat
106605,Roulette Smoke Roll,Elbee
106609,Zeldomeld,Elbee
106610,The Indexilarm Dimension,Elbee
106626,I,Phelios
106627,II,Phelios
106629,IV,Phelios
106630,How dare you,Nicky Apple
106632,Ramble Through The Desert,Nicky Apple
106634,He Smiles My Friend,Nicky Apple
106635,Hunting The Illustrious,Nicky Apple
106637,Still Mine,Nicky Apple
106639,"Some foods live in cans, its sad",Nicky Apple
106691,Cast All Doubts,CM aka Creative
106693,Cast All Doubts (Instrumental),CM aka Creative
106694,Only Do Me (Instrumental),CM aka Creative
106696,Only Do Me (Acapella),CM aka Creative
106700,Mixtape Sessions 3 (Featuring Hosway),CM aka Creative
106701,Mixtape Sessions 4,CM aka Creative
106768,The Fifth Bride Of Satan,Dj Somatix
106769,It's a Celebration Bitch,Dj Somatix
106770,Subterranean Acid,Dj Somatix
106771,My Own Addiction,Dj Somatix
106772,Dis May,Dj Somatix
106773,Subterranean Acid [Dubh Thrian Remix],Dj Somatix
106774,The Fifth Bride Of Satan [The Person Loves Satan Remix],Dj Somatix
106834,Spain,The Everymen
106864,Laughing,Ed Schrader's Music Beat
106868,ok,Westy Reflector
106869,Zipline,Westy Reflector
106870,Dream #3: Austin,Westy Reflector
106871,Echo Lake,Westy Reflector
106872,Long Road Ahead,Westy Reflector
106873,Words Of Release,Westy Reflector
106874,Infinite Destination,Westy Reflector
106875,Sayulita,Westy Reflector
106876,Always In The Sky,Westy Reflector
106877,Windfall,Westy Reflector
106879,Time of Waiting,Walt Thisney
106881,Nomada,Walt Thisney
106892,episódio 7,Aquarelle
106893,bonus track,Aquarelle
106927,I Touch You Honey,Souvenir Driver
106933,"In July, In July",Meaner Pencil
106934,Love's Loss,Meaner Pencil
106937,Prairie Kids,Meaner Pencil
106939,Subterranean Sympathy For New York City,Meaner Pencil
106940,Protection After Madeleine L'Engle,Meaner Pencil
106946,Normal,pHoaming Edison
106947,Viktor and his Baseball Cards,pHoaming Edison
106948,Medieval Duck Mollases,pHoaming Edison
106949,Limpid Caravan,pHoaming Edison
106950,Goldberg,pHoaming Edison
106951,Delusion 6,pHoaming Edison
106952,Toad Listen,pHoaming Edison
106953,Black Pyramid,Mutilation Rites
106954,Exhaling Or Breathing In,Mutilation Rites
106955,Contaminate,Mutilation Rites
106956,Suffer The Children,Mutilation Rites
107018,DOUGH LARGE,Alaclair Ensemble
107019,LOG OFF (avec Jam),Alaclair Ensemble
107020,3 POINT,Alaclair Ensemble
107021,FASTLANE (avec Kaytranada),Alaclair Ensemble
107022,CALINOUR,Alaclair Ensemble
107023,ST_ROCH,Alaclair Ensemble
107024,LES GNOMES,Alaclair Ensemble
107025,STM LIGNE MAUVE PART 1,Alaclair Ensemble
107026,CHIEN,Alaclair Ensemble
107027,LICORNES,Alaclair Ensemble
107028,VIEUX KNOWL (avec Jam),Alaclair Ensemble
107029,VARIETTE (avec Jam),Alaclair Ensemble
107030,BACKSTAGE,Alaclair Ensemble
107031,POUR TOI STIVON,Alaclair Ensemble
107042,Spud,Audeka
107043,Business Box,Audeka
107044,Blueprint,Audeka
107045,Business Box (Lockjaw Remix),Audeka
107046,Blind,Elvin Brandhi
107047,Tropik,Elvin Brandhi
107048,Mønstah,Elvin Brandhi
107049,It is screamy,Elvin Brandhi
107050,kredit krunk,Elvin Brandhi
107073,Dressed In Black,The Young
107075,Metal Flake,The Young
107076,Apaches Throat,The Young
107077,Military School,Nox Boys
107084,Save Me,Nox Boys
107089,The Island,Beth Sorrentino
107090,Beautiful Dream,Beth Sorrentino
107100,Sick Song,Mess.
107101,Will I See You Again,Mess.
107102,Dumb Girl,Mess.
107103,She Lost Her Way,Mess.
107104,Head On,Mess.
107105,Enemy (Alcohol),Mess.
107106,Lucky One,Mess.
107107,Post Party Morning,Mess.
107119,"Cloudy, With Some Blue",Marrach
107120,Broken Homes Theme,Marrach
107121,Feathers in Sundried Soil,Marrach
107122,Smelted Iron Piece,Marrach
107123,"Distant Lights, Off",Marrach
107124,Corroded Brass,Marrach
107125,Red Waters,Marrach
107126,Badlands Erode,Marrach
107127,Moving Rocks,Marrach
107128,8mm Vodka Shots,Marrach
107129,"Dusk, and Flaming",Marrach
107178,Fittest of the fittest,Don Goliath
107179,Dem a Sin Melodica Cut (ft I-lodica),Don Goliath mmet I-lodica
107180,I love H.I.M. so Dub,Don Goliath
107181,Catch vampire Dub,Don Goliath
107182,Ises to Jah Saxophone cut (ft Samson Benji),Don Goliath meet Samson Benji
107183,Children of Israel melodica cut,Don Goliath
107184,Praise unto thee Dub,Don Goliath
107185,Jah name (ft Iyah Ranx),Don Goliath meet Iyah Ranx
107186,Let us prais Jahoviah Dub,Don Goliath
107187,Lively up Dub,Don Goliath
107188,Guiding star Dub,Don Goliath
107189,Calling on Jah Dub,Don Goliath
107202,So Far Away,Valerie Gentile & Abbey Nex
107203,Scarred,Valerie Gentile & Abbey Nex
107206,Spite,Valerie Gentile & Abbey Nex
107207,Erase,Valerie Gentile & Abbey Nex
107208,Danger,Valerie Gentile & Abbey Nex
107248,New Sher,Vanya Zhuk
107249,Vodka,Vanya Zhuk
107250,Iber Berg Un Iber Toln,Vanya Zhuk
107251,Dzhankoye,Vanya Zhuk
107256,Robot Gedonist,Vanya Zhuk
107257,Rumenye,Vanya Zhuk
107356,A Year of Mondays,Adolina
107362,Go Slow,Adolina
107364,Worms' riot,Adolina
107381,Rollercoaster,Adolina
107382,Contrôler et Sévir,Adolina
107384,Une heure plus tard,Aussitôt Mort / MORT MORT MORT
107385,Que le veilleur gagne,Aussitôt Mort / MORT MORT MORT
107386,Huit (Part 1),Aussitôt Mort / MORT MORT MORT
107387,Huit (Part 2),Aussitôt Mort / MORT MORT MORT
107388,Le kid de la plage,Aussitôt Mort / MORT MORT MORT
107389,On a qu'à se dire que l'on s'en fout,Aussitôt Mort / MORT MORT MORT
107390,Le prophète de malheur,Aussitôt Mort / MORT MORT MORT
107391,Mort! Mort! Mort!,Aussitôt Mort / MORT MORT MORT
107425,The Spidrman's (nanoloop),UncleBibby
107426,Chunky Worm Stew,UncleBibby
107427,Brutish,UncleBibby
107429,CopperNickle,UncleBibby
107432,The Simple Complex,UncleBibby
107433,Happi,UncleBibby
107434,Bubbling Pots and Troubling Thoughts,UncleBibby
107435,Jangus (inspired by ToeJam and Earl),UncleBibby
107475,Three Kids in the Woods,CRTVTR
107476,Piano Piano,CRTVTR
107480,Liar Liar,Vienna Ditto
107481,The Undefeated,Vienna Ditto
107482,Whatever Comes My Way,Vienna Ditto
107483,Little Fingers,Vienna Ditto
107499,Alcoholism in the Former Soviet Republics,The United Sons of Toil
107500,Overturning the Rumford Fair Housing Act,The United Sons of Toil
107501,ILO Convention 169,The United Sons of Toil
107502,The Concept of the Urban Guerrilla,The United Sons of Toil
107503,The Shining Path,The United Sons of Toil
107504,Sword of Damocles,The United Sons of Toil
107505,The Contrition of the Addict,The United Sons of Toil
107506,Operation Cast Lead,The United Sons of Toil
107507,State-Sponsored Terrorism,The United Sons of Toil
107508,All things considered,Lovira
107509,Birthday present,Lovira
107510,Maio Maduro Maio,Lovira
107511,De sal de linguagem feita,Lovira
107512,Cute percussive,Lovira
107514,Re,Lovira
107531,Rain 1,Vägskäl
107532,Rain 2,Vägskäl
107533,The Night The Earth Stood Still,Vägskäl
107534,Wish I Were Holding Your Hand Right Now,Vägskäl
107535,Naked Skin,Vägskäl
107567,Sleepwalkers,Linda Draper
107568,My Own Heart Let Me More Have Pity On,Kelly Latimore
107569,Walk In Season,Kelly Latimore
107570,Papunya,Kelly Latimore
107571,Cello,Kelly Latimore
107572,Mt. Princeton,Kelly Latimore
107573,Xenophilia,Kelly Latimore
107574,Blooming and Blushing,Kelly Latimore
107575,Fields of Phosphene,Kelly Latimore
107576,No More Solos,Kelly Latimore
107577,Leaving Rooms,Kelly Latimore
107578,Trails,Kelly Latimore
107579,Abiding,Kelly Latimore
107580,Ode to Ken Senior's Saunterings,Kelly Latimore
107581,Ode to the Unaccountable,Kelly Latimore
107582,Ode to Travis' Dream,Kelly Latimore
107583,Ode to the Draft Horse,Kelly Latimore
107584,Ode to Diving Pelicans,Kelly Latimore
107585,Ode to,Kelly Latimore
107586,Ode to What I Don't Own Part I,Kelly Latimore
107587,Ode to What I Don't Own Part II,Kelly Latimore
107588,Ode to Diving Pelicans (Reprise),Kelly Latimore
107589,Ode to Humming,Kelly Latimore
107590,Ode to the Woman Who Was Crying in Rob Roy Park,Kelly Latimore
107591,Ode to the Beloved Basement Saints,Kelly Latimore
107592,Prelude,Kelly Latimore
107593,Snacilep Gnivid ot Edo,Kelly Latimore
107594,Useful and Useless,Kelly Latimore
107595,Fields of Phosphene,Kelly Latimore
107596,Armitage,Kelly Latimore
107597,No More Solos,Kelly Latimore
107598,Tuning,Kelly Latimore
107613,Ugly,Vienna Ditto
107614,By Way of Apology,Vienna Ditto
107615,Stop,Vienna Ditto
107616,I Know His Blood,Vienna Ditto
107617,La Nina Blanca,Vienna Ditto
107619,Rubberneck,Magnapinna
107620,Erm... Cheers pal,Magnapinna
107621,It was man,Magnapinna
107622,Clockwatcher,Magnapinna
107623,Gideon,Magnapinna
107649,This Is The Sound,Tony Gage
107652,Overkill (13-04-2013),Tony Gage
107653,The End of the Film,Tony Gage
107655,Bassist Instinct,Tony Gage
107656,Buzzer,Tony Gage
107657,Waiting in the Dark,Tony Gage
107658,RSTON outro music,Tony Gage
107659,80s Action Movie,Tony Gage
107660,Sunday Afternoon mix down,Tony Gage
107661,You've got the makings of a star (preliminary version),Tony Gage
107662,DEATHGRIND,Tony Gage
107743,Fast As Fuck/School Days,Hector's Pets
107744,Meltdown Momma,Hector's Pets
107745,Like A Dog,Hector's Pets
107747,New Job,Hector's Pets
107748,Station Wagon/Teenacher,Hector's Pets
107749,Year Of The Pets,Hector's Pets
107799,Fallen So Far,Landskap
107800,Malignant Flip,Tab & Anitek
107802,ReIntroduction,The Impossebulls
107804,The Libra Lunologists,Fields of Ohio
107805,Human,Acherontia
107808,End of The Line,myk.
107809,Fortitude,J.O.
107810,Birds Don't Sing,TV Girl
107814,Life Slow Down (DefMixx for 80Sixx),Jamod Allah
107815,Cry for the Children,Jamod Allah
107831,Fresh Summer,The Honorable Sleaze
107842,"Summers, Past",The Honorable Sleaze
107843,Damn,The Honorable Sleaze
107844,Out The Park (Flying High),The Honorable Sleaze
107845,Time Is Of The Essence (Noire Mix),The Honorable Sleaze
107846,Tell 'Em (Oh No),The Honorable Sleaze
107847,"Stunna Shades, Pt. II",The Honorable Sleaze
107848,360 (Turns),The Honorable Sleaze
107849,AIRS,The Honorable Sleaze
107850,"Summers, Past, Pt. II",The Honorable Sleaze
107851,Gypsy Cab,Pete Lund
107852,Last Addiction,Pete Lund
107854,All time low,Dr. Mindflip
107856,Grey day,Dr. Mindflip
107908,Spirtus...,Project 5am (Feat. DJ Whodini)
107909,The Librettist,Project 5am
107910,Yves,Project 5am
107911,"My Mind To Me, My Kingdom Is",Project 5am
107912,The Dream,Project 5am
107913,"5am, Wabi Sabi",Project 5am
107949,Miralo bien,Mamá Patxanga
107950,Seguem arran,Mamá Patxanga
107951,Caliente! Caliente!,Mamá Patxanga
107952,Me importa,Mamá Patxanga
107953,Como el humo,Mamá Patxanga
107954,Vente,Mamá Patxanga
107955,Gira,Mamá Patxanga
107956,Que dius?,Mamá Patxanga
107957,Síguela,Mamá Patxanga
108012,"Tarzan, On the Topic of Your Stepmother...",Zach Fleury
108014,"Hey, Marie.",Zach Fleury
108015,a Murden Lullaby.,Zach Fleury
108016,"Phoenix Jane, or Jeanne Phénix, if You Will.",Zach Fleury
108017,Sunburn,Lee Rosevere
108018,Grey Sunday,Lee Rosevere
108019,Flight,Lee Rosevere
108020,Memories Again,Lee Rosevere
108021,Soulmates,Lee Rosevere
108022,I Trusted You,Lee Rosevere
108023,Autumn Fields,Lee Rosevere
108024,Waiting in the Rain,Lee Rosevere
108025,Sunset,Lee Rosevere
108026,The Idea of Space,Lee Rosevere
108027,I Trusted You (ambient reprise),Lee Rosevere
108028,Waiting,Wann
108029,Guayedra,Wann
108030,Dreamelectro,Wann
108031,Happy Birthday,Wann
108032,She's a Robot,Wann
108033,Celebrate,Wann
108034,You or nothing,Wann
108035,Rubicone,Wann
108036,Mr. White,Wann
108037,Autogenic,Kubark
108038,Meat,Kubark
108047,Sanity I steal from you,Radioactive Sparrow
108048,Get up on the dance floor (studio version),Radioactive Sparrow
108049,Migration,Radioactive Sparrow
108050,Space horror,Radioactive Sparrow
108052,Camel train,Radioactive Sparrow
108053,You're on a motorbike,Radioactive Sparrow
108058,Out in the world,Radioactive Sparrow
108059,An American story,Radioactive Sparrow
108060,An album from the future,Radioactive Sparrow
108075,Conflagración,Viva Belgrado
108076,"Ego Redibo, Tu Nunquam",Viva Belgrado
108077,Ersa,Viva Belgrado
108078,Crisálida,Viva Belgrado
108079,Uróboros,Viva Belgrado
108148,Entre aires de grandeza,Interlude
108149,Olvido,Interlude
108150,La voz de los sin voz,Interlude
108151,Viernes de Nakba,Interlude
108152,Ecos del norte,Interlude
108153,La senda del esclavo,Interlude
108154,A la deriva,Interlude
108155,Wounded knee 1890,Interlude
108187,Free In E,Alien Whale
108188,Space Boots,Alien Whale
108192,Garage,Alien Whale
108215,I Want You Alice,Marlaja Virta
108216,Dick Laurent is dead,Marlaja Virta & ono
108217,I Want You Alice_version,Marlaja Virta & ono
108218,Algo Cián,Crisopa
108219,You will never have me,Marlaja Virta & ono
108220,Un Santa Claus a las 6,Crisopa
108221,Tetris triste,Crisopa
108222,Nana Veloz,Crisopa
108227,Viaton sydän,Marlaja Virta
108228,Lempeä sydän,Marlaja Virta & ono
108229,Lumoava sydän,Marlaja Virta & ono
108230,Pahuutta sydän,Marlaja Virta & ono
108290,What's This Magical,Celebration
108291,Junky,Celebration
108292,Honey Suckle Blue,Celebration
108293,I will Not Fall,Celebration
108294,Great Pyramid,Celebration
108295,Open Your Heart,Celebration
108296,Shelter,Celebration
108297,Battles,Celebration
108298,Kilimanjaro,Celebration
108299,Intro,Carter Behnke
108300,Broken Words,Carter Behnke
108301,My Ship,Carter Behnke
108302,Lighthouse,Carter Behnke
108303,In Limbo,Carter Behnke
108304,If You Tell Me (Who I Am) Feat. Steffe Welton,Carter Behnke
108305,Time To Go,Carter Behnke
108306,Frightened Friend,Carter Behnke
108307,Take Me With You,Carter Behnke
108308,Outro,Carter Behnke
108309,trnsmtcn,BTB
108310,comfort,BTB
108311,ybrk id,BTB
108312,nbrk id,BTB
108313,What Chills What Thrills,Cagey House
108314,The Shape of our Galaxy,Cagey House
108315,Crypto I,Cagey House
108316,Crypto II (Dude Lord Draco),Cagey House
108317,Crypto III (Merovingian Hey),Cagey House
108318,Angels for Feldman,Cagey House
108319,I Ask for Your-Blessing,Cagey House
108339,Wizard House,Azureflux
108341,Beast Mode,Azureflux
108342,Reckless,Azureflux
108343,Wake The Fuck Up (Azureflux Remix),The Prodigy
108415,AstroTurf,UncleBibby
108416,HomeBaser,UncleBibby
108418,sandwork,UncleBibby
108420,Sillable,UncleBibby
108421,Sunshiner (TWOPLUSFADE mix),UncleBibby
108422,YearBear,UncleBibby
108423,Heavin' On Earth,UncleBibby
108425,Use Me,cultureculture
108426,Giving It Up,cultureculture
108427,Baby Blue,cultureculture
108428,Pouring Down,cultureculture
108429,Take the Ticket,cultureculture
108440,"Bloc Party (Featuring CM aka Creative, The Honorable Sleaze, C-Doc & Mported Flows)",Cheese N Pot-C
108441,Party All Tha Time,Cheese N Pot-C
108452,Key Money (Featuring 34Pro),Cheese N Pot-C
108453,Not Tha Hype,Cheese N Pot-C
108454,Nite Ranga Racoonz,Cheese N Pot-C
108455,Gareth (Featuring Gareth),Cheese N Pot-C
108456,Ahem,Miracles of Modern Science
108457,Dear Pressure,Miracles of Modern Science
108459,Don't You See?,Miracles of Modern Science
108460,The Singularity,Miracles of Modern Science
108461,Physics Is Our Business,Miracles of Modern Science
108462,Xeroxe,Lee Rosevere
108463,Earthe,Lee Rosevere
108464,Astronomia,Lee Rosevere
108471,New Element,Alex Mason
108472,The Inspiration,Alex Mason
108473,Sunrise and Sunset,Alex Mason
108474,Rise Of An Empire,Alex Mason
108475,"No Hope, No Salvation",Alex Mason
108476,Lost Planet,Alex Mason
108477,Watchword,Alex Mason
108478,We'll All Die,Alex Mason
108487,About myself (outro),Sun Sunych
108488,Intro (ft. Alex East Block),Sun Sunych ft. Alex East Block
108489,Schooner,Sun Sunych
108490,Everything in you,Sun Sunych
108491,Ball,Sun Sunych
108492,43-13,Sun Sunych
108493,Ladder (ft. DanBrown),Sun Sunych ft. DanBrown
108494,Life (ft. Marina Zakharchenko),Sun Sunych ft. Marina Zakharchenko
108495,Toys (ft. DanBrown),Sun Sunych ft. DanBrown
108496,Pegasus,Sun Sunych
108497,Clock,Sun Sunych
108498,Coin (ft. Alex East Block),Sun Sunych ft. Alex East Block
108499,Vulgar song,Sun Sunych
108500,I'd better (ft. Sunniq & Alex East Block),Sun Sunych ft. Sunniq & Alex East Block
108501,Dozen,Sun Sunych
108502,Slender Man,Voodoo Puppets
108503,Electric Chair Blues,Voodoo Puppets
108504,Lewy,Botinki Ra
108505,Prawy,Botinki Ra
108524,Get Ready,Ghost By Nature
108525,Quest,Ghost By Nature
108526,Brain Tracker,Ghost By Nature
108527,Late Night In The Park,Ghost By Nature
108528,Funk Therapy,Ghost By Nature
108529,Firecracker,Ghost By Nature
108530,Skatter,Ghost By Nature
108531,Robot Builder,Ghost By Nature
108532,Open Box,Ghost By Nature
108533,The Prowler,Ghost By Nature
108745,Sad Ass Song,Cheese N Pot-C
108758,Treatz (Instrumental),Cheese N Pot-C
108760,Nuthin Bout Tha Weather (Instrumental),Cheese N Pot-C
108762,Tha Scratch Track,Cheese N Pot-C
108764,NGTSHFTRMX (Featuring Revalation),Tha Silent Partner
108765,NGTSHFTRMX(TSPMENTAL),Tha Silent Partner
108771,Flamez Tree,Cheese N Pot-C
108772,Flames (OG Version),Cheese N Pot-C
108773,Givin' Ya Stress,Cheese N Pot-C
108774,Bloc Party (Instrumental),Cheese N Pot-C
108775,"Bloc Party (Acapella) (Featuring CM aka Creative, The Honorable Sleaze, C-Doc & Mported Flows)",Cheese N Pot-C
108788,Remove Your Brain (Bonus Track),D3Zs
108792,Mr.Midnight,D3Zs
108793,Let The Music Play (Featuring Pot-C),D3Zs
108795,Stay On,D3Zs
108797,Inner Mission (Featuring T-Pick & 34Pro),D3Zs
108798,MCs,D3Zs
108799,ABCs,D3Zs
108800,Automatic (Featuring High-5),D3Zs
108801,Checked,D3Zs
108802,Childhood Memories,D3Zs
108803,Club Hoppin',D3Zs
108804,Crazy From The Heat,D3Zs
108805,Imagination,D3Zs
108806,Last Call,D3Zs
108808,The Trap,D3Zs
108809,The Zombies (Featuring T-Pick),D3Zs
108810,Night Flies (Featuring James Esco & Tycoon),D3Zs
108811,Words (Featuring 34Pro),D3Zs
108812,Wake Up,D3Zs
108836,Bollywood Funky Horror Music (Main Mix),Tha Silent Partner
108837,Slapped In The Old Country 3,Tha Silent Partner
108838,On Harry Love Drums,Tha Silent Partner
108839,Lemon (SO7 Edit),Tha Silent Partner
108840,Faraway (4 Mike & Annie),Tha Silent Partner
108841,Head Cold,Tha Silent Partner
108842,Subterranean Homesick Blues,The Impossebulls
108843,Doin Nothin (Deja Vu),The Impossebulls
108845,ReIntroduction,The Impossebulls
108846,Story (Telling),The Impossebulls
108847,Renaissance Era,The Impossebulls
108863,"Trendafilcheto, Karamfilcheto",Black Sea Hotel
108864,Sadila Jana,Black Sea Hotel
108865,Mori Dobro Vecher,Black Sea Hotel
108866,Ibish Aga,Black Sea Hotel
108867,Malka Moma Dvora Mela,Black Sea Hotel
108868,Snoshti Sum Libe,Black Sea Hotel
108878,This is based upon a true story,Plusplus
108879,Jail,Plusplus
108880,Piano song,Plusplus
108881,Dieter Rams,Plusplus
108882,Psycho,Plusplus
108883,Gentle Man,Plusplus
108884,Plantopia,Plusplus
108885,The Rolling Hills of England,Plusplus
108906,Did you know? (Curiouser and curiouser),Fabian Measures
108924,Can't Fix Crazy,Awkward Girls
108925,Epic Adventure,Awkward Girls
108929,House Beers,Awkward Girls
108937,WELCOME,Dyman
108938,NÉVEGA,Dyman
108939,INSOMNIA,Dyman
108940,SEARCHING FOR NEW SPECIES,Dyman
108941,PLANET X,Dyman
108942,LION,Dyman
108944,FLYING,Dyman
108946,GHOST,Dyman
108949,MY BEST FRIEND IS AN ALIEN,Dyman
108950,KETAMINA,Dyman
108951,A.N.A,Dyman
108952,LAST MESSAGE,Dyman
108953,Prologue,The Mystery Artist
108954,Bones (part of flesh),The Mystery Artist
108955,The Grave,The Mystery Artist
108956,Fall Into My Knees,The Mystery Artist
108957,Travels,The Mystery Artist
108958,Hidden,The Mystery Artist
108959,Into Her Arms,The Mystery Artist
108960,The End Part 2,The Mystery Artist
108961,Mr. Person,The Mystery Artist
108962,Unquietness,The Mystery Artist
108963,Released/Unbound,The Judy Blooms
108964,Lovers Before,The Judy Blooms
108965,Back To The Coast Of Love,The Judy Blooms
108966,Swimming In Caves,The Judy Blooms
108967,Cast Away,The Judy Blooms
108968,Double Life,The Judy Blooms
108969,Eyes Laureen,The Judy Blooms
108970,Universal Brain,The Judy Blooms
108987,In Images / Nothing To Remember,Vaniish
108988,Search and Replace,Vaniish
108989,Cold Fascination,Vaniish
108990,Merge,Vaniish
108991,Observatory Time,Vaniish
108992,Loss Of Sensation,Vaniish
109046,Over The Earth,King Imagine
109047,Trojan,King Imagine
109049,Content,King Imagine
109050,Mivina,King Imagine
109051,Fireplacehouse,King Imagine
109052,Hallucinations From Hot,King Imagine
109053,Dawn Of Victory,King Imagine
109054,Mushrrooms Says,King Imagine
109062,Expérimentations De Voix Humaine (Première Partie),Uton
109063,Expérimentations De Voix Humaine (Seconde Partie),Uton
109064,"Ahem, to Say the Least",Rene Kita
109068,Hip Bee,Rene Kita
109069,The Doom Boom,Rene Kita
109070,Chopped Liver,Rene Kita
109071,Barrel of Laughs,Rene Kita
109072,Constipation Boogie,Rene Kita
109073,Killer,Kraus
109074,The Wings of the Horse,Kraus
109076,Rock Mucis,Kraus
109078,Cry into Pillow,Kraus
109079,Dreame Gurl,Kraus
109080,Workers in Control,Kraus
109081,Coronation Song (Live),Kraus
109082,Love Crime (Live),Kraus
109083,Cardigan in Cashmere,Kraus
109092,Sine Processor,CKZ
109093,Klya Vioxx,CKZ
109094,Xilix,CKZ
109095,Sophiantibin,CKZ
109096,The Proper Demons,CKZ
109097,S-F 13,CKZ
109098,Reveal Conspiracies,CKZ
109099,Digital Scratch,CKZ
109100,You're Not Real,CKZ
109101,Dim Shrewd,CKZ
109102,In Our World There Is Fantasy,CKZ
109103,A Angústia das Plantas na Varanda,CKZ
109104,Mellow Scabies 0.5,CKZ
109106,100%/punk paradox,100% BLACK
109108,NEW THING,100% BLACK
109111,MY CHARACTER IS THE UNIVERSE,100% BLACK
109112,WHAAA,100% BLACK
109113,INTO THE BUZZKILL,100% BLACK
109144,neziba,Marco Raaphorst
109189,Solvet Cosmos In Favilla,Aires
109191,Erebus,Earthly Beasts
109203,C'est la vie,Mário Gajarský
109235,Sha Na,Vicky and The Vengents
109236,Not Your Little Girl,Vicky and The Vengents
109237,Used To Be My Baby,Vicky and The Vengents
109238,The Time It Takes To Break A Heart,Vicky and The Vengents
109240,Outta My Mind,Vicky and The Vengents
109276,Holopgraphic Riddance,Razen
109349,Pride,intouch
109350,Lost Holiday,TIGERBERRY
109351,Wanted To Say,TIGERBERRY
109352,Hard To Realize,TIGERBERRY
109353,Burn MF,TIGERBERRY
109354,Killing My Time,TIGERBERRY
109355,Beautiful Day,TIGERBERRY
109356,Tragic Magic,TIGERBERRY
109357,Dumb,TIGERBERRY
109373,"Quem Conta Um Conto, II",Sara Pinheiro
109374,Bits & Pieces,Timo Kahlen
109436,To Die a Thousand Deaths,Winkie
109438,Illuminated,Winkie
109442,The Line Up,Winkie
109443,Sometimes,Winkie
109444,The Safest Place Is Denial,Winkie
109445,Tonight We Will Rise,Stephen Bartolomei
109446,Weary Blues,Stephen Bartolomei
109447,Smoke In The Cupboard,Stephen Bartolomei
109448,Brick Song,Stephen Bartolomei
109449,Big Engine,Stephen Bartolomei
109450,Wolf Song,Stephen Bartolomei
109464,Gold,The Pink Tiles
109465,Don't Be Shy,The Pink Tiles
109466,Mourning,The Pink Tiles
109467,The Boy I Love,The Pink Tiles
109468,Ordinary Girl,The Pink Tiles
109470,Boo The Cat,The Pink Tiles
109471,It's Difficult,The Pink Tiles
109472,Cut It Out,The Pink Tiles
109473,Music Industry Event,The Pink Tiles
109474,There She Goes,The Pink Tiles
109475,Stood Up,The Pink Tiles
109476,State Of The Nation,The Pink Tiles
109477,Standing Still,Rachel Ries
109480,Ghost,Rachel Ries
109481,Sick Joke,Doom
109482,Fear of the future,Doom
109484,Life Lock,Doom
109485,Bury The Debt,Doom
109489,Exploitation,Doom
109492,Natura Abuse,Doom
109493,Nazi Die,Doom
109494,Relief,Doom
109495,Pro Life Control,Doom
109496,Suffer In Silence,Doom
109497,Police Bastard,Doom
109498,Leavin' Me Hangin',The Electric Mess
109502,Beat Skipping Heart,The Electric Mess
109503,Get Me Outta The Country,The Electric Mess
109504,She Got Fangs,The Electric Mess
109505,House On Fire,The Electric Mess
109506,Lemonade Man,The Electric Mess
109507,Better To Be Lucky,The Electric Mess
109524,Alkaloid,Uno Datwangi
109529,Ape,Uno Datwangi
109532,Phonoroom,Uno Datwangi
109535,HyperSpaceAdventure,Skip
109536,NTD4,Skip
109537,Planet Cruizer,Skip
109538,NTD11,Skip
109539,"Spring, Summer, Fall, Winter... and Spring",Newton Balloon
109540,"Leaving Me, Loving You",Newton Balloon
109541,Kid Tricycle,Newton Balloon
109542,Air Born,Newton Balloon
109543,Fallen Astronaut,Newton Balloon
109548,alittlebitofjazz,East of Borneo
109551,groovefirst,East of Borneo
109646,Part I,Felipe Sanzana
109653,U Got It Bad,D3Zs
109657,Solar Energy,D3Zs
109658,"Bloc Party 2 (Featuring CM aka Creative, C-Doc, The Honorable Sleaze, L-Mega & Pot-C)",D3Zs
109659,Sweet Dreams,D3Zs
109661,Toe To Toe,D3Zs
109665,LeFevere,D3Zs
109668,Its Time (Featuring Pot-C),D3Zs
109669,Thru The Night (Featuring Sam Craig),D3Zs
109670,Peaceful Garden,D3Zs
109681,My Place,CM & Tha Silent Partner
109682,You Got That Good Thing,CM & Tha Silent Partner
109683,I Had To,CM & Tha Silent Partner
109684,"Big, Bad, And Heavy (Intro)",CM & Tha Silent Partner
109685,Hold It Down (Featuring Trus Real),CM & Tha Silent Partner
109686,What's It All For,CM & Tha Silent Partner
109687,Propaganda,CM & Tha Silent Partner
109705,Glitch Amp,Tiruset
109709,Machine Birth,Tiruset
109710,Fat fly (Autorelease),Tiruset
109711,Soundscape 234,Tiruset
109712,Symmetrical,Tiruset
109723,SnowJazz,Tab & A.U.R.C.
109731,Robotnix,Tab
109874,Water Trolls,Black Elf Speaks
109880,Land of the Tree,Black Elf Speaks
109896,What Strange Love,Debby Schwartz
109897,"Satan, You Brought Me Down",Debby Schwartz
109898,Ambivalent,Debby Schwartz
109899,Hills of Violent Green,Debby Schwartz
109900,London,Debby Schwartz
109901,Dreaming New York City in the Middle of LA,Debby Schwartz
109902,Arise,Debby Schwartz
109903,My Hope,Debby Schwartz
109904,All To Become Somebody,Debby Schwartz
109905,Sitting In a Garden of My Own,Debby Schwartz
109906,Hummingbird,Debby Schwartz
109907,Corridor,Ballroom
109914,Over The Moon,Radiana
109916,Tigress On A Train Moving Fast,Radiana
109920,Glass Mountain,Radiana
109921,Koffie Door Een Rietje,JTPE
109922,Bedroom Junglist,JTPE
109923,Oude School (l12 rmx rmx),JTPE
109924,Roberts Theme,JTPE
109925,Blacklisted,JTPE
109957,"shanti devi golden child, bluhd",Phemale
109958,"au retarde , ferox",Phemale
109960,30,Phemale
109962,Forever Yung,Phemale
109963,P.O.T.P.,Phemale
109971,Kind Stranger,Phemale
109972,X,Phemale
109973,Athanatos,Phemale
109974,Plastination,Phemale
109975,City Silk,Phemale
109976,1/1/2013,Phemale
109977,Two Horrible People,Phemale
109978,Deeply Personal,Phemale
110070,Road Warriors,The Impossebulls
110075,FreeSpit,The Impossebulls
110076,The Breath I Got Left,The Impossebulls
110077,HaveNots Mascot,The Impossebulls
110078,When It Dies,The Impossebulls
110079,Chapter III,The Impossebulls
110080,The Anthem of the Opening Act,The Impossebulls
110081,Runnin' With The Bulls,The Impossebulls
110082,The GetBack,The Impossebulls
110083,The GetDown,The Impossebulls
110084,The GetUp,The Impossebulls
110085,Bigger Than You,The Impossebulls
110086,Think (About It),The Impossebulls
110102,Final Sector,Azureflux
110103,Popcorn Blast,Azureflux
110104,Superbyte,Azureflux
110105,Eat My Chips,Azureflux
110106,Expedition,Azureflux
110107,Catnip,Azureflux
110108,Rainbow Ride,Azureflux
110109,World 10 (Azureflux Remix),Rushjet1
110110,Journey (Azureflux Remix),McMaNGOS
110111,Summer Wars (Azureflux Remix),Rhythmics & Cat Like Thief
110159,Sharon Shouldn't,The #1s
110160,Favourite Game,The #1s
110161,Heartsmash,The #1s
110162,Lie To Me,The #1s
110163,Tell Me Why,The #1s
110164,Long Way To Go,The #1s
110165,Boy,The #1s
110166,Sixteen,The #1s
110167,I Wish I Was Lonely,The #1s
110169,It Is What It Is,Peter Biedermann
110170,Celtschmeltz,Peter Biedermann
110171,Painting With Sound,Peter Biedermann
110172,Blues For Big Red,Peter Biedermann
110204,La tapa del domingo,Circus Marcus
110205,La tapa del jueves,Circus Marcus
110206,La tapa del lunes,Circus Marcus
110207,La tapa del miércoles,Circus Marcus
110208,La tapa del sábado,Circus Marcus
110209,La tapa del viernes,Circus Marcus
110230,First Ordeal,Host
110231,Second Ordeal,Host
110232,Third Ordeal,Host
110234,house of the earth's axis,keith helt
110259,In Tune (J. Glaze Remix),Kellee Maize & J. Glaze Productions
110260,I Insist (J. Glaze Remix),Kellee Maize & J. Glaze Productions
110261,Mad Humans (J. Glaze Remix),Kellee Maize & J. Glaze Productions
110262,Big Plans (J. Glaze Remix),Kellee Maize & J. Glaze Productions
110263,Owl Time (J. Glaze and Udachi Remix),Kellee Maize & J. Glaze & Udachi
110264,Catch Me (J. Glaze Remix),Kellee Maize & J. Glaze Productions
110265,Fact Is Remix (J. Glaze and Udachi Remix),Kellee Maize & J. Glaze & Udachi
110266,Hasta Abajo Remix (J. Glaze and Mike Cash Remix),Kellee Maize & J. Glaze & Mike Cash
110267,In The Night - Game of Thrones Remake (J. Glaze Remix),Kellee Maize & J. Glaze Productions
110274,black hole mystery,tramuc and darius
110384,Train Coming In,Peter Biedermann
110403,Jamming on my Jug,Cloudjumper
110404,Get it on,Cloudjumper
110405,Hourglass,Cloudjumper
110406,Pushing Buttons,Cloudjumper
110407,A forests Dream,Cloudjumper
110408,Dirty Thoughts,Cloudjumper
110409,Getting Low,Cloudjumper
110410,Against The Gates,Vows
110411,I Think I Remember,Vows
110412,Councillor,Vows
110413,Stranger,Vows
110414,Holy Youth,Vows
110415,Symbol System,Vows
110416,It's You,Vows
110417,The Great Show,Vows
110418,I Dismember You,The Money Shot
110422,1969,The Money Shot
110424,Raw Dog,The Money Shot
110425,Killer Clown,The Money Shot
110426,Money Shot,The Money Shot
110429,Diver Blue,1-800-Band
110430,Here Comes Summer,1-800-Band
110434,Many Happy Returns,1-800-Band
110436,A Stranger's Map Of Texas,Michael Chapman
110437,Cado Lake,Michael Chapman
110438,Just Another Story,Michael Chapman
110439,Back In Fishtown,Michael Chapman
110440,Fahey's Flag,Michael Chapman
110441,Ponchatoula,Michael Chapman
110447,Feeling,Papascandy
110448,Demmadont,Papascandy
110449,Why wasting,Papascandy
110450,Warrior,Papascandy
110451,Linton,Papascandy
110452,Dubadont (chalart58 remix),Papascandy
110545,Fish Newark And Die,High Times
110546,Two Maps And A Live Shot,High Times
110610,Power ON,Jeff Kolar
110611,Happy Birthday To You,Jeff Kolar
110623,Albertine,Mirbeau
110624,Blue Notes Gone Red,Mirbeau
110625,For Loren,Mirbeau
110626,Her Dark Eyes Flashed,Mirbeau
110627,Humiliated and Insulted,Mirbeau
110628,Mistake After Mistake After Mistake,Mirbeau
110629,"Red, Like a Lock of Her Hair",Mirbeau
110630,Worried Notes,Mirbeau
110631,Rift Canyon Valley,Eidetic Seeing
110632,It's Brick Out,Eidetic Seeing
110633,Deep Falafel Prophet,Eidetic Seeing
110634,No Pilot,Eidetic Seeing
110635,Primeribneon/Waves And Radiation,Eidetic Seeing
110636,It's Not Blood It's Gamelan,Eidetic Seeing
110637,Variations on a Reinterpretation of Lord Śiva,Eidetic Seeing
110647,Partisian Song,Il Sogno Del Marinaio
110648,Nanos' Waltz,Il Sogno Del Marinaio
110649,Animal Farm Tango,Il Sogno Del Marinaio
110650,Punkinhead Ahoy!,Il Sogno Del Marinaio
110651,Stucazz?!!,Il Sogno Del Marinaio
110652,Verse IX,Il Sogno Del Marinaio
110653,Il Sogno Del Fienile,Il Sogno Del Marinaio
110654,Skinny Cat,Il Sogno Del Marinaio
110681,Suspiciously Unhealing Tools,HighWay17
110683,Parts Left On The Stretchers,HighWay17
110684,Fragile Jaws,HighWay17
110687,Soaring Together,Anima
110688,The Beating Sun,Anima
110689,Gli Spiriti,Anima
110690,Spirit of the Valley (feat. M-PeX),Anima
110691,The Waning Moon,Anima
110710,Non Seguire Le Mie Tracce,Chris Silver T and Mauro Sambo
110711,Fumi Distanti,Chris Silver T and Mauro Sambo
110718,U Got It Bad (Album Version),D3Zs
110723,We Know Kung-Fu (Featuring Pot-C & T-Pick),D3Zs
110724,U Got It Bad (Album Instrumental),D3Zs
110725,U Got It Bad (Acapella),D3Zs
110727,Crazy Ig,D3Zs
110728,Prime Rhyme,D3Zs
110729,Beats 4 Wings,D3Zs
110733,"Bloc Party 2 (Bobo Time Mix) (Featuring CM aka Creative, C-Doc, The Honorable Sleaze, L-Mega & Pot-C)",D3Zs
110734,"Bloc Party 2 (Is She Really Goin' Out Mix) (Featuring CM aka Creative, C-Doc, The Honorable Sleaze, L-Mega & Pot-C)",D3Zs
110735,Bloc Party 2 (Instrumental),D3Zs
110736,"Bloc Party 2 (Accapella) (Featuring CM aka Creative, C-Doc, The Honorable Sleaze, L-Mega & Pot-C)",D3Zs
110742,1Nation (One Fam),The Impossebulls
110743,Textbook,The Impossebulls
110744,Textbook Response,The Impossebulls
110756,Mediaocrity,The Impossebulls
110758,Strictly Hiphop,The Impossebulls
110760,RSVP,The Impossebulls
110761,Chapter II,The Impossebulls
110762,Eighty-Six,The Impossebulls
110763,The Tables Turn (Remixx),The Impossebulls
110764,Strictly Hiphop (Undertheunderground Mixx),The Impossebulls
110765,Hellidays (b/w Christmas in Hollis),The Impossebulls
110766,"One Man's Dope (Bottles, Knives, and Steel Mix)",The Impossebulls
110767,Volume (Alih's Remix),The Impossebulls
110768,Strictly Hiphop (A Tribute to Rick James) LIVE,The Impossebulls
110769,1Nation (One Remixx),The Impossebulls
110770,For More Years,The Impossebulls
110771,For More Years (Instrumental),The Impossebulls
110772,Circle of Lies (Instrumental),The Impossebulls
110773,Circle of Lies (Acapella),The Impossebulls
110774,RSVP (Part 2),The Impossebulls
110775,Volume (Video Edit),The Impossebulls
110776,1Nation (One Fam) (MMC Remix),The Impossebulls
110777,Volume (Mad Apples Remix),The Impossebulls
110778,Circle of Lies (Mad Apples Remix),The Impossebulls
110779,Volume (Original Demo Instrumental),The Impossebulls
110856,Ultimate Painting,Ultimate Painting
110857,Rolling In The Deep,Ultimate Painting
110858,Can't You See,Ultimate Painting
110859,Talking Central Park Blues,Ultimate Painting
110860,Three Piers,Ultimate Painting
110861,Riverside,Ultimate Painting
110862,Winter In Your Heart,Ultimate Painting
110863,Ten Street,Ultimate Painting
110923,Carnival Song,Humble Tripe
110924,The Giving,Humble Tripe
110925,November,Humble Tripe
110926,Acrobat's Affair,Humble Tripe
110927,Anchors,Humble Tripe
110928,Alice,Humble Tripe
110932,Jungle Virgin Force,Citizen Blast Kane
110933,Jaws HD,Citizen Blast Kane
110935,Fastball,Citizen Blast Kane
110943,Timmy Forsythe,Citizen Blast Kane
110944,King Of The Park,Citizen Blast Kane
110980,Time Forward,Antethic
110981,Old Maui Girls,Antethic
110982,This Game Has No Name,Antethic
110983,Morning Glory,Antethic
110985,Cheliuskin,Antethic
110986,flammes,Presque Maudit
111015,All is Lost is Found,krackatoa
111146,Prelude 1,Rod Hamilton
111147,Dance 1-4,Rod Hamilton
111148,Prelude 3,Rod Hamilton
111149,Aqua 2,Rod Hamilton
111150,Treppe 4,Rod Hamilton
111151,Prelude 2,Rod Hamilton
111153,Aqua 1,Rod Hamilton
111154,Treppe 3,Rod Hamilton
111166,Pool without water,Fantastic Swimmers
111167,Rah-rah!,Fantastic Swimmers
111182,The Light Resides,Sondra Sun-Odeon
111183,The Apple/Violent Sea,Sondra Sun-Odeon
111185,Belonging,Sondra Sun-Odeon
111186,Paradise,Sondra Sun-Odeon
111187,Oaks,Sondra Sun-Odeon
111188,Moved By Joy,Sondra Sun-Odeon
111207,Totem,Be Forest
111208,Ghost Dance,Be Forest
111209,Captured Heart,Be Forest
111210,Lost Boy,Be Forest
111211,Airwaves,Be Forest
111212,Totem II,Be Forest
111213,Sparkle,Be Forest
111214,Florence,Be Forest
111215,Hideaway,Be Forest
111216,Un quintero normal,Minicomponente
111217,Un poco de kombucha,Minicomponente
111219,Ay señor! (dumbia texturosa),Minicomponente
111220,Traveller Theme,Mystified
111221,Running From An Evil Force,Mystified
111222,Spooky Theme,Mystified
111223,Stalker Theme,Mystified
111224,Calm Before The Storm,Mystified
111225,Zombie Theme,Mystified
111226,Alien Mayor Theme,Mystified
111227,Space Traveller Theme,Mystified
111228,Detective Theme,Mystified
111229,Searching Streets,Mystified
111230,Vortex Theme,Mystified
111231,Revisiting Recurring,LAZY SALON
111232,Eighty Fived,LAZY SALON
111233,Long Windows,LAZY SALON
111238,a1,Copor & Ivan Ckonjevic
111306,Where Is My Jaw?,Lately Kind of Yeah
111307,Midnight Sweet Dark,Lately Kind of Yeah
111308,Knight Sword,Lately Kind of Yeah
111309,Meditate,Lately Kind of Yeah
111310,Levitate,Lately Kind of Yeah
111311,+4294 69 -1427,Lately Kind of Yeah
111312,Ekphrastic,Lately Kind of Yeah
111335,springtide,springtide
111367,Anger Lavanda,Fierbinteanu
111368,Chinese Sister,Fierbinteanu
111371,Did You Miss Me,Fierbinteanu
111372,Disco,Fierbinteanu
111374,"Easy, Paolo!",Fierbinteanu
111375,Fire,Fierbinteanu
111376,Gold,Fierbinteanu
111377,I Want to Reach the Stars With You,Fierbinteanu
111378,Keep Walking Away,Fierbinteanu
111379,Killing Me With Your Love,Fierbinteanu
111380,Kinopanorama,Fierbinteanu
111381,Loosen My Grip,Fierbinteanu
111382,Love Will Keep Us Rocking,Fierbinteanu
111383,Manase Pekin,Fierbinteanu
111384,Massive Exposure,Fierbinteanu
111385,Modest Valhala,Fierbinteanu
111386,Monsterina,Fierbinteanu
111387,Negotiable Start,Fierbinteanu
111388,No Knights In Armour,Fierbinteanu
111389,One Day,Fierbinteanu
111390,Partners,Fierbinteanu
111391,Ramirez,Fierbinteanu
111392,Sumatran Tiger,Fierbinteanu
111393,Sweet Punx,Fierbinteanu
111394,"Thank You, Mr. Spot",Fierbinteanu
111395,The Beast Is A Computer In Luxemburg,Fierbinteanu
111396,The Cop,Fierbinteanu
111397,Think I Fall In Love,Fierbinteanu
111398,TX12NO1,Fierbinteanu
111399,Unaware,Fierbinteanu
111400,Vegas,Fierbinteanu
111401,We Wanna Change The World,Fierbinteanu
111402,Yvelines,Fierbinteanu
111409,Schaduwvlokje,JTPE
111410,Scharnier,JTPE
111411,On Sight,JTPE
111412,Paragonissle,JTPE
111413,Jungle Simple,JTPE
111414,Nuttah,JTPE
111415,Confessions (Sicilian Hihats rmx),JTPE
111416,Zoeloe,JTPE
111449,Mjölnir,Fields Ohio
111450,Fenrir Wolf,Fields Ohio
111455,Garorofa,Fields Ohio
111460,Jaguar Witch,Fields Ohio
111462,Fuath,Fields Ohio
111552,Stay,The Easton Ellises
111553,Fall For You,The Easton Ellises
111554,Falcon 69,The Easton Ellises
111555,Artificial Joy,The Easton Ellises
111573,une chanson bien triste,Jarby Mc Coy
111579,ready for the tomatoes,Jarby Mc Coy
111581,boring bee,Jarby Mc Coy
111582,for my love (au canada),Jarby Mc Coy
111583,au supermarché,Jarby Mc Coy
111587,dans la légende,Jarby Mc Coy
111588,outro,Jarby Mc Coy
111637,01 Bones,Thee Irma & Louise
111638,02 Terminal beach,Thee Irma & Louise
111639,03 Up on the mountain,Thee Irma & Louise
111640,04 Mr. Vader wants to see you in his office,Thee Irma & Louise
111641,05 Laughing all the way to the morgue,Thee Irma & Louise
111642,06 Crooked mile,Thee Irma & Louise
111644,08 White hell,Thee Irma & Louise
111645,09 Formikula,Thee Irma & Louise
111646,10 Ah yalan Irma,Thee Irma & Louise
111658,awake,springtide
111665,Monochromatic,Nots
111671,Black Mold,Nots
111672,White Noise,Nots
111701,New Calm Part 2,Ought
111702,Gemini,Ought
111703,You Don't Need Excuses To Be Good,Sloan
111704,Three Sisters,Sloan
111705,Keep Swinging,Sloan
111708,How You Got That Girl,Ex Hex
111709,Beast,Ex Hex
111739,5.7,Csum and Tobetozero
111747,We Might Be Dead By Tomorrow,Soko
111748,Keaton's Song,Soko
111779,brys,Nightech
111780,jevai,Nightech
111781,oiwob,Nightech
111782,iuwe,Nightech
111784,qovxbadl,Nightech
111786,n joerb,Nightech
111787,aweaver,Nightech
111788,powoe,Nightech
111789,ev mclalio,Nightech
111790,vijwer,Nightech
111791,ocbiuv bv,Nightech
111792,sopscoi,Nightech
111793,hobhor,Nightech
111798,A Murder Of Ravens,COW
111799,Amazing Cake,COW
111800,Yoy!,COW
111801,Muscle Memory,COW
111802,Frog Hollow,COW
111803,Red Lion,COW
111804,Wild Justice,COW
111805,The Escape Artist,COW
111806,Flight From Time,COW
111807,Four Ways In,COW
111819,Ad Astra,P C III
111821,Ancient Whispers I,P C III
111822,Cavalcades,P C III
111823,Sisterwind,P C III
111824,The Water of Fire (Or) Singing to the Sea,P C III
111850,^^ The preceding error dump is for ERROR: Message 'stopRecording' not understood.,Wilted Woman
111851,Exercise,Wilted Woman
111855,$ecret potion,Wilted Woman
111864,Work Report #356,MOAN
111865,Void,MOAN
111866,Endymion,MOAN
111867,q8v (cut),MOAN
111868,Clear Your Conciousness (excerpt),MOAN
111869,Gift (two shades of grey - MOAN remix),C.H. District
111870,"Absorption (live, Prague, 25.04.2001)",MOAN
111871,Taint,MOAN
111872,"Between / Associated (live in Cogitatur Theatre, Katowice, 23.03.2002)",MOAN
111873,Sin By Sin (severe illusions - MOAN remix),MULTIPOINT INJECTOR
111902,Mike Who Is Diary?,Camden
111903,Is Our Face Red,Camden
111904,You Seem Capable,Camden
111905,Of Course I'd Try To Save You,Camden
111906,"The Sacred 70's, The Aching 80's (And Where We Were)",Camden
111907,How To Make America Proud,Camden
111908,Not Without Your Blessing,Camden
111909,"A 'c' OK, But A 'd'?",Camden
111910,Just Like Moscow Winter,Camden
111911,"Darling, Applaud",Camden
111918,zakje,ks
111920,knig seiz,ks
111921,ritak dry,ks
111930,Bug,EG111111
111931,Full Turn,EG111111
111932,Kalinka,EG111111
111933,P25,EG111111
111934,A Thing or Two,Ebsa
111935,Hustle Legit,Ebsa
111936,Like it or Not,Ebsa
111937,Remain Resolute,Ebsa
111938,Not Without a Fight,Ebsa
111968,For Our Sake,Gal Pals
111969,Gold Rush,Gal Pals
111972,Here's To The Girls,Gal Pals
111974,Earthquake,Gal Pals
111976,The Yips,Gal Pals
111977,Song Ten,Gal Pals
111978,Do You Ever,Gal Pals
111979,Song Twelve,Gal Pals
111981,Mooks,Chat Logs
111982,Eat Your Heart Out,Chat Logs
111983,Nick Can't Cope,Chat Logs
111985,Turned Heel,Chat Logs
111986,Name Withheld,Even Twice
111987,Stella Howley,Even Twice
111988,Indifferent Light,Even Twice
111989,Figment,Even Twice
111990,City Life,Even Twice
111991,Myriad,Even Twice
111992,Audio Detective/Silver Fever,Even Twice
111993,Brain Eater/Minus Zero Hour/Matter Of Pride,Even Twice
111994,Aego,Serakhe0n
111995,Cavn,Serakhe0n
111996,Manh,Serakhe0n
111997,Niag,Serakhe0n
111998,Regn,Serakhe0n
111999,Red,Serakhe0n
112000,Green,Serakhe0n
112001,Blue,Serakhe0n
112013,Cig Burns,White Wards
112014,New Song,White Wards
112015,Evil Man,White Wards
112020,Cherry Trees,springtide
112065,She,Still Pluto
112066,Lullaby,Still Pluto
112079,Idle,Martin Rach
112080,Determined,Martin Rach
112083,Reflective,Martin Rach
112084,Riding,Martin Rach
112085,Rolling,Martin Rach
112087,Calling,Martin Rach
112088,Anxious,Martin Rach
112133,1+i,Martin Rach
112192,"No. 1, 2, 3, 10, 23, 12, *, 14",Dead Peoples Records
112193,"No. 37, 28, 29, 30, 31",Dead Peoples Records
112194,"No. 39, 40, 42, 45",Dead Peoples Records
112195,"No. 33, 34, 35",Dead Peoples Records
112196,A Nice Phat Juicy One,Dead Peoples Records
112197,Fairies at the Bottom of Our Garden,Dead Peoples Records
112198,I Think We'd Better Wire You Up,Dead Peoples Records
112199,Me!,Dead Peoples Records
112209,Flurry,The OO-Ray
112210,Willow,The OO-Ray
112211,Drifts,The OO-Ray
112212,Cracked Ice,long_loaf
112213,Search,long_loaf
112214,Branches of Da Wires,long_loaf
112215,Tried Tree,long_loaf
112216,Killing (Version),Linnus
112217,Yesterday is Gone,Linnus
112218,Killing the Past,Linnus
112246,Gracias y de nada,Anamoli
112247,Good Bye,Anamoli
112251,Hora lenta,Anamoli
112252,Capullo,Anamoli
112313,Parliament,Cloudkicker
112314,Chameleon,Cloudkicker
112315,Digital Lightning,Cloudkicker
112316,Hassan,Cloudkicker
112317,Signal/Noise,Cloudkicker
112318,Sky Guide,Cloudkicker
112340,Báltica,Viva Belgrado
112343,Osario,Viva Belgrado
112344,Catedrales,Viva Belgrado
112347,( ),Viva Belgrado
112348,Terminalia,Viva Belgrado
112349,Reykjavík,Viva Belgrado
112350,El Gran Danés,Viva Belgrado
112368,Call,Avaren
112369,Precipice,Avaren
112370,Depths,Avaren
112371,Tilt,Avaren
112372,Drive Me,Avaren
112373,Rolling On,Avaren
112374,Wormhole,Avaren
112375,Jumpstyle,Avaren
112376,Oceanica,Avaren
112377,Freefade,Avaren
112378,3 am West End,statusq
112379,All in a Silver Line,statusq
112380,Cheerleader's Manual,statusq
112381,Blank Letter to God,statusq
112382,Connect the Dots,statusq
112383,Dream of the Insomniac,statusq
112384,Scientology and the Masses,statusq
112402,ENTERTAIN US SOME MORE WITH YOUR DOCTOR SEUSS,ODOR BABY
112407,SUPPORT GRAVITY,ODOR BABY
112441,The Spring of 1984,The Impossebulls
112442,HaveNots Mascot (Revolution SureShot Mix),The Impossebulls
112455,The Anthem of the Opening Act (Remixx),The Impossebulls
112460,The GetBack (Instrumental),The Impossebulls
112461,The GetBack (LTD Instrumental),The Impossebulls
112462,And Then There Were Two (Instrumental),The Impossebulls
112465,Road Warriors (Instrumental Edit),The Impossebulls
112467,Think (About It) (Guitar Dubb Overdrive),The Impossebulls
112468,Think (About It) (Plead the 5th Dimension Mixx),The Impossebulls
112470,Bigger Than You (Marvin's Rain Mixx),The Impossebulls
112474,Verbal Origami (Vocal),The Impossebulls
112475,The GetDown (Extended Mixx),The Impossebulls
112476,Verbal Origami (Instrumental),The Impossebulls
112477,Erykah and Jean (Headsnack Remix Instrumental),The Impossebulls
112478,Verbal Origami (Bonus Beats),The Impossebulls
112479,August (Instrumental),The Impossebulls
112480,The GetUp (Instrumental),The Impossebulls
112481,Runnin' With The Bulls (Instrumental),The Impossebulls
112482,The GetDown (Extended Instrumental),The Impossebulls
112483,Bigger Than You (Instrumental),The Impossebulls
112484,The Breath I Got Left (Instrumental),The Impossebulls
112485,Erykah & Jean (Instrumental),The Impossebulls
112486,HaveNots Mascot (Instrumental),The Impossebulls
112487,Breaker 1-2 (Instrumental),The Impossebulls
112488,FreeSpit (Instrumental),The Impossebulls
112489,Rampapampage,Jubal
112490,Dockin' around the Christmas tree,Jubal
112491,You Betta Watch Out,Jubal
112492,God rest ye merry gentledude,Jubal
112493,Silver & Mold,Jubal
112494,Little drum person,Jubal
112495,aQuarian,Linnus
112496,Unquiet Solace,Linnus
112497,Geography,Linnus
112498,Light in color,Moki McFly
112499,Spectra,Moki McFly
112500,Banobo Dread,Moki McFly
112501,Tiger Seed,Moki McFly
112502,Primordial Naturalism,Moki McFly
112503,Ghostride the whip,Moki McFly
112504,1111,Moki McFly
112505,Protosynthesis,Moki McFly
112506,Mercury,Moki McFly
112507,I can't stay,Moki McFly
112509,Passing (instrumental),Linnus
112510,Passing (complete),Linnus
112523,Another perfect example,Action Will Be Taken
112524,Psalm 42:10,Action Will Be Taken
112525,History's written by the winners,Action Will Be Taken
112526,Time bomb,Action Will Be Taken
112527,While you're waiting for the revolution,Action Will Be Taken
112528,Fix yourself,Action Will Be Taken
112529,Remix 1,Action Will Be Taken
112533,Passing (stripped),Linnus
112583,Snowflakes Falling Down,Simon Panrucker
112584,Everyone Is Sleeping,Simon Panrucker
112585,"Happy Christmas, You Guys!",Simon Panrucker
112586,Leave My Nuts Alone,Simon Panrucker
112587,Stacks Of Stuff,Simon Panrucker
112588,"Christmas Time, I Love You",Simon Panrucker
112665,42,ODOR BABY
112668,45,ODOR BABY
112733,Forsaken,Is
112734,Summoning,Is
112735,Reign of Incontestable Greatness,Is
112755,BULLY CULTURE,ODOR BABY
112756,MISTER PENIS PANTS,ODOR BABY
112758,PILES OF DISCARDED HIPSTERS,ODOR BABY
112759,rico-190,Richard Jonas
112760,mod.190,Richard Jonas
112761,break-a-beats,Richard Jonas
112762,mod.215,Richard Jonas
112763,geen idee,Richard Jonas
112764,136514 (125 bpm onaf),Richard Jonas
112765,kingsunner,Richard Jonas
112766,mod.beat (170 bpm onaf),Richard Jonas
112767,wake up punk ass,Richard Jonas
112768,w8 4 the dark 4ce!!,Richard Jonas
112769,snelle asswiper,Richard Jonas
112770,iks rated,Richard Jonas
112780,CRISIS WAR,ODOR BABY
112781,WAR ON CRISIS,ODOR BABY
112785,GLOBAL DEATH MATCH,ODOR BABY
112787,WORKPLACE SALVATION,ODOR BABY
112788,BROKEN NEWS,ODOR BABY
112789,FACT-FREE INFORMATION,ODOR BABY
112790,Counting Sundays,Pyrn
112792,Flyout,Pyrn
112793,Thankful (outro),Pyrn
112821,I% откровение ... ...... .. ..   ...   ...  .. by Kosta T,Castello di Trokai
112822,"посмотри, поговори, укуси (love is ...) by Kosta T",Castello di Trokai
112975,All Eventualities,Gillicuddy
112976,Bending The Reed,Gillicuddy
112977,Fudge,Gillicuddy
112978,That Old Harpoon,Gillicuddy
113016,Spanish BEEEYYAAACHHH,Malaventura
113017,Nostalgia,Malaventura
113018,Troubles I've seen,Malaventura
113019,Agora,Malaventura
113020,Polinesia,Malaventura
113021,El Burrito,Malaventura
113022,Let's the kids play,Malaventura
113023,The plot,Malaventura
113024,Soleares&beats,Malaventura
113025,Breeze Funk,Malaventura
113026,Space is my pace,Malaventura
113027,The Queen,Malaventura
113028,Convicted Jazz Drones,Malaventura
113030,Poetikal Refugee ft. Mikey Krumins aka Dyems,One S.P.
113031,Red Weed ft. DJ Swiss Cheez,One S.P.
113032,I Told Jesus ft. Sharam Shahbazi,One S.P.
113033,I Told Jesus ft. Sharam Shahbazi (Asthmatic Astronaut Remix),One S.P.
113034,The Drop (Asthmatic Astronaut Version),Tickle
113035,The Drop (Thomas The Search Engine Version),Tickle
113036,The Drop (Gung Who Version),Tickle
113037,The Drop (Dalai Dahmer & Brad Manners Version),Tickle
113038,Whoa,KL Sealegs
113039,Dingo,KL Sealegs
113040,Train,KL Sealegs
113063,Lust,intouch
113110,The Tragedy of Loss,Ian Alex Mac
113137,Serpente,Rakta
113138,Secret,Rakta
113139,Life Comes From Death,Rakta
113140,Take Your Time,Rakta
113154,Wake Up The Neighbors,The Cats
113158,Please Don't Touch,The Cats
113159,Club M,The Cats
113160,Vacanze al Mare,I Re della Spiaggia
113161,Un Modo d' Amare,I Re della Spiaggia
113162,Voyage en Côte d'Azur,I Re della Spiaggia
113163,Papà Castoro,I Re della Spiaggia
113164,Il Re del Surf,I Re della Spiaggia
113165,Un' Ultima Carezza,I Re della Spiaggia
113166,Nano Riflesso,I Re della Spiaggia
113167,Life on Earth,Mary Caroline
113202,jenny greenteeth,Catholic Witches
113203,"Miss Roth, This Is Your 5 Minute Call",Dead Peoples Records
113259,Povo Que Caís Descalço,Dead Combo
113260,Verde Sonambulo,Triolocria
113261,Enxugando o Gelo,BNegão and Seletores de Freqüência
113262,Volcán,Cartas a Felice
113263,Pasadinha,Mendes Brothers
113264,Sweet Mother,Sly COLLINS
113265,Why,Mc Norman
113266,YEIZON,YEIZON
113267,1 A. I (with Danish National Symphony Orchestra),Periskop
113268,Saviour,NERO ONE
113269,Demons,Qina
113270,Kofein i CO2,inje
113271,Takeru Ishikawa & Anji Bee - Favor Tweet,CC Asia Band
113272,Planet Shakers (The Paragraph Remix),MONK
113273,Ubogi Poeta,Ortalio
113274,Dados con el Diablo,Rey Nocivo.
113275,"Find, Fix & Save",iNCH.
113276,Sweet,Tamara Laurel
113277,Flowers Tell,One In A Googolplex
113278,Choice,N.I.M.
113279,Hope for Rebirth,Celestial Aeon Project
113280,You Are My Mansion,Athuzela Brown
113281,Άλλες Ζωές,Dimitris Bakoulis
113282,Žiletky,Tvrdý / Havelka
113284,Not Enough,TaaPet
113286,Bienvenido,Los Margaritos
113287,Rock de las Cavernas,Los Margaritos
113288,El Mundo No Sabe Rockear!!!,Los Margaritos
113289,Detonaciones,Los Margaritos
113290,"Pizza, Soda y Rock & Roll",Los Margaritos
113291,Leprosita,Los Margaritos
113292,Lorena,Los Margaritos
113293,Ondas Electricas,Los Margaritos
113294,Super Bestias,Los Margaritos
113295,Adelantado Mental,Los Margaritos
113296,Me Ando Derritiendo,Los Margaritos
113297,Bigotes de Kool-Aid,Los Margaritos
113298,Canibalismo En Africa,Los Margaritos
113299,Mentes Programadas,Los Margaritos
113300,Monstro Del Cereal,Los Margaritos
113301,Prepa Toxica,Los Margaritos
113302,Detonaciones,Los Margaritos
113303,Disparales!!! (Post apocalipsis),Los Margaritos
113304,Dios anda pedo,Los Margaritos
113305,Dios anda pedo (DJ Edwin Remix),Los Margaritos
113310,Nublado,Mamá Burger
113311,Tarta pop,Mamá Burger
113312,Diamantina,Mamá Burger
113313,Trafalgar,Mamá Burger
113314,Diecisiete,Mamá Burger
113326,Dog Kiss,Chtin Mara
113327,Black Cat Spell,Chtin Mara
113328,Scent of the Wolf,Chtin Mara
113329,Reptile Memories,Chtin Mara
113330,Snake Skins,Chtin Mara
113331,Killer Owl,Chtin Mara
113332,Waltz for Elephants,Chtin Mara
113334,Tick Blood,Chtin Mara
113335,Like a Fish,Chtin Mara
113336,Sloth Step,Chtin Mara
113342,Paraty,Mia Doi Todd
113343,The RisingTide,Mia Doi Todd
113344,Wainiha Valley,Mia Doi Todd
113347,El Frio,Chicano Batman
113348,Cycles of Existential Rhyme,Chicano Batman
113349,La Samoana,Chicano Batman
113350,It's a Balloon,Chicano Batman
113351,Magma / Dia do Sol,Chicano Batman
113352,Lizandreando / La Manzanita,Chicano Batman
113353,La Tigresa,Chicano Batman
113354,Para Agradecer,Chicano Batman
113355,Soniatl,Chicano Batman
113357,Hurt,Samuel Vas Y
113358,Leave Your Dancing Until Then,Samuel Vas Y
113359,Coucou,Samuel Vas Y
113360,My Head Of Curls,Samuel Vas Y
113399,Once In A While,Simon Panrucker
113400,Dinosaurs,Simon Panrucker
113403,Nightmares,Simon Panrucker
113404,Let Go,Simon Panrucker
113406,Treasure Hunt,Simon Panrucker
113407,Wildlife Documentaries,Simon Panrucker
113408,Brick Wall,Simon Panrucker
113409,Alphabets,Simon Panrucker
113445,Banana Dance,Mr Frisby's Beat Pocket
113446,Yo Yo,Mr Frisby's Beat Pocket
113447,Fake It,Mr Frisby's Beat Pocket
113448,Pass It On,Mr Frisby's Beat Pocket
113449,Bees In My Blood,Mr Frisby's Beat Pocket
113450,Anybody Can,Mr Frisby's Beat Pocket
113451,Cool Fountains,Mr Frisby's Beat Pocket
113452,Hundreds and Thousands,Mr Frisby's Beat Pocket
113453,Lucky Dip,Mr Frisby's Beat Pocket
113511,Dark Spots,A Crooked Pulse
113512,Once the Sky,A Crooked Pulse
113513,Distorted Course,A Crooked Pulse
113521,As Well as the Body,Sarin
113522,An Empty Place,Sarin
113523,Monograph,Sarin
113524,Windows of the Skull,Sarin
113525,-,Sarin
113526,Apparitions Under Glass,Sarin
113527,Reverse Mirror,Sarin
113528,An Empty Place (Alternate Version),Sarin
113529,Windows of the Skull (Alternate Version),Sarin
113530,Apparitions Under Glass (Alternate Version),Sarin
113545,Black Loutus,Fat Spirit
113546,Freak Again,Fat Spirit
113547,Grit Teeth,Fat Spirit
113548,Hollows,Fat Spirit
113549,House Of Cats,Fat Spirit
113550,Love and Science,Fat Spirit
113551,Nothing New,Fat Spirit
113552,Power Hunger,Fat Spirit
113553,Safe On Your Mountaintop,Fat Spirit
113558,La voie lactée,Hazy Montagne Mystique
113559,J'attends lentement pour une derniers fois,Hazy Montagne Mystique
113562,Día Mundial Del Odio,Bit Laden
113563,Heil Gila (Campofrio´s Requiem),Bit Laden
113564,"Danzad, Danzad, Malditos",Bit Laden
113574,I Never Wanted To Say,Lorenzo's Music
113594,Black and White 01,Megatone
113595,Black and White 02,Megatone
113596,Black and White 03,Megatone
113597,Black and White 04,Megatone
113598,Black and White 05,Megatone
113599,Black and White 06,Megatone
113600,Black and White 07,Megatone
113601,Black and White 08,Megatone
113602,Black and White 09,Megatone
113603,Black and White 10,Megatone
113604,Black and White 11,Megatone
113605,Black and White 12,Megatone
113606,Black and White 13,Megatone
113607,Black and White 14,Megatone
113608,Black and White 15,Megatone
113659,House of Leaves,Sarin
113696,Immigrantes #1,La Tabù
113697,Fuego Fatal #1,La Tabù
113698,Nada #1,La Tabù
113699,¿Que? #1,La Tabù
113700,Horas Habiles #1,La Tabù
113701,Ocho Octubre #1,La Tabù
113702,Why Just A Bunch Of Noise?,Hermit
113727,Whaledive,Martin Lowack
113750,Our Existence Is Pathetic,Hermit
113787,Kraken in the harbor of Primston,Phlox.s
113788,Deeper,Phlox.s
113789,Krakens eye,Phlox.s
113790,Obey the Sun,Phlox.s
113808,Next Life,The Copycuts
113809,Lovers Like Neon,The Copycuts
113810,Soul Rising,The Copycuts
113811,Impossible Mission,Johnny Weltraum
113812,Can You Hear Me,Johnny Weltraum
113813,What's Love?,Johnny Weltraum
113814,Low On Charge,Johnny Weltraum
113815,Two Stories,Johnny Weltraum
113816,When You Come To Me,Johnny Weltraum
113817,Closed Door,Johnny Weltraum
113818,Downbeat,Johnny Weltraum
113819,Threesome,Johnny Weltraum
113820,Blackout,Johnny Weltraum
113821,You'll Never Get Away With That,Johnny Weltraum
113822,Local News,Fixtures
113823,Experienced Fainters,Fixtures
113824,The Ballad Of Flamingo Jones,Fixtures
113932,Unsunny Sundays,Chris Herb
113933,The Self-Induced Lap Dance,Chris Herb
113934,Skyvory,Chris Herb
113935,Kindsein (Reprise),Chris Herb
113936,All of You,Quitty & The Don'ts
113937,Running Out of Time,Quitty & The Don'ts
113939,She's Gonna Break Your Heart,Quitty & The Don'ts
113940,You Tried,Quitty & The Don'ts
113941,Yeh Yeh,Quitty & The Don'ts
113942,Out Of My Mind,Quitty & The Don'ts
113943,Wild & True,Quitty & The Don'ts
113946,From The Living Room,Brett Saxon
113947,Poco Knows Best,Brett Saxon
113948,Concrete Minds,Brett Saxon
113949,One Thing,Brett Saxon
113950,Atavistic,Brett Saxon
113969,An Unearthly Child,Fearless Super Pictures
113970,Clover,Little Glass Men
113971,Dream Blaze,Little Glass Men
113972,Your Pulse,Little Glass Men
113973,Spontaneous Existence,Little Glass Men
113982,The Screaming Jungle,Fearless Super Pictures
114006,Halo Hand,LAZY SALON
114007,DAM,LAZY SALON
114036,Beets,Aviscerall
114037,Late Nights,Aviscerall
114038,Goodbye (Feat. T),Aviscerall
114039,Scattered Dreams,Aviscerall
114040,Whatever You Want (Feat. Crystal Tokyo),Aviscerall
114041,Mountains (Feat. T),Aviscerall
114042,The Darkest Hour,Aviscerall
114043,Gatomon Sleeps Tonight,Aviscerall
114044,Stuck In Dreamland,Aviscerall
114045,Gotta Believe,Aviscerall
114047,Keeping It Real,Aviscerall
114048,Us,Aviscerall
114049,Zaduu (Feat. Crystal Tokyo),Aviscerall
114050,Stay Positive Babe,Aviscerall
114051,The End Of The Show,Aviscerall
114055,Flat Sea Farer,Christopher Rave
114056,On Balance,Christopher Rave
114057,Sea Shimmy,Christopher Rave
114058,Trimaran Man,Christopher Rave
114061,New Horizons (Raw Mix),Decktonic
114062,Union Square (Anthony Seeha Remix),Decktonic
114063,Transcendence (Decktonic Remix),Anthony Seeha
114064,Any Time Any Place,Decktonic
114065,This Love Is Faux Real (Raw Mix),Decktonic
114066,NEStonic,Decktonic
114067,Dancing is Permitted,Decktonic
114069,Deathly Recitation,Blue Dot Sessions
114070,Grand Fell,Blue Dot Sessions
114071,Leadin,Blue Dot Sessions
114072,Sweetly,Blue Dot Sessions
114073,The Crossing,Blue Dot Sessions
114074,This Passage,Blue Dot Sessions
114076,Uneasy,Blue Dot Sessions
114077,Winter Theme,Blue Dot Sessions
114198,"From The Outside, Looking In",Fallen to Flux
114199,Living With The Pain,Fallen to Flux
114200,Relapse,Fallen to Flux
114201,Disenchanted,Fallen to Flux
114203,A Brief Interlude in a Mixed Up World,Squire Tuck
114204,This Bed Without You is a Lonely Place I Would Rather Not Be,Squire Tuck
114205,A New Beginning,Squire Tuck
114206,Add Another Log to the Funeral Pyre,Squire Tuck
114207,Coming Up for Air,Squire Tuck
114209,From the Dying Embers to the First Light of Day (First Cut),Squire Tuck
114210,Misty Mountain Rendezvous,Squire Tuck
114211,Mystery Blues,Squire Tuck
114212,Old Fashioned Lullaby,Squire Tuck
114213,Old Time Cowboys (the Last of a Dying Breed),Squire Tuck
114215,Song of Hope in a World Without Care,Squire Tuck
114216,Struck Down with Love,Squire Tuck
114217,Synth - Homage to John Carpenter,Squire Tuck
114219,The Long Way Home,Squire Tuck
114220,The Thought of You,Squire Tuck
114221,The Time is Now,Squire Tuck
114222,Ukulele Blues,Squire Tuck
114223,Ukulele Rising,Squire Tuck
114231,We Drive 3 Days,Blue Dot Sessions
114232,Waypost,Blue Dot Sessions
114233,Sandstorm,Blue Dot Sessions
114234,Pacing,Blue Dot Sessions
114235,Micro,Blue Dot Sessions
114236,Master,Blue Dot Sessions
114237,Lonely Pub,Blue Dot Sessions
114238,Grand Caravan,Blue Dot Sessions
114239,Horizontal Glow,Blue Dot Sessions
114240,Bubbles,Tentacles
114241,Vitality,Tentacles
114242,Disco Time,Tentacles
114243,Dark,Tentacles
114244,2Much (Andy Spinelli & Alex Sánchez House Edit),Tentacles
114245,Lavanda (We Are Not Dj's Nu Disco Remix),Tentacles
114246,Lavanda (We Are Not Dj's Alternative Remix),Tentacles
114265,Ruggles (ft epsilon not),Uncle Milk
114266,On two hours sleep,Uncle Milk
114267,Apex Chappelle,Uncle Milk
114268,poison ivy yard work,Uncle Milk
114269,Finger Painting,Uncle Milk
114271,patch ver. 1.2.4 __ nerf my love,Uncle Milk
114272,Travelor _.sinh remix,Uncle Milk
114273,1 str8 m8,Uncle Milk
114274,Kalaarmari,Uncle Milk
114275,eat it with a fork,Uncle Milk
114279,Bipolar Bear,Azureflux
114280,Klungo's Arcade,Azureflux
114281,Duty Cycle GB,Azureflux
114282,Boss Ass Bits,Azureflux
114283,Quantum Leaper (feat. Lady Parsec),Azureflux
114288,Building A New Chicago,Track Jackit
114289,Dancing Til Dawn,Track Jackit
114290,Elevation,Track Jackit
114291,In Deep Soul,Track Jackit
114292,Meet Me On The Dancefloor,Track Jackit
114293,Night In Chicago,Track Jackit
114294,Questions Answered,Track Jackit
114295,Smooth Sailing,Track Jackit
114296,"Soul, Funk, & Disco",Track Jackit
114297,Time For The New Jack,Track Jackit
114298,Track Jack Yo Body Now,Track Jackit
114307,Daydreaming of The South,Bryan Mathys
114308,Hard Miles,Bryan Mathys
114309,It's Not Hard to Get Lost,Bryan Mathys
114310,Wild Heart,Bryan Mathys
114333,Вон (Out),DUB DEPT
114334,Осень В Сапогах Венеры (Autumn In Venus' Boots),DUB DEPT
114335,Кокафоин (Cocaphoine),DUB DEPT
114337,Svens Sohn,Blackberry
114339,Ecken und Kanten,Blackberry
114371,Wind,Madoka
114372,Humming,Madoka
114373,Explore,Madoka
114374,Thinking,Madoka
114375,Calmness,Madoka
114384,Back to the Fire,Quaro
114385,Black Radiations,Quaro
114386,Lost,Quaro/Bruno Del Ben
114387,Mutter (Instrumental),Quaro
114388,Mutter,Quaro
114389,Nidra,Quaro
114390,Poison,Quaro
114391,Psion,Quaro
114392,Summon,Quaro
114393,Yojimbo,Quaro
114395,Reflections Across The Sky,Scott Holmes
114396,Breathe New Life,Scott Holmes
114397,Chasing Shadows,Scott Holmes
114398,Uninvited,Scott Holmes
114399,Origin l,Scott Holmes
114400,Origin ll,Scott Holmes
114401,Wash Away,Scott Holmes
114402,Remember The Archer,Scott Holmes
114403,Close To The Distance,Scott Holmes
114404,Colossal Stillness,Scott Holmes
114405,Reminiscence,Scott Holmes
114406,Breathe New Life ll,Scott Holmes
114408,Feather,Scott Holmes
114409,Always The Last To Know,Scott Holmes
114410,Ascension,Scott Holmes
114411,Levels Of Greatness,Scott Holmes
114412,October,Scott Holmes
114413,Signals,Scott Holmes
114414,We Used To Paint Stars In The Sky,Scott Holmes
114415,Death Of An Orchid,Scott Holmes
114416,Beyond Something Beautiful,Scott Holmes
114427,Alameda,Patrick Lee
114428,Museum Ships,Patrick Lee
114429,Backyards,Patrick Lee
114430,Warming Days,Patrick Lee
114431,The Pound,Patrick Lee
114532,Diner Gothic - Bottomless,Blue Dot Sessions
114533,Diner Gothic - Closing,Blue Dot Sessions
114534,Diner Gothic - Dasher,Blue Dot Sessions
114535,Diner Gothic - Doubled,Blue Dot Sessions
114536,Diner Gothic - Intercept,Blue Dot Sessions
114538,Liquor Files - Hickory,Blue Dot Sessions
114539,Liquor Files - Limon,Blue Dot Sessions
114541,Liquor Files - Treacle,Blue Dot Sessions
114544,other side of the wave,epsilon not
114545,shmoove,epsilon not
114556,keep the money,epsilon not
114558,delete_me,epsilon not
114559,space funk systems 199X,epsilon not
114645,Overtune This,Majestic Jam
114651,Oh Ford!,The Cow Goes Moo
114652,Too Many Fucking Retards,The Cow Goes Moo
114653,Monsanto's Lawsuit Day,The Cow Goes Moo
114654,Declive,The Cow Goes Moo
114655,Sambanimalia,The Cow Goes Moo
114656,Sucker's Lullaby,The Cow Goes Moo
114657,Under Ayahuasca Skies,The Cow Goes Moo
114658,Cosmic Rescue Plan for Animals of Earth,The Cow Goes Moo
114659,Go Cannibalism!,The Cow Goes Moo
114797,Far away,She-Wolf.
114798,Lights off,She-Wolf.
114879,Shto Mi E Milo,Yale Women's Slavic Chorus
114880,Erghen Deda,Yale Women's Slavic Chorus
114884,Prexvruxna Pfichlea,Yale Women's Slavic Chorus
114936,Ikn hob ongehoybn shplin a libe,Zingeray!
114937,Viglid far zikh aleyn,Zingeray!
114938,Vus geyst arim many kind azoy batsornt,Zingeray!
114939,"Oy vey mame, ikh shpil a libe",Zingeray!
114940,Di fishelekh in vaser,Zingeray!
114941,Lullaby - Song of the French Revolution,Zingeray!
114942,Who Will Plant the Seeds of Peace,Zingeray!
114943,Hob ikh mir a mantl,Zingeray!
114974,stormy castles (past),last king of poland
114975,stormy castles (present),last king of poland
114976,stormy castles (future),last king of poland
115000,Squire Tuck - Fall from Grace,Squire Tuck
115001,Squire Tuck - Infacuation,Squire Tuck
115002,Squire Tuck - Get on the Funky Train to Groove Town,Squire Tuck
115003,Squire Tuck - Listen to Your Heart (and Stay),Squire Tuck
115004,Squire Tuck - Irrational Fear of Fearing Nothing at all,Squire Tuck
115005,Squire Tuck - Future Past,Squire Tuck
115006,Squire Tuck - Lost in the Moment,Squire Tuck
115007,Squire Tuck - Point of No Return,Squire Tuck
115008,Squire Tuck - Suffering of the Innocents,Squire Tuck
115009,Squire Tuck - To Absent Friends,Squire Tuck
115011,"Squire Tuck - Funk In, Funk Out",Squire Tuck
115125,Time To Climb,PC-ONE
115158,Emily Mae,Thee Irma & Louise
115159,East Virginia,Thee Irma & Louise
115171,Squire Tuck - Slipping in to Silence,Squire Tuck
115172,Squire Tuck - Staring in to the Abyss,Squire Tuck
115173,Squire Tuck - A Brief Interlude in a Mixed Up World,Squire Tuck
115176,Squire Tuck - Homage to John Carpenter,Squire Tuck
115226,the stolen smell,Hammer of Hathor
115262,Mace Mace,Niva
115263,Taya Vecher,Niva
115267,Neli Storime,Niva
115268,Salzi Ronya/Snoshti Sum Libe,Niva
115269,Snoshti Ti Dojdovna Gosti,Niva
115271,Čoček of Vranje,Catherine Foster Brass Band
115272,Ilčovice mlada nevesta,Catherine Foster Brass Band
115273,Palma Il,Catherine Foster Brass Band
115288,Squire Tuck - Tongue-Tied & Twisted (for Your Love),Squire Tuck
115289,Squire Tuck - Overjoyed,Squire Tuck
115290,Squire Tuck - Ukulele Rising,Squire Tuck
115292,Squire Tuck - Ukulele Blues,Squire Tuck
115293,Squire Tuck - Rush to the Head,Squire Tuck
115294,Squire Tuck - Old Fashioned Lullaby,Squire Tuck
115321,Desert Castles,Little Glass Men
115339,Whiteout,Little Glass Men
115356,Aeh,505
115357,Arcarde,505
115358,Balibulu,505
115359,Beenden,505
115360,Blark,505
115361,Bounce,505
115362,BRN 2010,505
115363,Brotchen,505
115364,Byeing,505
115365,Dark,505
115366,Destruct,505
115367,Etudial,505
115369,Ground,505
115370,Hardsync 01I,505
115371,Jelling,505
115372,Kitchentable,505
115373,Loop 03,505
115375,Messing,505
115376,Myth,505
115377,Once,505
115378,Pestwurz,505
115379,Pieces,505
115380,Relix,505
115381,Render,505
115384,Siebenschläfer,505
115385,Stream,505
115386,Tambumbi,505
115387,Taotic,505
115388,Tell me,505
115389,Tsrups,505
115390,Weird,505
115391,Yaataaru,505
115392,Z,505
115470,Farsical - Interlude,Blue Dot Sessions
115471,Farsical - Pieces,Blue Dot Sessions
115472,Farsical - Slow Driver,Blue Dot Sessions
115473,Farsical - The PI Sleeps,Blue Dot Sessions
115474,Farsical - Thematic,Blue Dot Sessions
115475,Farsical - Then a Gambling Problem,Blue Dot Sessions
115591,Coming Down,PC-ONE
115592,RUDA,How I Quit Crack
115593,LEMON BALM,How I Quit Crack
115594,ANISE,How I Quit Crack
115595,HYSSOP,How I Quit Crack
115597,ARTEMESIA PONTICA,How I Quit Crack
115612,Everyday's Nightmare,Gumbel
115614,The Cyclic Stupidity Game,Gumbel
115615,Recycled Hopes (ft. Burbujo),Gumbel
115617,Heil Democracy!,Gumbel
115618,Sick City,Gumbel
115619,Voices of Hidden Traumas,Gumbel
115620,Pill Fuckyness,Gumbel
115621,Slavery's Inertia,Gumbel
115622,Continuará...,Gumbel
115625,Insomnia,She-Wolf.
115626,Looking for you,She-Wolf.
115627,Stars,She-Wolf.
115697,Emphase feat. Cansu,Ultratech
115698,Emphase (Mseq Remix),Ultratech
115699,Burn it down girl,Ultratech
115700,Limmatrausch,Ultratech
115716,Violet Skies,Martin R.
115717,Double Ila,Martin R.
115718,Moonlight,Martin R.
115719,Dub for K.,Martin R.
115720,Dirty Monique,Martin R.
115721,Blue Pill,Martin R.
115722,Sunrise,Martin R.
115723,Acidamine,Martin R.
115724,Theme for a Raven,Martin R.
115725,High Horse,Fire Retarded
115729,What You Say,Fire Retarded
115733,Locks and Looks,Fire Retarded
115735,Rage (feat Vosmoy),Still Pluto
115736,Is It A Lie,Church Bats
115738,Lion's Share,Church Bats
115739,Get Upset,Church Bats
115741,Jacinto,Church Bats
115742,Artistic Drift,Church Bats
115743,Cat Girl,Church Bats
115761,Roland Garros 2048,Zoliborz
115762,Poincare Conjecture,Zoliborz
115764,Hangovered,Zoliborz
115765,To Balagopalan Ganapathy,Zoliborz
115766,The Call of the Polar Star,Zoliborz
115767,The Last Whale,Jelsonic
115768,Lost Star,Jelsonic
115769,Moonsea,Jelsonic
115771,Saying Goodbye In The Rain (piano),Jelsonic
115772,The Returning,Jelsonic
115773,Theme For An Unmade Space Film,Jelsonic
115774,Time Is Picking Away,Jelsonic
115775,Vapour Trails,Jelsonic
115811,OST 01 Tutorial,sawsquarenoise
115812,OST 02 Splash,sawsquarenoise
115813,OST 03 Ship,sawsquarenoise
115814,OST 04 Ship under attack,sawsquarenoise
115815,OST 05 Go Go Go,sawsquarenoise
115816,OST 06 Go Go Faster Faster,sawsquarenoise
115817,On Axis,PC-ONE
115849,8am,Dead Peoples Records
115850,11am,Dead Peoples Records
115852,8pm,Dead Peoples Records
115888,Story Four - Fellows,Blue Dot Sessions
115891,Story Four - The Method,Blue Dot Sessions
115892,Story Four - Theme,Blue Dot Sessions
115910,Amiga on the Left,Richard Jonas
115913,powerpacker8,Richard Jonas
115914,Bonuslevel (oelek rmx),Richard Jonas
115916,Caninsuline (sub-edit),Richard Jonas
115917,Camino a la locura,Ionn Connor
115918,El éxito,Van Delay
115919,Ek Chuac,Dr. Almeja
115920,LA Costenida,Dada Ket
115922,Te quiero,Dj Dabadabakoski
115923,Lacrimosa golondrina,Bit Laden
115924,Mapa de la ciudad de Logroño,Elías e Ignacio
115925,Para Tomás,Síndrome Amok
115926,Brian de Palma,Nestor +3
115927,Río,Flor Braier
115930,Pony Feelings,Flor Braier
115931,Wild at Heart,Flor Braier
115932,Al Revés,Flor Braier
115933,Lulu's Balloon,Flor Braier
115934,Hoy no,Flor Braier
115935,You are so apricot,Flor Braier
115944,Threnody,Myriam Gendron
115948,Solace,Myriam Gendron
116021,Democracia (Sci Fi Industries Remix),U.M.M.
116022,Muito Fragil (Sci Fi Industries Remix),Xotox
116023,The Circle,shhh... vs Sci Fi Industries
116024,Jihad (Sci Fi Industries Remix),Mikroben Krieg
116025,Electrocuta-me,Broto Verbo vs Sci Fi Industries
116026,Le Petit Mort (Sci Fi Industries Remix),Himalayha
116027,Hymnn,Sektor 304 vs Sci Fi Industries
116028,Home Alone (Sci Fi Industries Remix),Human Being
116029,In a Heart of Jade,T(h)ree
116030,Tabula Rasa,Waste Disposal Machine vs Sci Fi Industries
116057,3per1...,Audio K
116068,Daybreak (feat. Henk),Jens East
116078,Bulgarian,The USA Is A Monster
116098,Stingray - Dangerous Thought,Blue Dot Sessions
116099,Stingray - On the Court,Blue Dot Sessions
116101,Stingray - Theme,Blue Dot Sessions
116116,Commercial Industrial,10ksqft Werehaus
116119,Electric Skeleton,10ksqft Werehaus
116143,Love The Way,Project 5am
116173,Old Time Cowboys (the Last of a Dying Breed),Squire Tuck
116174,From the Dying Embers to the First Light of Day,Squire Tuck
116175,Misty Mountain Rendezvous,Squire Tuck
116176,Add Another Log to the Funeral Pyre,Squire Tuck
116177,A Mexican Love Affair,Squire Tuck
116191,Return of the Good Times,Squire Tuck
116195,Mystery Blues,Squire Tuck
116199,The Time is Now,Squire Tuck
116200,Travel Through the Wastelands,Squire Tuck
116201,Get the Funk Out of It,Squire Tuck
116202,The Long Way Home,Squire Tuck
116203,End of the Road,Squire Tuck
116235,Walpurgis Night,A.J.
116236,Deep Window,Citofono
116237,Voight-Kampff,DJ Puffin
116238,In Between Moments (Motëm's Poser Mix),Motëm
116239,Bonus Life,Radarsat-1
116240,Rah Rah Rah,RPG-H8R
116241,Space Cop,Smoked Meat Fax Machine
116242,Cellularr,Synaptic
116243,South Shore Strut,The Crayon Industry
116261,000010KSQFT00564-T4,10ksqft Werehaus
116295,Trebuchet,Andrew Howes
116297,Snow Pony,Andrew Howes
116298,A Change Of Food,Andrew Howes
116299,A Change Of The Guard,Andrew Howes
116300,Dumb Luck,Andrew Howes
116301,Helmsman,Andrew Howes
116302,Crimea,Andrew Howes
116303,Traitors Gate,Andrew Howes
116304,Gubernator,Andrew Howes
116305,Alley,The Love Me Nots
116306,You're Really Something,The Love Me Nots
116307,Falling Down,The Love Me Nots
116308,I'm The One,The Love Me Nots
116309,You Gotta Go,The Love Me Nots
116310,Walk Around Them,The Love Me Nots
116311,I Blame You,The Love Me Nots
116312,Voice In My Head,The Love Me Nots
116313,Make Up Your Mind,The Love Me Nots
116314,Motel Hideout Love Song (Fine),The Love Me Nots
116315,Shadow/At the Hop/Dirty Ratt,The Monsieurs
116316,Fallon Gong/All We Want,The Monsieurs
116317,High School Star/Boys Don't Cry/My War,The Monsieurs
116318,Gloria,The Monsieurs
116319,Kerri Ann,The Monsieurs
116338,Morcore,Csum
116339,Nothing Human Required,Csum
116340,De-monstration,Csum
116341,Mainframe,Csum
116342,Paramenthal Pass,Csum
116343,Rex Cross,Csum
116344,Bitstrain,Csum
116345,Should've Been a Hidden Track,Csum
116365,Phöhm,{AN} Eel
116366,"A Dingy Little Garret, Directly Adjacent to Sensiblity",{AN} Eel
116367,Pø~Pä,{AN} Eel
116368,Pong Gang,{AN} Eel
116370,"Well, Tickly my Pickle",{AN} Eel
116371,Electric Mosquito Inventers Patent Goldmine Formuli # 17,{AN} Eel
116372,Cornstalkers CBC Is a Liar,{AN} Eel
116383,The Flight of the Bumblebee (Nikolai Andrejewitsch Rimski-Korsakow),Jaan Patterson
116384,Sleepy groove,Asthmatic Astronaut
116385,Day dream,Asthmatic Astronaut
116386,Lord have mercy,Asthmatic Astronaut
116387,Lazy bones,Asthmatic Astronaut
116388,Electronica 3,Asthmatic Astronaut
116389,My heart beats to the break,Asthmatic Astronaut
116390,Jazz soul,Asthmatic Astronaut
116391,Seventeen,Asthmatic Astronaut
116405,It could be so nice (feat Chris Scott),Asthmatic Astronaut
116406,Like this (feat Life Shows),Asthmatic Astronaut
116407,Dub step next left (feat Tom Wilkinson),Asthmatic Astronaut
116408,Clubfunk,Asthmatic Astronaut
116411,"Bozza, Duettino for Two Bassoons","Grossman, Ewell, Grainger"
116412,"Roennes, Trio for Three Bassoons","Grossman, Ewell, Grainger"
116446,Gringo Flamenco,Montana Skies
116447,Malaguena (live),Montana Skies
116448,L.C.P. (Locomotion Commotion Potion) pre-mastered,Montana Skies
116449,Lift (with six string electric cello),Montana Skies
116451,December Mourning,Montana Skies
116452,The Edge of Night,Montana Skies
116453,House of the Rising Sun (live),Montana Skies
116454,Tunnels,Montana Skies
116455,Montana Skies,Montana Skies
116456,Canyon Breeze,Montana Skies
116457,Canyon Breeze (live),Montana Skies
116458,Gringo Flamenco (live),Montana Skies
116463,ABSexdarium,Bit Laden
116464,Tango Anal,Bit Laden
116465,Max Hardcore's Chainsaw Party,Bit Laden
116466,Anders,Blue Dot Sessions
116467,Enders,Blue Dot Sessions
116468,Theme,Blue Dot Sessions
116487,Scraper,Blue Dot Sessions
116488,Slider,Blue Dot Sessions
116489,Tossed,Blue Dot Sessions
116490,Transit,Blue Dot Sessions
116491,Wistful,Blue Dot Sessions
116514,R.A.H.M.A.V.N. [221],SULCUS
116515,enzyme machine corp.,SULCUS
116516,Rancho Bungalow,SULCUS
116517,1-player zero-sum game,SULCUS
116518,data decoys,SULCUS
116519,concrete cryptonomicon,SULCUS
116520,near death inexperience,SULCUS
116522,e^(i pi) + 1 = 0,SULCUS
116523,Pale neon light on stale astrocytes,SULCUS
116524,ROSTRUM,SULCUS
116525,ghost cat glitch,SULCUS
116526,My Magnificent Melancholy Muse,Squire Tuck
116527,Declaration of Love,Squire Tuck
116528,Passing of Friends & Past True Loves,Squire Tuck
116541,Big Drop,Andrew Howes
116543,Nil By Mouth,Andrew Howes
116544,Shuttered,Andrew Howes
116545,The Great Bear,Andrew Howes
116546,Thock Hill,Andrew Howes
116547,Waiting,Andrew Howes
116549,Charge into 2015,Dexter Britain
116563,Intro...,Wurlitztraction
116564,Dawn Radar,Wurlitztraction
116567,Emotion Cache,Wurlitztraction
116569,Pendurant Carousel,Wurlitztraction
116570,Into the Breach,Wurlitztraction
116571,Time in Reverse,Wurlitztraction
116572,panoptic,Wurlitztraction
116573,Hush,Wurlitztraction
116574,Parallel Thought,Wurlitztraction
116575,Unquantified (Amazement->Despair),Wurlitztraction
116577,Shuroken,Wurlitztraction
116578,Subjective/Objective (Thought+Perception),Wurlitztraction
116579,CtrlBrk,Wurlitztraction
116586,Morceau de Fantaisie Elegie in E-min (Serguéi Vasilievich Rachmaninoff),Jaan Patterson
116587,Toccata and Fugue (Johann Sebastian Bach),Jaan Patterson
116702,Haul Away Joe,Howie Mitchell
116704,Deep Blue Sea (with Jean Ritchie),Howie Mitchell
116706,Henry Martin,Howie Mitchell
116707,About Dulcimers,Howie Mitchell
116709,Gnossiennes No.1 (Éric Alfred Leslie Satie),Jaan Patterson
116720,Yes We Can,Future Sauce
116721,Do What You Want,Future Sauce
116722,We're The New,Future Sauce
116723,Turn Off The Telly,Future Sauce
116724,Where Is The Rainbow?,Future Sauce
116725,Lay It On Me,Future Sauce
116726,The Egyptians,Future Sauce
116727,Don't Leave Me Today,Future Sauce
116728,Now I Am A Ghost,Future Sauce
116729,One Aim,Future Sauce
116730,There Are Only Five Ways,Future Sauce
116731,Lil Birdie,Future Sauce
116732,Right Through You,Future Sauce
116733,The Nocturne - Mandel,Blue Dot Sessions
116735,The Nocturne - Castillo,Blue Dot Sessions
116736,The Nocturne - Eleven,Blue Dot Sessions
116752,Against Ghost,Alex Mason
116753,It's Time To Go,Alex Mason
116754,Acquaintance,Alex Mason
116755,Emptiness,Alex Mason
116756,Inexplicable Fear,Alex Mason
116757,Rebels Are Close,Alex Mason
116758,Deserted House,Alex Mason
116759,Raid On The Camp,Alex Mason
116760,The Run,Alex Mason
116822,The Wasteland,King Vulture
116825,Grins With Gold,King Vulture
116826,In the Freezer,King Vulture
116827,Tonight You Drink Alone,King Vulture
116829,Fake is the new Black,King Vulture
116830,Skinny ft. Help,King Vulture
116831,Playgrounds,King Vulture
116832,Sleeping at Trinity,King Vulture
116833,Sad,King Vulture
116860,Fall In Line,The New Lines
116861,Burning Bridges,The New Lines
116862,Off Axis,The New Lines
116863,Ventriloquism,The New Lines
116864,Year Of The Nines,The New Lines
116865,Lonely Industry,The New Lines
116866,Please Fall In Love,The New Lines
116867,Sentry On Patrol,The New Lines
116868,Ray Gun - Take a Tiny Train,Blue Dot Sessions
116869,Ray Gun - Lull,Blue Dot Sessions
116870,Ray Gun - FasterFasterBrighter,Blue Dot Sessions
116871,Ray Gun - Chrome and Wax,Blue Dot Sessions
116872,Sky Ride,Itasca
116873,After Dawn,Itasca
116874,Marcy Rain,Itasca
116876,At The Table,Itasca
116877,8-bit Love Machine,Gumbel
116878,Tapes,Gumbel
116879,El Siniestro Y La Velóz,Gumbel
116880,Levels,Gumbel
116881,Killing Bosses,Gumbel
116882,Fortsetzung Folgt,Gumbel
116883,Something Small,Joan Shelley
116884,River Low,Joan Shelley
116886,Raknights,Smurd
116887,Robas Docias,Smurd
116888,Saloon,Smurd
116889,Alive or Dead,Smurd
116890,The Shield,Smurd
116902,A1. Magnetic I's,Critical Dad
116903,A2. Traditional Fish Sex,Critical Dad
116904,A3. Boy's Club,Critical Dad
116906,A5. Wing Attack Plan R,Critical Dad
116907,B1. So Long Suzanne,Critical Dad
116908,B2. Broken Consciousness,Critical Dad
116909,B3. Domestic Ghost,Critical Dad
116910,B4. Betty's Hong Kong Parts,Critical Dad
116911,Losing My Way,Squire Tuck
116912,Infacuation,Squire Tuck
116913,Rush to the Head,Squire Tuck
117057,Nulla in Mundo Pax Sincera (Vivaldi),Jaan Patterson
117089,The Consequences of Others,Squire Tuck
117159,The Answer,Blue Dot Sessions
117160,The Stasis,Blue Dot Sessions
117161,Reptile Theme,Blue Dot Sessions
117169,An Introduction to Beetles,Blue Dot Sessions
117170,Insatiable Toad,Blue Dot Sessions
117171,Inside the Origami Violin,Blue Dot Sessions
117172,Inside the Paper Crane,Blue Dot Sessions
117173,Nesting,Blue Dot Sessions
117193,Merry-go-round,Third Mind Movement
117202,We Carry On,Third Mind Movement
117209,muse,recompas
117210,when birds take flight,recompas
117211,the end of the beginning,recompas
117227,The Prisoner,The Above
117230,Dog Without A Bone,The Above
117234,We Could Be Together,The Above
117235,Imprisoned,The Above
117236,Coming Around,The Above
117237,West End Super Market,The Above
117251,Unrequited Love,Squire Tuck
117252,Music Box,Squire Tuck
117253,The Consequences of Others,Squire Tuck
117254,Mouth Wide Open (Your Eyes) ft. Terror Apart,BIG DEBBIE
117261,Jump Through The Fire,BIG DEBBIE
117278,Fonky McPonky,My brother Daniel
117279,Casio Madness,My brother Daniel
117280,Daylight Savings,My brother Daniel
117282,Three Bird,My brother Daniel
117283,Zintendo,My brother Daniel
117284,Smiley Face,My brother Daniel
117285,Fat Bird,My brother Daniel
117286,Fallen Church,My brother Daniel
117287,Wee Bird,My brother Daniel
117288,Ponky McFonky,My brother Daniel
117310,Lazybones,Fyodorovitch.
117311,Without You,Fyodorovitch.
117391,Crawl,Catharsy
117392,Key to Nowhere,Catharsy
117450,Don't Play Chicken at Snake Hill!,Vitamin Pets
117462,Shame,My Monthly Date
117463,21st,My Monthly Date
117464,Miles Away,My Monthly Date
117465,Change,My Monthly Date
117466,Uncomfortable Mind,My Monthly Date
117472,Patty Cake,Attic Ted
117473,I Dont Mind,Attic Ted
117609,Periodicals,Blue Dot Sessions
117610,Outside the Terminal,Blue Dot Sessions
117611,More Weather,Blue Dot Sessions
117612,Mobile,Blue Dot Sessions
117613,City Limits,Blue Dot Sessions
117614,Red City Theme,Blue Dot Sessions
117616,00 - Béatrice,Ulrike Mod
117617,01 - Serge Jacques,Ulrike Mod
117618,02 - La Dompteuse,Ulrike Mod
117619,03 - On peut désormais,Ulrike Mod
117620,04 - L’art de se dénuder,Ulrike Mod
117621,05 - comme on pèle une orange,Ulrike Mod
117622,06 - Monsieur est serul...,Ulrike Mod
117623,07 - La Radeude,Ulrike Mod
117624,08 - La jeune Pierre,Ulrike Mod
117625,09 - Femme de capitaine,Ulrike Mod
117626,bonus - La jeune Pierre - alt piano mix,Ulrike Mod
117627,Phantasmagoric Sheeps Of The World,Julia K. Mars
117628,Cool Blues,Julia K. Mars
117629,The New Chance,Julia K. Mars
117630,Story Of A Breath,Julia K. Mars
117631,The Answer,Julia K. Mars
117632,Array Of Concerns,Julia K. Mars
117650,Francis Bacon,AG Davis & Jaan Patterson
117659,Frank Zappa,AG Davis & Jaan Patterson
117666,Fayah,La Inédita
117667,No Se Queja,La Inédita
117668,Pa Viejitos,La Inédita
117669,Atento,La Inédita
117670,Chicha Chicha,La Inédita
117774,My Best Work,Dark Chocolate Chips
117777,Let Me Spend Money,Dark Chocolate Chips
117783,I'm in Love (Beatles),Dark Chocolate Chips
117789,I Don't Learn My Lessons,Dark Chocolate Chips
117790,Everything is a Competition,Dark Chocolate Chips
117791,Competiing Priorities,Dark Chocolate Chips
117843,D,The Basic Income Earth Network
117846,C,The Basic Income Earth Network and Ruben D'Hers
117848,A,The Basic Income Earth Network
117850,G,The Basic Income Earth Network
117858,Jackknife,Love Story In Blood Red
117859,Obsession,Love Story In Blood Red
117860,Handsome Family,Love Story In Blood Red
117861,Miss Moneypenny,Love Story In Blood Red
117862,Superman,Love Story In Blood Red
117863,Have You With Me,Love Story In Blood Red
117864,Mai,Love Story In Blood Red
117865,Want Me Back,Love Story In Blood Red
117866,On My Way Home,Love Story In Blood Red
117867,If You Came Today,Love Story In Blood Red
117868,Build You Up,Love Story In Blood Red
117869,I Made Out,Love Story In Blood Red
117878,Finally,Connections
117879,ABCDE,Connections
117880,On Yr Mind,Connections
117881,Cindy,Connections
117882,Ayliah,Connections
117883,Cruise Control,Connections
117884,Green Skull,Connections
117885,Cul de Sac/Tough City,Connections
117886,You Won't Forget It/Low Low Low,Connections
117887,Month 2 Month/Love St.,Connections
117942,L'amour est enfant dub,Volfoniq
117943,Comment - Sulitu in dub,Arrogalla
117944,Whispers remix,mildtape
117945,Como - Amigos Adubados,Buguinha Dub
117946,Not too late,Moolen
117948,Orange Reflux,fast idio
117949,Diji,fast idio
117950,Atmose,fast idio
117951,The Cost of Nothing,fast idio
117961,"Marcel Duchamp, Frank Zappa, Jean Cocteau",Anal Sadist
117966,Marcel Duchamp,Vladimír Hirsch
117967,The Interviews,Fake Cats Project
117970,The Interviews,Jared C. Balogh
117991,Anthony Donovan,Ars Sonor
118000,"Anthony Donovan, Marcel Duchamp, Georges Bataille",Juan Angel Italiano
118012,"Georges Bataille, Paul Éluard",suRRism
118041,The Interviews,Teleg.
118042,William Burroughs,Thomas Havlik
118045,The Interviews II,Crank Sturgeon
118047,Stress Test,Pete Prodoehl
118048,Attention,Pete Prodoehl
118050,Pressure Cooker,Pete Prodoehl
118051,Watertown,Pete Prodoehl
118052,Small Hands,Pete Prodoehl
118053,Shipwrecked Crew,Pete Prodoehl
118054,Fail!,Pete Prodoehl
118055,Empty Pockets,Pete Prodoehl
118056,Mother Sink,Pete Prodoehl
118058,Black Ballots,Blue Dot Sessions
118059,Front Runner,Blue Dot Sessions
118060,Janitor,Blue Dot Sessions
118061,Masonry,Blue Dot Sessions
118062,Tanguedo,Blue Dot Sessions
118063,Union Hall Melody,Blue Dot Sessions
118064,I - В ГЛУШИ by Kosta T,Kosta T
118065,II - СЛЕДЫ РАСКАЯНИЯ by Kosta T,Kosta T
118066,III - НЕВЗНАЧАЙ ИСПЕПЕЛИЛ by Kosta T,Kosta T
118067,IIII - ОПРОКИДЫВАЕТ by Kosta T,Kosta T
118068,IIIII - ОНИ ПОПЛАТЯТСЯ by Kosta T,Kosta T
118070,After Dark,Project 5am
118084,Only All,PC-ONE
118085,Pause,PC-ONE
118087,Too Much To Never,PC-ONE
118195,Ave,PC-ONE
118196,The Blues With No Horizon,PC-ONE
118197,Reverse Start,theL3the
118198,Native House,theL3the
118199,Fastforward in BW,theL3the
118200,Inside,theL3the
118201,Waha Away,theL3the
118202,Doom Mantra,theL3the
118203,The Element,theL3the
118204,IsUninst,theL3the
118211,Spiritual Girl,Project 5am
118222,The March,PC-ONE
118223,Baptism,PC-ONE
118226,Stole Your Sis',Mouthguard88
118227,Miami Corrector,Mouthguard88
118230,Get it In,Mouthguard88
118232,Tina's,Mouthguard88
118251,tongue - dagger lips,Catholic Witches
118256,hold the light,Catholic Witches
118257,don't care bar,compost haven
118261,jay and wendy's dogs,compost haven
118276,Love Is The Happiest Way,PC-ONE
118277,Dreams In Overdrive,PC-ONE
118279,crucial,springtide
118281,I Dont Care About You,The Achtungs
118285,Full Of Hate,The Achtungs
118286,They Sent Me Back To Hell,The Achtungs
118287,I Dont Want To Talk About It,The Achtungs
118327,Or Does It Explode?,Tyranny is Tyranny
118328,She Who Struggles,Tyranny is Tyranny
118329,"Pillar Of Cloud, Pillar Of Fire",Tyranny is Tyranny
118330,Kabuki Snuff Theater,Tyranny is Tyranny
118375,Horse Helpers Theme,Vitamin Pets
118376,C.O.R.S.I.C.A.,Vitamin Pets
118377,Ya-Ya-Ya,Vitamin Pets
118378,Somebody Called My Name,Vitamin Pets
118379,Dig a Hole,Vitamin Pets
118380,I Am Ed Sullivan,Vitamin Pets
118381,No Ring,Vitamin Pets
118382,Standby,Vitamin Pets
118383,Danny's Midway,Vitamin Pets
118384,Horse Helpers Reprise,Vitamin Pets
118400,Good morning 2,The Basic Income Earth Network
118405,My baby is still crying,The Basic Income Earth Network
118478,XI,Ben Townsend
118483,XVIII,Dexter Dine
118484,I,Dina Maccabee
118485,IV,Eric Klein
118489,II,Jesse Krakow
118491,XII,Karina Denike
118492,XVII,Pat Moran
118493,VIII,Stephanie Trotter
118495,III,Sylvain Carton
118496,2,Dan Cantrell
118497,4,Irene Sazer
118498,10,Isaac Silk and Tennessee Mowrey
118499,8,Jesse Olsen Bay
118500,3,Jonathan Zorn
118501,9,Lily Taylor
118502,7,Michael Mellender
118503,5,Ron Shalom
118504,6,Toby Summerfield
118505,B,Josh Tillinghast
118507,A,Mouzhan Yousefi Carton
118518,Last Time,Hearse Pileup
118563,Elgin Street,Cheese N Pot-C
118569,Hey You Guys,Cheese N Pot-C
118572,PS Love Always,Cheese N Pot-C
118573,Mars Burns,Cheese N Pot-C
118574,Sea And Pea,Cheese N Pot-C
118575,Eat Some Cake,Cheese N Pot-C
118576,Tonight You Belong To Me (Featuring Kat Wahamaa),Cheese N Pot-C
118577,Aluminatti (Featuring Long John),Cheese N Pot-C
118578,C-N-P Enuff,Cheese N Pot-C
118618,Hanami Matsuri (花見祭り),Fabian Measures
118619,Let the Night Tell,Marrach with H. Stewart
118620,Nightingale,Marrach with H. Stewart
118621,Naked,Marrach with H. Stewart
118622,Skin Deep,Marrach with H. Stewart
118623,What the Night Brings,Marrach with H. Stewart
118624,Ghosts of Freemont,Marrach with H. Stewart
118625,She Wore a Violet Scarf,Marrach with H. Stewart
118626,Hellhound,Marrach with H. Stewart
118627,Twinkle,Marrach with H. Stewart
118628,Mime,Marrach with H. Stewart
118629,Black Diamond,Marrach with H. Stewart
118631,Cat Songs Pt.I - A Cat Song,Fake Cats Project
118632,Cat Songs Pt.II - Neko No Uta,Fake Cats Project
118633,Cat Songs Pt. III - Glass Cat Song,Fake Cats Project
118649,Dueling Duality,Cullah
118650,Riverse,Cullah
118651,The Fallow Fellow,Cullah
118652,Neurosis Of The Liver,Cullah
118653,Cold Kind of Woman Blues,Cullah
118654,Where You Do Belong,Cullah
118655,Rocket Mon,Cullah
118656,Gone Away,Cullah
118657,To The Rhythm of the Funk,Cullah
118658,No Home,Cullah
118659,Dinancon,Shamil Elvenheim
118661,Craft,Shamil Elvenheim
118662,Nebulae,Shamil Elvenheim
118664,Dark Matter,Shamil Elvenheim
118665,Terraforming,Shamil Elvenheim
118666,Sleep in Hyperspace,Shamil Elvenheim
118667,Quantum,Shamil Elvenheim
118668,Superposition,Shamil Elvenheim
118669,Pluto,Shamil Elvenheim
118670,When The Rains,Red Trees
118671,Butterfly Shield,Red Trees
118672,Mountain,Red Trees
118673,Wendy's House,Red Trees
118674,Driving Just To Drive,Red Trees
118699,Spells,Tim Cosner
118705,It Go Like,Tim Cosner
118706,W Here,Tim Cosner
118724,The Message,F J Blues
118725,Unknown Man,F J Blues
118726,RELB 606 Delay 6 1 14 Bounce,Russell E. L. Butler
118727,SH101 606 6 1 14bounce,Russell E. L. Butler
118728,Jackdist 6 5 14finalbounce,Russell E. L. Butler
118729,606 Boss Halfrack 6 4 14bounce,Russell E. L. Butler
118730,606 dub 6 5 14bounce,Russell E. L. Butler
118731,RELB Eurorack Sesh 6 20 14tapebounce,Russell E. L. Butler
118732,RELB Afrogroove 6 20 14 Tapebounce,Russell E. L. Butler
118733,Euro Octajunk 7 8 14bounce,Russell E. L. Butler
118734,Eu Octa 7 8 14bounce,Russell E. L. Butler
118735,Moonlight,The Golden Dawn
118736,Let The Sunshine In,The Golden Dawn
118737,The Outcast,The Golden Dawn
118738,Enjoy the nature,The Golden Dawn
118739,Seagull,The Golden Dawn
118740,Lady jones,The Golden Dawn
118746,Quick Majestic Death in Manhattan,Kenny Millions
118856,Vegetation,Container
118857,Eject,Container
118858,Soak,Container
118859,Insulation,Container
118860,Carpeting,Container
118861,Appliance,Container
118862,Cushion,Container
118863,Radiator,Container
118867,Living The Dream,Toxic Water
118868,St Anne,Toxic Water
118869,TransHumanExpress,Toxic Water
118870,We've Only Just Begun,Toxic Water
118872,1234 Ever,Jon Langford
118873,Luxury,Jon Langford
118874,Tubby Brothers,Jon Langford
118875,Hal's Roof,Jon Langford
118886,Sugary Sweet,Pepper Coat
118890,Whiskey Winter,Pepper Coat
118891,This Little Light of Mine,Pepper Coat
118920,Golden,Little Glass Men
118921,Westside Chillers,Little Glass Men
118922,Modulation of the Spirit,Little Glass Men
118923,Blackout & Blue,Little Glass Men
118950,Fall,Igor Khabarov
118951,Rise,Igor Khabarov
118952,Run,Igor Khabarov
118953,Stay,Igor Khabarov
118954,Try,Igor Khabarov
118955,Wait,Igor Khabarov
118957,AVIATION CRAB ORCHESTRA (JAAN PATTERSON - 05 - GI),ODOR BABY
118958,AVIATION CRAB ORCHESTRA (WAGNER),ODOR BABY
118972,AVIATION CRAB ORCHESTRA (INTANGIBLE 23 RADIO),ODOR BABY
118984,Encantado,Bagat
118985,Volatus,Bagat
118986,Mana,Bagat
118987,Ventus,Bagat
118988,Coda,Bagat
119014,Cell 1,Cell1110
119019,This Year We'll Disappear,Change!
119020,Box Of Assorted Chocolate Tears,Change!
119021,Died At The Disco (featuring Tim Blaze),Change!
119022,A Kiss Is Just A Thimble,Change!
119023,Confused By The Muse,Change!
119024,In Skeletal Forms,Change!
119025,The Sun Has Wings,Change!
119026,Colourdome,Change!
119027,How Do I Say Goodbye To Myself,Change!
119063,Nature World Love,FortyOne
119075,Silly Trashy Nonsense Chipmunks,FortyOne
119077,The Space Baby Polka,FortyOne
119086,Battle Hymn Of The Children,FortyOne
119095,Hip Hip Hop,FortyOne
119097,A Happy Little Song,FortyOne
119115,have sex,FortyOne
119118,human nature is nature nature,FortyOne
119124,rapunzel rapunzel,FortyOne
119134,i want the princess!,FortyOne
119136,cheers,FortyOne
119149,Synthepoop,Clemens Eduard Haipl
119152,Indie Berg,Clemens Eduard Haipl
119187,The I love you song,Puyo Puyo
119193,Tangerine cream,Puyo Puyo
119245,hold,The Wades
119246,"dear, sweet november",The Wades
119247,do you stand up,The Wades
119248,movement,The Wades
119249,three times,The Wades
119250,originate,The Wades
119251,the new liberal,The Wades
119252,life is like your heart,The Wades
119253,new direction,The Wades
119254,sunshine rays,The Wades
119255,forlorn,The Wades
119256,the fruit of,The Wades
119257,like love,The Wades
119369,calm,Erick Gallun
119375,natura,Erick Gallun
119378,repeated parts,Erick Gallun
119379,Not_re_Da_me,Erick Gallun
119391,fearless,Big City Orchestra
119394,chimpo,Big City Orchestra
119396,Au clair de la lune,Joel Knight Chevalier And Unexpected Social Images
119413,Waiting For Enlightenment Blues,Eddie The Rat
119414,Breathing Underwater in the Data Stream,Eddie The Rat
119538,Intro,Full Load of King
119545,Jungle Conflict,Full Load of King
119548,Home Economics,Mrs. Grossman (& Monty)
119549,Trailer-Chemistry,Mrs. Grossman (& Monty)
119551,Driver Education,Mrs. Grossman (& Monty)
119552,Industrial Arts,Mrs. Grossman (& Monty)
119553,William Tell,Mrs. Grossman (& Monty)
119554,Hunt and Pecker,Mrs. Grossman (& Monty)
119564,Intro - Rock the Cops to Town,Iron Metal
119565,Whiskey Wine Woman,Iron Metal
119566,Band Introductions - Love of My Woman,Iron Metal
119567,Get Rockin',Iron Metal
119569,Devil Hell,Iron Metal
119570,Steaming Bridge,Iron Metal
119571,Rock on the Hole - Side 1,Iron Metal
119574,Rock on the Hole - Side 4,Iron Metal
119575,A. Ross Perot With A Disturbing Story / B. Operation Brittany,Nicholas Smith
119577,"Sacrilege, Ex. Rikki Lake, Boneless Chicken, Viagra",Nicholas Smith
119578,A. Darkness... Smile / B. Commercial Break,Nicholas Smith
119579,"A. And Now! More News, Debate, And Let's Not Forget Their Opinions / B. Commercial Break",Nicholas Smith
119580,"A. Integrated Love Circle / B. You ""R"" Electronic / C. And Image: - Girls Rule The Earth / D. Economic Isolationism, For Responsolationism, For Response",Nicholas Smith
119581,Operation Brittany Not Accomplished,Nicholas Smith
119582,A Good Note To End On,Nicholas Smith
119583,Satan Speaks English,Nicholas Smith
119584,Dildo Saga,Pee-Bug
119587,Water In The Tire Swing,Pee-Bug
119592,Free,Pee-Bug
119594,Dead Museum Blues,Pee-Bug
119714,Side 1,Kraus
119715,Side 2,Kraus
119719,imensa prece,manuel gordiani
119722,e che sarà,manuel gordiani
119725,il vecchio francesco,manuel gordiani
119726,o pescador,manuel gordiani
119727,999,manuelgordiani.it - fabrizioab
119745,fire music,gordiani
119750,terramusica,gordiani
119751,wassermuzik,gordiani
119753,KPWR,ODOR BABY
119756,18081_1_harshEdit,ODOR BABY
119759,LIVE MISTRESS CAPITOL OF THE WORLD,ODOR BABY
119820,Underworld Sweat Bath,"Ak'chamel, The Giver of Illness"
119822,What Price Love?,Squire Tuck
119823,Thinking of You,Squire Tuck
119824,Declaration of My Love,Squire Tuck
119826,A Sudden Sense of Loss,Squire Tuck
119827,"Something Borrowed, Something New",Squire Tuck
119828,Song of Hope in a World Without Care,Squire Tuck
119829,Suffering of the Innocents,Squire Tuck
119830,Future Past,Squire Tuck
119831,To Absent Friends,Squire Tuck
119893,Xandre,Blue Dot Sessions
119894,Villa,Blue Dot Sessions
119895,McKrary,Blue Dot Sessions
119896,Illway,Blue Dot Sessions
119897,Jefferson,Blue Dot Sessions
119898,Ferry Landing,Blue Dot Sessions
119899,Dash and Slope,Blue Dot Sessions
119900,Ballast,Blue Dot Sessions
119901,Chalk,Blue Dot Sessions
119922,The Exit to the Rainbow,springtide
119938,Showtime,J Mano
119939,Riding Music,J Mano
119940,Be Yourself,J Mano
119941,Winners,J Mano
119942,Goals,J Mano
119944,"Existence in a Dark Place: One Death, Seven Death",Vinnie Paternostro and Michel Kristof
119945,From the Depths - A Light - A Demonic Figure,Vinnie Paternostro and Michel Kristof
119946,The House of Jaguars: The Third House,Vinnie Paternostro and Michel Kristof
119947,A Rift in Space/Time: The Open Mouth of Hell,Vinnie Paternostro and Michel Kristof
119970,Old School My School (School's INstrumental Mixx),Cheese N Pot-C
119971,Afterschool Speshul Bonus Beats,Cheese N Pot-C
119972,Old School My School (Album Version Instrumental),Cheese N Pot-C
119973,"Old School My School (Acapella) (Featuring CM aka Creative, C-Doc, 34Pro & Kat Wahamaa)",Cheese N Pot-C
119974,Hey You Guys (Album Version),Cheese N Pot-C
119976,Hey You Guys (Sloth Cause Mixx),Cheese N Pot-C
119977,Hey You Guys (Electric Underground Mixx),Cheese N Pot-C
119978,Hey You Guys (Album Instrumental),Cheese N Pot-C
119979,Hey You Guys (Acapella),Cheese N Pot-C
119985,Director's Cut,Cassette Tape Bandits
119986,The 1 Upper,Cassette Tape Bandits
119987,Even Your Girl,Cassette Tape Bandits
119988,Spot Rockers,Cassette Tape Bandits
119989,Number 1 Good Time Rap Song,Cassette Tape Bandits
119990,Stupid Fresh Rhymes (Party Tape '88),Cassette Tape Bandits
119991,You Lost On Price Is Right,Cassette Tape Bandits
119992,Kids Say The Darndest Things,Cassette Tape Bandits
119993,ET The Extra Testicle,Cassette Tape Bandits
119994,Bird Up!,Cassette Tape Bandits
120095,Dizzy ke Peeche,Martinibomb
120099,Do The Food,The Nourishment
120105,Happy Boccherini,Lanark
120109,Accidental Beatnik,Coconut Monkeyrocket
120111,Bicycle Fascism,Erick Gallun & Chris Stecker (Brain Science)
120112,Very Happy Encounters,Inzah
120121,The Comfort Zone,Lee Rosevere
120147,Auld Lang Syne,Scotch And Soda (Featuring Pastor McPurvis)
120148,Old Lang Syne,Love Dove
120150,Old Long Sin,The Slate Pipe Banjo Draggers
120153,Auld Lang Syne,Fresh Nelly
120156,Auld Lang Syne,The Ronnie Wibbley Disco Machine
120160,Excelsior Lang Syne,The Holiday Squad
120161,Abchied Bruder (Happy Little Auld Lang Syne),Bros II
120162,Auld Lang Syne,René Vis
120163,Auld Lang Syne,Lovebyte
120164,Auld Lang Syne (Cup O' Kindness),FortyOne
120165,Auld Lang Syne (Radio Version),JR
120166,What Are You Doing New Year's Eve?,Emerson Dameron - Jeff Disler
120167,Auld Lang Syne,Chenard Walcker
120168,The Auld Lang Syne Hop,Kaffeinik
120169,Auld Lang Syne Memory,Cellar Twins
120170,Auld Lang Syne (End Is Near Mix),John Louis Kluck
120171,One Minute To Midnight (Or: How I Spent New Year's Eve 2005),mr_melvis
120172,Come Back,Hope For Agoldensummer
120173,Strange Skies,Hope For Agoldensummer
120174,Lo Mama,Hope For Agoldensummer
120175,Burning The Toast,Hope For Agoldensummer
120176,Fertile Land,Hope For Agoldensummer
120177,Daniel Bloom,Hope For Agoldensummer
120178,Fix This,Hope For Agoldensummer
120179,Intro Monstro Crescendo,Messer Chups
120181,Bright Headed Churchgoer,FortyOne
120182,Motomotion,Principle Fetterman
120183,Graduation Day,Math and Physics Club
120184,Lavender Hip Mob,Lee Rosevere
120185,Orgia of Dead 2,Messer Chups
120188,New Years Party by Toptygin (live),Kim & Buran
120189,Rock'n Roll Boy,Chenard Walcker
120191,Sprung,Very Proper Dragonflies
120194,Devil Exit From Fashion,Messer Chups
120196,Alien Pops Trilogy (featuring Midas),FortyOne
120198,Everybody Lies,Math and Physics Club
120199,Tegwar,Lee Rosevere
120200,Polivox Box + Garage,Messer Chups
120201,"So Be It Soviet, The Undertow",R. Stevie Moore (with Irwin Chusid)
120203,Birthday Party,Kim & Buran
120206,Just Believe (We'll Get There),Very Proper Dragonflies
120207,Like A Virgin,The Apartment
120208,Comfort Stand Records Remix Project : Song #2,FortyOne
120296,All My Light,Cory Gray
120297,Anthills,Cory Gray
120298,Attic,Cory Gray
120299,Build A View,Cory Gray
120300,Call In Sick,Cory Gray
120302,Coast To Coast,Cory Gray
120303,Concrete Clock,Cory Gray
120304,Doctor 1,Cory Gray
120305,Doctor 2,Cory Gray
120306,Down To The Street,Cory Gray
120307,Driveway Chunk,Cory Gray
120308,Dudes On A Roof,Cory Gray
120309,Follow The Trail,Cory Gray
120310,Gold Sunset,Cory Gray
120312,House Arrest,Cory Gray
120313,Interstate Prelude,Cory Gray
120314,Killingsworth Drop,Cory Gray
120315,Life Size Head,Cory Gray
120316,Mountains 2,Cory Gray
120317,Mountains,Cory Gray
120318,Nothing More Than Something,Cory Gray
120319,One Shot Charlie,Cory Gray
120320,Plans For The Day,Cory Gray
120321,Quoting Dead Comedians,Cory Gray
120322,Rosie,Cory Gray
120323,Someone Kill Jt,Cory Gray
120324,Spit Off The Bridge,Cory Gray
120325,Tell The Future,Cory Gray
120326,The Sink,Cory Gray
120327,Walls Of A Cave,Cory Gray
120328,Walls Of The World,Cory Gray
120329,When The New Line Finds You,Cory Gray
120330,Wind Tunnel,Cory Gray
120331,Wrecking Ball,Cory Gray
120332,WTS,Cory Gray
120333,Clear Your Head,Cory Gray
120334,Apnea,mildtape
120335,Aspira,mildtape
120336,Surface (Volfoniq Remix),Volfoniq
120443,the first mind,SPCZ
120444,the second mind,SPCZ
120445,the third mind,SPCZ
120446,the fourth mind,SPCZ
120447,the fifth mind,SPCZ
120448,the sixth mind,SPCZ
120449,the seventh mind,SPCZ
120450,the eighth mind,SPCZ
120451,the ninth mind,SPCZ
120452,the tenth mind,SPCZ
120453,the eleventh mind,SPCZ
120454,the twelfth mind,SPCZ
120455,Awaken,SPCZ
120456,Traffic,SPCZ
120457,Northlight,SPCZ
120458,Mystic Flow,SPCZ
120459,Query,SPCZ
120460,Interlude,SPCZ
120461,Inside Dreams,SPCZ
120462,Gravity,SPCZ
120463,Sky,SPCZ
120464,Bliss,SPCZ
120465,Equal Slide,SPCZ
120466,Stratoskop,SPCZ
120467,Space Night,SPCZ
120468,Amal,SPCZ
120469,Dust,SPCZ
120470,Legend,SPCZ
120471,Sphere,SPCZ
120474,Tidings of Comfort,Tidings of Comfort
120475,Tidings of Comfort (Instrumental),Tidings of Comfort
120504,Explosion,Nick Davies
120506,Slow,Samoln
120511,Slowly,Samoln
120513,Nesco Gloss,LAZY SALON
120514,Upside Crown,LAZY SALON
120515,Rai,LAZY SALON
120516,Kam,Kotúče DM
120517,To co so mnou zije v byte,Kotúče DM
120518,Zaczek,Kotúče DM
120533,Middle Aged Youth,Flesh Lights
120535,Waves,Flesh Lights
120538,You Might Know,Flesh Lights
120539,Just About Due / Flashback,Flesh Lights
120540,Too Big To Fail,Flesh Lights
120542,You Wanna Go,Biggbutt
120547,Run and Hide,Biggbutt
120548,Don't Matter To Me,Biggbutt
120769,Wait For Me,Aaron Mist
120770,Nuclear Ashes,Aaron Mist
120771,They Made Me Monster,Aaron Mist
120772,Burning Forest,Aaron Mist
120773,Revenge,Aaron Mist
120774,Be The Light,Aaron Mist
120775,I Want You'll be Proud of Me,Aaron Mist
120776,Whales Inside,Aaron Mist
120777,Rainmaker,Aaron Mist
120778,Through the ages,Aaron Mist
120779,what hath god wrought,Teleg.
120780,i think i can i think i can i think i can,Teleg.
120781,telegrapher,Teleg.
120782,things are not as they seem,Teleg.
120784,The Easton Ellises - SexDrugsRocknRoll - Dans Freedom Remix,Dan Lizard
120785,The Easton Ellises - Falcon 69 - Smokers Delight Remix,Dan Lizard
120792,drift_rmx,-ono-
120793,int#01_rmx,-ono-
120794,Scan_rmx,-ono-
120795,Polarity_rmx,-ono-
120796,W-1229_rmx,-ono-
120913,"The Merry Wives of Windsor, Overture (Nicolai)",MIT Symphony Orchestra
120914,"Cavalleria Rusticana, Opening Chorus (Mascagni)",MIT Symphony Orchestra
120915,"Romeo et Juliette, Juliette Waltz (Gounod)",MIT Symphony Orchestra
120916,"Semele, Iris Hence Away (Handel)",MIT Symphony Orchestra
120917,"L'elisir d'amore, Una furtiva lagrima (Donizetti)",MIT Symphony Orchestra
120918,"The Pirates of Penzance, I Am the Model of a Modern Major General (Sullivan)",MIT Symphony Orchestra
120919,"The Pirates of Penzance, When the Foeman Bares His Steel (Sullivan)",MIT Symphony Orchestra
120920,"Manon Lescaut, Intermezzo (Puccini)",MIT Symphony Orchestra
120921,"L'incoronazione di Poppea, Pur Ti Miro (Monteverdi)",MIT Symphony Orchestra
120922,"Cosi Fan Tutte, Come Scoglio (Mozart)",MIT Symphony Orchestra
120923,"The Pearl Fishers, Pearl Fishers' Duet (Bizet)",MIT Symphony Orchestra
120924,"The Great Gatsby, Waiting (Harbison)",MIT Symphony Orchestra
120926,"La Traviata, Brindisi (Verdi)",MIT Symphony Orchestra
120927,Der Abend (The Evening) [World Premiere],MIT Concert Choir
120928,Der Abend Reprise [World Premiere],MIT Concert Choir
120929,Peaceful Henry,Heftone Banjo Orchestra
120930,Guatemala - Panama March,Heftone Banjo Orchestra
120931,Persian Lamb Rag,Heftone Banjo Orchestra
120932,Music Box Rag,Heftone Banjo Orchestra
120933,Whistling Rufus,Heftone Banjo Orchestra
120934,St. Louis Tickle,Heftone Banjo Orchestra
120935,Dill Pickles,Heftone Banjo Orchestra
120936,Maple Leaf Rag,Heftone Banjo Orchestra
120937,Down Home Rag,Heftone Banjo Orchestra
120938,Eli Green's Cakewalk,Heftone Banjo Orchestra
120939,Semper Fidelis,Heftone Banjo Orchestra
120940,Policy King,Heftone Banjo Orchestra
121204,The Long Way Through The Deserts And The Seas,Gianluca Sgalambro
121205,Prayers,Gianluca Sgalambro
121206,Somewhere East,Gianluca Sgalambro
121207,Keep On Breathing,Gianluca Sgalambro
121208,Loving Simon,Gianluca Sgalambro
121209,Revelations,Gianluca Sgalambro
121210,Seven,Gianluca Sgalambro
121211,Descarga Con Hiro,Gianluca Sgalambro
121212,Callsign Aki,Gianluca Sgalambro
121213,Gabriel Flying,Gianluca Sgalambro
121214,One Hundred Millions Dancing Bats,Gianluca Sgalambro
121215,Something About The Fall,Gianluca Sgalambro
121216,The Father's Name,Gianluca Sgalambro
121217,The Glory And The Shame,Gianluca Sgalambro
121223,Call On Me,Junk Boys
121225,Sad But True,Junk Boys
121230,Cheap Cherry Wine,Junk Boys
121232,Showtime,Junk Boys
121251,El Horror Sucesivo del Vacío,Guerra de Cerdos
121252,Angeles Rawson,Guerra de Cerdos
121253,Puertas de Fuego,Guerra de Cerdos
121254,El Tiempo,Guerra de Cerdos
121255,Campo de Mayo,Guerra de Cerdos
121256,Shake the Dust,King Capisce
121257,Never Spoken (Extended Edit),King Capisce
121258,Lighthouse,King Capisce
121259,Awake,King Capisce
121273,Winter Vines,Talugung
121276,Storm Water Refraction,Talugung
121277,Shifting Plates,Talugung
121278,Inversed Contents,Talugung
121287,Time-Scene #1,Running Point
121288,Time-Scene #2,Running Point
121289,Time-Scene #3,Running Point
121290,Time-Scene #4,Running Point
121312,cloud cover,Coin Locker Kid
121313,zentropa,Coin Locker Kid
121314,anxiety,Coin Locker Kid
121315,sollerod fascists,Coin Locker Kid
121316,prometheus,Coin Locker Kid
121317,return to malice,Coin Locker Kid
121318,something brewing,Coin Locker Kid
121319,the monorail,Coin Locker Kid
121320,goldheart,Coin Locker Kid
121321,annabelle,Coin Locker Kid
121322,crumbs,Coin Locker Kid
121323,idiotik,Coin Locker Kid
121346,AVIATION CRAB ORCHESTRA (HARSH NOISE POSER),ODOR BABY
121363,Ondina Pires - Revelation to John,YANSR & CCC
121366,Pedro Sousa - Pós Africanismos Redundantes,YANSR & CCC
121367,Stealing Orchestra & Kao Ryao - Refugio Zen nas Ruínas da Antiga Fabrica de Robots,YANSR & CCC
121373,André Ruivo - Mechanical People (instrumental),YANSR & CCC
121412,Years,Dead End Canada
121413,Factory Life,Dead End Canada
121414,Corridors,Dead End Canada
121415,The Western Front,Dead End Canada
121416,Witch Hunt,Dead End Canada
121429,Furie,Mad Masks
121430,Fable,Mad Masks
121433,Spelaion,Mad Masks
121434,Lame,Mad Masks
121435,Trista,Mad Masks
121449,Happy Feelings,Dan Lizard
121450,Kalimba Funk,Dan Lizard
121451,Make It Funky,Dan Lizard
121452,Strawberry Boogie,Dan Lizard
121453,The Look In Your Eyes,Dan Lizard
121454,Thinking About Your Love,Dan Lizard
121472,Archival (Emergence),Satellite Ensemble
121473,Duets,Satellite Ensemble
121474,Three Pianos,Satellite Ensemble
121475,Time=Pain,Satellite Ensemble
121569,Teenage Eyes / Que Viva El Rock and Roll,Spider Bags
121570,Japanese Vacation,Spider Bags
121573,Shadow Man,Spider Bags
121574,Instrumental,Spider Bags
121575,My Old Lady,Spider Bags
121581,Rain/Wave,Cold Beat
121582,Outrunning Shadows,Cold Beat
121583,Tinted Glass,Cold Beat
121584,UV,Cold Beat
121585,Broken Lines,Cold Beat
121586,Am I Dust,Cold Beat
121587,Worms,Cold Beat
121588,OSOTW,Cold Beat
121589,Weekend Girls / Can't Have Her Back,Kurt Baker
121590,Why You Gotta Lie,Kurt Baker
121591,Everybody Knows,Kurt Baker
121592,Partied Out,Kurt Baker
121593,Don't Go Falling In Love,Kurt Baker
121594,I Can't Wait,Kurt Baker
121595,'85s,Phatte Harry
121651,Her History of Water,happiness in aeroplanes
121652,The Silent World,happiness in aeroplanes
121653,Voyage of the Pequod,happiness in aeroplanes
121654,An Ocean Like The Others,happiness in aeroplanes
121655,The Dream Room,happiness in aeroplanes
121656,Of Sargasso Sea,happiness in aeroplanes
121657,Je suis Partout,happiness in aeroplanes
121658,The Encantadas,happiness in aeroplanes
121659,The Isle of Lost Ships,happiness in aeroplanes
121660,Paper Moons,happiness in aeroplanes
121661,A Black Obelisk In A Narrow Sea,happiness in aeroplanes
121662,Kyoko's House,happiness in aeroplanes
121663,Bridgewater Triangle,happiness in aeroplanes
121664,Sunken Lighthouse,happiness in aeroplanes
121665,Wayward Docks,happiness in aeroplanes
121666,Upstream Harbour,happiness in aeroplanes
121717,Pull Your Socks Up,Jim Rooster
121718,It Wears Off,Jim Rooster
121719,Docklands,Jim Rooster
121720,Eastern Rain,Jim Rooster
121721,Girl from Lviv,Jim Rooster
121722,"Go On, Then",Jim Rooster
121723,Guttersnipe,Jim Rooster
121724,Mind Your Manners,Jim Rooster
121725,Plutocrat,Jim Rooster
121726,Realize Me,Jim Rooster
121727,She Thinks Herself Immortal,Jim Rooster
121734,Stars on the Boulevard,Frozen Houses
121735,Trouble Outside,Frozen Houses
121736,Listen,Frozen Houses
121737,Back On The Train,Frozen Houses
121738,Hummingbird,Frozen Houses
121739,Birmingham Road Birthday Song featuring Lucy Hill,Frozen Houses
121740,finished enconomic survivor,Frozen Houses
121767,Orfeo,Pierce Murphy
121768,Nighthawks,Pierce Murphy
121769,Versailles,Pierce Murphy
121770,Mad About You,Pierce Murphy
121806,The Dull Life of a City Stockbroker,Argument Clinic
121811,Strangers in the night,Argument Clinic
121812,Falling From Building,Argument Clinic
121813,"Blood, Devastation, Death, War and Horror",Argument Clinic
121814,Túladagolás,Gazprom
121821,Bruttó-nettó,Gazprom
121822,Pénzre Váltott Álmok,Gazprom
121823,Van Erőm,Gazprom
121824,Nincs,Gazprom
121828,FS-Walkabout,Found Sound
121833,Turn Around,Mikal Cronin
121849,FS-Lroom_b.,Found Sound
121863,Why Don't You,The Britemores
121864,Little Round Box,The Britemores
121865,I Know You Will,The Britemores
121866,Perfect Day,The Britemores
121867,Shot Down,The Britemores
121869,Sick Of You,The Britemores
121913,Dubbing into di wild,Negritage
121915,Dub Kontrol Skank,Negritage
121922,Babylon fall dubwize ft Jam York,Negritage
121926,Youthman Stepwise (Bass cut),Negritage
121929,Dubbing time,Negritage
121930,Guetto Rockers in dub,Negritage
121976,Every Day is a Celebration,Zatan
121985,Broken Shadows,Faster
121987,Good For You (Piano Phase),Matt Riggen Quintet
121994,Transformation Scene,Qkcofse
121997,Etched in the eye,"Sandy Ewen, Danny Kamins and Robert Pearson"
121998,Leftover Skin,Beauty School
121999,afterlife-of-amphibian-dancer-body,Hieronymous SteamCake
122000,Loneleenette,LEE OTHER
122001,Blues For Puck,Dimmer Twins
122002,About the Neck,Anthony Donovan
122003,No Brainium in de Cranium,Bret Harold Hart
122004,For Ornette,Christopher Petkus
122042,Last Night,Clubfratsen
122043,Paradise Dream Stealer,The Welvins
122045,Armitage,Cloack
122046,The Crisp,Monom3
122047,Fruition (Levingtquatre Remix),Hanami
122048,Meant To Be,HAZE
122049,Wander vs the Colossus,Stefano
122050,This Will Never End,SonurBer
122066,A Message,Jahzzar
122077,1000 Miles,Jahzzar
122079,Black Jar,Jahzzar
122080,Dory Honey,Jahzzar
122081,Eyewitness,Jahzzar
122082,Gonzo,Jahzzar
122083,In my pocket,Jahzzar
122084,March Madness,Jahzzar
122085,Placeholder,Jahzzar
122086,Sometimes,Jahzzar
122087,Wastecnology,Jahzzar
122088,What?,Jahzzar
122106,"Gentle, Cruel Orb",Electroblurgen
122107,A Cheetah Grimly Grooms,Electroblurgen
122109,AVIATION CRAB ORCHESTRA (BECKY WEGNER ROMMEL),ODOR BABY
122115,Men's Haircuts,Pollux
122117,Dream Sequence,DGOD
122118,Cowthoughts,B.C.
122119,H.O.R.S.E.,Do-Bros
122121,The Watchtower,Dr. Strong
122122,In the Belly of the Brontosaurus,Evan Pope
122123,Knuckle Sandwich,FMA Overlords
122124,Merits and Demerits of the Trojan Horse,Gegorly
122125,Put Them Together,Guu
122126,Ascending to the Right Hand of the Horse Mother,YELLOW CHAIR
122127,Sonambulistic Fungus,Jaan Patterson
122128,Dead City,Sick To The Back Teeth
122129,"Take Your Vitamins and Rest, Ornette",Steve Nolan
122131,War Damn-YA,Trash Queen
122132,Woman of the Rain,J. Karl Bogartte & Jaan Patterson
122135,Sexfish,"Seiei Jack, Jaan Patterson & Jeremy Gluck"
122143,Genome Chomsky (pt I),Anthony Donovan & Jaan Patterson
122144,The Crying Cowboy,Runar Magnusson & Jaan Patterson
122147,Die Geste,"Jochen Arbeit, Vania Rovisco & Jaan Patterson"
122153,daRundada Sys,suRRism
122155,Destroyer,John Hyatt & Jaan Patterson
122163,Fragment des Schlaf-Wach Zustandes,Alessandra Celletti & Jaan Patterson
122165,Tilt,Yoshihiro Kikuchi & Jaan Patterson
122166,Grimaces and other useful techniques,"Binary Slim, John Juan & Jaan Patterson"
122167,Realm of Gestures,"William Davison & Jaan Patterson (with S. Higgins, C. Hinz, J. Bailey, P. Mosher,  L. Feesey)"
122168,Victim of Dreams,Jeremy Gluck & Jaan Patterson
122180,Horse Helpers Theme,Vitamin Pets
122181,Forest/Mountain,Vitamin Pets
122182,Precision Transmission,Vitamin Pets
122183,Dream Sequence,Vitamin Pets
122184,Shadow of a Lab Clinician,Vitamin Pets
122185,Ya-Ya-Ya,Vitamin Pets
122186,Somebody Called My Name,Vitamin Pets
122187,Cement Shoes,Vitamin Pets
122188,C.O.R.S.I.C.A.,Vitamin Pets
122189,Dig a Hole,Vitamin Pets
122190,I Am Ed Sullivan,Vitamin Pets
122199,Nudo de cables en la garganta,Alas de Mosca
122201,Film noir,Alas de Mosca
122204,Piano de cola suspendido en el aire,Alas de Mosca
122206,Un aullido,Alas de Mosca
122247,AVIATION CRAB ORCHESTRA (BEEATZ V2 0 NOISEBERG 9),ODOR BABY
122248,U Should Come to Tulum,SUW Remix Project
122249,SUW remix,DJ ALF
122258,ad_bis,CXLVIII
122259,whisper,CXLVIII
122260,haka,CXLVIII
122261,thirtyone,CXLVIII
122352,Lover,David Mumford
122353,Walking In The Country,David Mumford
122354,Mockingbird,David Mumford
122355,Light On In My Heart,David Mumford
122356,Wayfaring Stranger,David Mumford
122357,Singing In The Rain,David Mumford
122358,Night Without Sleep,David Mumford
122359,The Wilderness / Ghosts,David Mumford
122360,The Path,David Mumford
122362,Twinkle Twinkle,David Mumford
122363,Bonfire Music,David Mumford
122364,Hannahlove,David Mumford
122365,Meet Me In The Morning,David Mumford
122371,Free Piece Live on Air 1,Chris Corsano/Mette Rasmussen
122372,Free Piece Live on Air 2,Chris Corsano/Mette Rasmussen
122373,Branded,Sewers
122374,Still Stinging,Sewers
122375,Human Spray,Sewers
122377,Grease My Chain,Sewers
122378,Hooks In,Sewers
122379,Bloody Boring,Sewers
122380,Chain Of Command,Sewers
122381,Feel The Squeeze,Sewers
122382,Night Duty,Sewers
122395,Intro,Gorilla Chief
122396,Theme for Gorilla Chief,Gorilla Chief
122397,Cocaine Girl,Gorilla Chief
122398,Outta Sight,Gorilla Chief
122399,You're Not A Fighter,Gorilla Chief
122400,Problems,Gorilla Chief
122456,Ghost By Nature - Soul Inspector,Krowne
122457,Ghost By Nature - Pushing Situation,Krowne
122463,Easy It Goes,Eric & Magill
122464,What's Your Secret?,Eric & Magill
122465,Suburban Devastation,Eric & Magill
122466,You Never Know,Eric & Magill
122467,Up In The Air,Eric & Magill
122468,Get What You Want,Eric & Magill
122469,Holding Onto Light,Eric & Magill
122470,Post-it Note,Eric & Magill
122471,That Old Haunt,Eric & Magill
122472,Merry-Go-Round Heart,Eric & Magill
122473,"""Nina Goes Abroad""",Alessandro Coronas/Laura Mura
122474,"""nu pop2""",Plusplus
122475,"""Where has she gone""",Summerfugl
122498,"""Ibuki""",Madoka Ogitani
122499,"""Wheel of time""",N-qia
122500,"""Outsider girl""",Elisa Luu
122503,"""Early bird""",Neeva feat Carol
122504,"""Lost umbrella""",Frank Wilke/Andrè Darius
122510,Solitude Amongst the Wild Meadow Flowers,Squire Tuck
122511,What Price Love?,Squire Tuck
122533,"""Lucy's headphones""",Di Bos
122534,"""Young at Heart""",Adriano Orru
122535,"""Memoria d'azzurro""",Daniele Pasini/Raffaele Pilia
122536,"""Evidence_7127SS""",Soni Sfardati
122538,Anticipation Blues,Southern Negro Quartet
122539,Complaining,Eddy Hunter
122540,"I Love, I Love My Wife, But Oh you Kid",Arthur Collins
122541,Lovey Came Back,Bob Nelson
122542,My Old Kentucky Home,Ford Hanford
122543,Smiles,Joesph C Smith's Orchestra
122544,Tiger Rag-One Step,Original Dixieland Jazz Band
122545,What Do Want to Make Those Eyes at Me For,Ada Jones and Billy Murray
122551,our secret,-ono-
122552,dedicate,-ono-
122553,tiny,-ono-
122554,small future,-ono-
122578,"""Per uomini in pensione""",Medo's Little Trap
122579,"""Point of no return""",Menion
122609,Oceans Of Sound,White Hills
122610,LSD or USB,White Hills
122611,Under Skin Or By Name,White Hills
122612,Pads Of Light,White Hills
122613,Dead,White Hills
122614,Oh Cousin,Monk Parker
122615,I See Stars,Monk Parker
122616,Prom,Monk Parker
122617,Sleepaway,Monk Parker
122618,I Wanna Be Forgotten,Monk Parker
122619,The Last Wonder Of The World,Monk Parker
122620,Sadly Yes,Monk Parker
122621,Jonah's Message for New York,Doctor Turtle
122622,Leap Second,Doctor Turtle
122623,Two Hat Rag,Doctor Turtle
122624,We Are;,A Ninja Slob Drew Me
122625,Withering Trash Receptacle,A Ninja Slob Drew Me
122626,Cosmic Sound Waves Rule,A Ninja Slob Drew Me
122627,Nest,A Ninja Slob Drew Me
122628,Nallikari,A Ninja Slob Drew Me
122630,The Infinite,A Ninja Slob Drew Me
122631,Miu,A Ninja Slob Drew Me
122632,The Glance,A Ninja Slob Drew Me
122633,Inside,A Ninja Slob Drew Me
122634,Morsa (One Week),A Ninja Slob Drew Me
122635,Eden Bloom,A Ninja Slob Drew Me
122644,Ghost Wife,Josh Spacek
122645,In The End,Josh Spacek
122646,Little Strings,Josh Spacek
122647,Loaded,Josh Spacek
122648,Marianne,Josh Spacek
122649,Rivers And Mountains,Josh Spacek
122650,Sports!,Josh Spacek
122651,Starting Over,Josh Spacek
122654,"Young, Tough And Terrible",Josh Spacek
122671,The Whisper,P C III
122673,Onistwave,P C III
122675,Snoday,P C III
122678,La chute de la tête du roi,Salmo
122679,La crue,Salmo
122680,L'arbre,Salmo
122681,L'Irlandais,Salmo
122682,Boreal,Salmo
122683,L'intermede,Salmo
122684,Kaos,Salmo
122685,Kaos o MoMa,Salmo
122686,69 la dernière seconde,Salmo
122699,Covered Wagon Days,Ted Weems & His Orchestra
122700,Don't Take Me Home,Eddie Morton
122701,Espana Rapsodie,Guy Maier & Lee Pattison
122702,Hoop-e-Kack,William H. Reitz
122703,Li'L Liza Jane,Harry C. Browne and Peerless Quartet
122704,Maple Leaf Rag,U.S. Marine Band
122705,Parody on There Never was a Girl Like you,Nat M. Wills
122706,Red Rose Rag,Dolly Connolly
122707,When We Are M-A-Double-R-I-E-D,Billy Murray and Ada Jones
122709,"Baby, Won't You Please Come Home",Eva Taylor
122710,How Ya Gonna Keep 'Em Down On The Farm? (After They've Seen Paree),Lieut. Jim Europe's 369th U.S. Infantry Hell Fighters Band
122711,MAT-RI-MONY,May Irwin
122712,On The Mississippi,Prince's Band
122713,Snap Your Fingers,Al Jolson
122714,Stumbling,Frank Crumit
122715,Take Me 'Round in a Taxicab,Edward M. Favor
122716,That Lovin Two-Step Man,Sophie Tucker
122723,Allegro Vivo,Place Mandolin Quartette
122724,Everybody Hula,Helen Louise & Frank Ferera
122725,Is There Still Room for Me 'Neath the Old Apple Tree?,Albert Campbell and Henry Burr
122726,Fuzzy Wuzzy Rag,Handy's Orchestra of Memphis
122727,Gentle Annie,Carroll Clark
122728,Golden Slippers,Fisk University Jubilee Quartet
122729,Goodnight Angeline,The Four Harmony Kings
122730,Great Camp Meetin' Day,Noble Sissle
122731,I Don't Like That Face You Wear,Williams and Walker
122732,Mama's Black Baby Boy,Unique Quartette
122733,My Creole Sue,Columbia Quartette
122734,Negro Laughing Song,George W. Johnson
122735,She's Getting More Like the White Folks,Bert Williams
122736,That Moaning Trombone,Lieut. Jim Europe's 369th U.S. Infantry Hell Fighters Band
122798,singaling,The Carnys
122799,impossible,The Carnys
122800,jumpy,The Carnys
122801,headless,The Carnys
122802,sit in one place,The Carnys
122803,wildly unexpected,The Carnys
122804,smelliest,The Carnys
122805,having fun,The Carnys
122806,bearded,The Carnys
122807,nitemare,The Carnys
122808,lions,The Carnys
122809,foolsgame,The Carnys
122810,no smilage,The Carnys
122832,Mount Rey,Sci Fi Industries
122833,Epistaxis,Sci Fi Industries
122834,Orpheus's Walk,Sci Fi Industries
122835,Gizo,Sci Fi Industries
122836,Light Police,Sci Fi Industries
122837,Howsway,Sci Fi Industries
122838,Iscrub,Sci Fi Industries
122839,Carmelo,Sci Fi Industries
122840,Epoch Revisited,Sci Fi Industries
122841,Astral Landscapes,Sci Fi Industries
122871,Can You Tame Wild Wimmen?,Billy Murray
122872,Dumbell,Zez Confrey
122873,"Good Bye, Sweet Old Manhattan Isle",Harry Tally
122874,Put On Your Old Grey Bonnet,Harry Watson
122875,Taffy,Ada Jones
122876,Take Me Back To New York Town,Billy Murray
122880,Down Home Rag,Wilbur Sweatman & His Jazz Band
122881,Indoor Sports,Bert Williams
122882,Just Gone,King Oliver's Creole Jazz Band
122883,My Sweetie Went Away,Bessie Smith
122884,Vesti la Guibba,Roland Hayes
122895,Castle House Rag,Europe's Society Orchestra
122896,Lucille,Wilbur C. Sweatman's Original Jazz Band
122897,"My Own Story of the Big Fight at Reno, Nevada July 4 1910",Jack Johnson
122898,Pretty Desdamone,Williams and Walker
122899,Strut Miss Lizzie,Mary Stafford and her Jazz Band
122901,Zeffa,Hicham Chahidi
122904,By The Light of The Silv'ry Moon,Billy Murray and Haydn Quartet
122905,Ephraham's Jazbo Band,George H. O'Connor
122906,Giving a Donkey a Strawberry,Billy Williams
122907,Memphis Tennessee,The Gulf Coast Seven
122908,Noodle Soup Rag,Eddie Morton
122909,The Streets of New York,Billy Murray
122910,GOODNIGHT ZUKI,ODOR BABY
122911,Hibernation Sickness / Replicate,Disappears
122912,Another Thought,Disappears
122914,Halcyon Days,Disappears
122932,Long Gone,Eszter Balint
122933,Still,Eszter Balint
122934,All You Need,Eszter Balint
122935,The Mother,Eszter Balint
122936,Exit at 63,Eszter Balint
122948,An Eighteenth Century Exmoor,Squire Tuck
122949,Escapistic Manifest,Sound Spread
122951,Chase and Erase,Sound Spread
122955,Rock Pulse in an Electric Haze,Sound Spread
122958,Thoughts Without Chains,Sound Spread
122959,Ups and Downs (Single Version),Third Mind Movement
122961,Clockwork Tocsin,Third Mind Movement
122999,Overlooking Eternity,Anima
123000,Incubating In Ice,Anima
123001,The Rain Dance,Anima
123002,You Are Truth,Anima
123003,Convalescence I: Walk Again,Anima
123004,Convalescence II: Love Again,Anima
123094,A Country Dance,Joanna Sternberg
123095,The Song,Joanna Sternberg
123096,The Love I Give,Joanna Sternberg
123097,Lullaby To Myself,Joanna Sternberg
123098,I've Got Me,Joanna Sternberg
123099,I'll Make You Mine,Joanna Sternberg
123101,Look Around The House,Ace & the Gulls
123102,Baby Said,Ace & the Gulls
123103,Hey Julia,Ace & the Gulls
123104,Girl,Ace & the Gulls
123105,E Minor,Ace & the Gulls
123106,Say,Ace & the Gulls
123147,One Million Ways,K3N
123225,"If you Itch, I'll Scratch",Ainst Char
123226,Blue Moon,Ainst Char
123227,"Your Cellar, My Shrine",Ainst Char
123263,Avant propos,Son Altesse Furieuse
123267,Le gentleman,Son Altesse Furieuse
123271,Bipolarité,Son Altesse Furieuse
123273,Relax,Son Altesse Furieuse
123274,L'enquiquineuse d'à côté,Son Altesse Furieuse
123275,Bouquet final,Son Altesse Furieuse
123276,Polarity (Raw - Live),STYPTIC
123277,Tonic (Raw - Live),STYPTIC
123278,Turf (Raw - Live),STYPTIC
123333,They Don't Want My Blood,Zena
123334,Pit of Your Throat,Zena
123335,Raw Topic,Zena
123336,"""Flesh Desires""",Zena
123338,No Self to Respect,Zena
123339,Pastor Protection,Zena
123340,Cranberry,Zena
123341,Raisin née Sour Grape,Zena
123342,Seen,Zena
123366,CAVE,Noise Problems Selections
123367,"Thee,Irma&Louise",Noise Problems Selections
123368,Rotterdam Ska Jazz Foundation,Noise Problems Selections
123369,Les Louise Mitchels,Noise Problems Selections
123370,Rufus Rastus Johnson Brown,Arthur Collins
123371,Good Morning Mr. Zip-ZipZip,Eugene Buckley and Peerless Quartette
123372,Morning Will Come,Georgie Price
123373,Sister Susie's Sewing Shirts for Soldiers,Al Jolson
123375,Who's Sorry Now?,Memphis Five
123376,Yes! We Have No Bananas,Great White Way Orchestra
123377,"Beans, Beans, Beans",Gus Van
123378,By the Beautiful Sea,Ada Jones and Billy Watkins
123379,General Mixup March,Arthur Pryors Band
123380,I'm Afraid to Come Home in the Dark,Billy Murray
123381,The International Rag,Collins and Harlan
123382,Tishomingo Blues Introducing Some Chocolate Drops,Yerkes American Marimbaphone Band
123383,Too Ra Loo Ra Loo Ral (Irish Lullaby),Chauncey Olcott
123389,Bad Dog,Bad Ronald
123391,Weather Report,Bad Ronald
123392,Wasting Time,Bad Ronald
123393,Bark-a-tron 5000,Bad Ronald
123418,Fly On The Wall,Bummers Eve
123419,I Want Your Drugs,Bummers Eve
123420,Blue,Bummers Eve
123421,Mongo Pusher,Bummers Eve
123422,I Wanna Die,Bummers Eve
123423,Candy Hall,Bummers Eve
123424,28 Days,Bummers Eve
123425,Butterface,Bummers Eve
123426,Life's A Rag,Bummers Eve
123427,Don't Wanna Lose,Ex Hex
123428,Waste Your Time,Ex Hex
123429,New Kid,Ex Hex
123430,Beast,Ex Hex
123431,Radio On,Ex Hex
123432,Everywhere,Ex Hex
123438,Mustard Sally,The Dread
123439,Permission,The Dread
123440,Staring At The Sun,The Dread
123441,Thrashin,The Dread
123442,Wheels Of Fortune (411),The Dread
123454,OD - Demo Tape Track 1,Ian Alex Mac
123455,Johnny - Demo Tape Track 2,Ian Alex Mac
123457,Vodka Case - Demo Tape Track 4,Ian Alex Mac
123458,Vincent - Demo Tape Track 5,Ian Alex Mac
123460,Bally Joe - Demo Tape Bonus Track 2,Ian Alex Mac
123461,Acoustic Douchedick - Demo Tape Bonus Track 3,Ian Alex Mac
123463,Nowhere to Hide - Demo Tape Bonus Track 5,Ian Alex Mac
123464,Get Away - Studio Tape Track 1,Ian Alex Mac
123465,Frankie - Studio Tape Track 2,Ian Alex Mac
123466,Hair of Truth - Studio Tape Track 3,Ian Alex Mac
123467,Let Her Go - Studio Tape Track 4,Ian Alex Mac
123468,Carol Annes Crunch - Studio Tape Track 5,Ian Alex Mac
123469,Airports,Dropout Patrol
123470,Find it at the Bottom of the Lake,Dropout Patrol
123471,Make up Your Mind,Dropout Patrol
123472,Taken Hostage by the Scene,Dropout Patrol
123473,The Great Hesitation,Dropout Patrol
123474,Dificult Landscapes,Dropout Patrol
123484,A Home in a Lighthouse,Andrew Seistrup
123485,Footsteps,Andrew Seistrup
123486,Good Will Come,Andrew Seistrup
123487,In Our Hands,Andrew Seistrup
123488,Lanterns,Andrew Seistrup
123490,Ketchup,David Mumford
123494,The Right Train Meet / Meet Me Tomorrow,David Mumford
123496,Strike Witches Get Bitches,Azureflux
123497,Struggle Sandwich,Azureflux
123498,I Ate All The Snacks,Azureflux
123499,Daeva Suite,Azureflux
123500,Ace Of Bananas,Azureflux
123501,Bit Bossa,Azureflux
123502,Pocket Mirror Main Theme,Azureflux
123503,shine (Azureflux Remix),ogui
123504,Sustos (Azureflux Remix),Dragão Inkomodo
123505,Reformat The Planet (Azureflux Remix),Bit Shifter
123506,About 10 Hours Looking At The Ceiling (Azureflux Arrange),Irisu Syndrome
123509,"""Woman""",Red Trees
123522,Zasiaty Hnev,The Citadel
123523,Here At Last,Andrew Seistrup
123600,"The 1 Upper (12"" Instrumental)",Cassette Tape Bandits
123605,"Number 1 Good Time Rap Song (Extended 12"" Mixx)",Cassette Tape Bandits
123608,Kids Say The Darndest Things (Bedtime Mixx),Cassette Tape Bandits
123609,"Spot Rockers (12"" Instrumental)",Cassette Tape Bandits
123610,Spot Rockers (Doc's 2-Live Instrumental),Cassette Tape Bandits
123611,Spot Rockers (Cuervo Gold Instrumental),Cassette Tape Bandits
123614,Number 1 Good Time Rap Song (A Mixx for '86),Cassette Tape Bandits
123619,Spot Rockers (Snot Rockets Mixx),Cassette Tape Bandits
123620,Even Your Girl (This Wide Mixx),Cassette Tape Bandits
123621,I'mma Killa,Pimpstrut Local #13
123622,The Life and Death of The Party,Pimpstrut Local #13
123623,Playon Playaz,Pimpstrut Local #13
123624,Ass Ass in a Go Go,Pimpstrut Local #13
123625,May The Force Be With You (And Also With You),Pimpstrut Local #13
123626,AwnYu,Pimpstrut Local #13
123627,You'll Be,Pimpstrut Local #13
123628,Party Pants Party,Pimpstrut Local #13
123629,Clippers Touch My Hair,Pimpstrut Local #13
123630,The Life and Death of The Party (Edit),Pimpstrut Local #13
123631,TeleFriend (TeleScan),Pimpstrut Local #13
123632,TeleFriend (TeleScan) (TeleStrumental),Pimpstrut Local #13
123633,Stellar Musack,Pimpstrut Local #13
123634,Why Don't We Do It In the Road,Pimpstrut Local #13
123635,Playon Playaz (New Mixx),Pimpstrut Local #13
123636,I Don't Know Why,Pimpstrut Local #13
123638,The Glory of Life's Glory,Pimpstrut Local #13
123639,Playon Playaz (Instrumental),Pimpstrut Local #13
123640,Solitude,Tha Silent Partner
123641,Pop Tart,Tha Silent Partner
123642,These Dreams And Shit,Tha Silent Partner
123643,54%,Tha Silent Partner
123644,She's a man?,Tha Silent Partner
123645,Simon Pegg,Tha Silent Partner
123646,Side A: CanEye / Like It 2 / blocSonic (Oh Isht!),C-Doc
123647,Side B: Hall Of Dope / Chaos On The One (Part 2) / Old Snow,C-Doc
123660,Tell Me His Name,Armie And The Strutters
123661,What Do I Do?,Armie And The Strutters
123662,Hellen Keller Was A Commie,Armie And The Strutters
123678,April Showers,Gene Rodemich's Orchestra
123679,Hawaiian Twilight,Hawaiian Trio
123680,Indianola Patrol,Dr. Clarence Penny
123681,Mama Goes Where Papa Goes,Isabelle Patricola
123682,Pagliacci - Vesti la guibba,Enrico Caruso
123683,Rainy Day Blues,Joseph C. Smith's Orchstra
123684,Snake Rag,King Oliver's Creole Jazz Band
123706,Robot Pants,Bad Ronald
123718,Sleep,G.
123719,Coitus Interruptus,G.
123720,Hang Me On,G.
123744,Dirty Little Fella,Finished
123745,Hand of Glory,Finished
123747,Slomo Homo,Finished
123748,Winning Boy,Finished
123749,Secret Scum,Finished
123750,Through,Aldaraia
123751,A Spectre,Aldaraia
123756,The Day We Died,Aldaraia
123757,Risk,Aldaraia
123758,Root and Stem,Aldaraia
123759,Elegy,Aldaraia
123760,Woods,Hawkin
123761,Week 1 - rain,Hawkin
123762,Week 2 - reminder,Hawkin
123763,Week 3 - star,Hawkin
123764,Week 4 - clarity,Hawkin
123766,Medita/Medica 1,Running Point
123769,Medita/Medica 4,Running Point
123770,Medita/Medica 5,Running Point
123818,Tormenta Mental,Lÿ & Sersoul
123819,Rojo Vital,Lÿ & Sersoul
123820,Amanece,Lÿ & Sersoul
123821,...E Você Espera Por Tanto Tempo Que Já Não Lembra Mais o Porquê,E A Terra Nunca Me Pareceu Tão Distante
123822,Todo Corpo Tem Um Pouco de Prisão,E A Terra Nunca Me Pareceu Tão Distante
123823,Janela Aberta,E A Terra Nunca Me Pareceu Tão Distante
123824,Quando Vão Saber Que Já Apanhei o Suficiente?,E A Terra Nunca Me Pareceu Tão Distante
123825,Strength,Mesmerists
123826,Paradise,Mesmerists
123827,Stay,Mesmerists
123828,Trail Goes Cold,Mesmerists
123829,Mesmerism,Mesmerists
123830,Drive,Mesmerists
123831,Cares For the Waves,Mesmerists
123832,Drawn by the Stars,Mesmerists
123833,Tom Song,Mesmerists
123834,Three Times,Mesmerists
123835,Ocean,Mesmerists
123837,"Some Speak of the Future, Others of the Past",All shall be well (and all shall be well and all manner of things shall be well)
123839,"I'm a Hunter, Not a Thief",All shall be well (and all shall be well and all manner of things shall be well)
123840,I Do Not Belong,All shall be well (and all shall be well and all manner of things shall be well)
123841,Everything Can Be Anything Else,All shall be well (and all shall be well and all manner of things shall be well)
123842,Storytellers (Buko),All shall be well (and all shall be well and all manner of things shall be well)
123843,Only Steps Away,Aldaraia
123844,Incomplete Darkness,Aldaraia
123845,Dissolution,Aldaraia
123846,Orison (Acoustic),Aldaraia
123847,Risk Always Comes,Aldaraia
123862,Back Up Plan,The Barreracudas
123863,Shampoo,The Barreracudas
123864,Long Explanation,The Barreracudas
123865,Stoned On Love,The Barreracudas
123866,Nasty Boots,The Barreracudas
123867,Cut Me Loose,The Barreracudas
123868,Promises,The Barreracudas
123893,Nightmare,Rachel Mason
123894,Wild Fish,Rachel Mason
123895,Grace,Rachel Mason
123896,Two Strangers,Rachel Mason
123897,The Werewolf of Wysteria,Rachel Mason
123898,The Chair,Rachel Mason
123899,Rebel Angels,Rachel Mason
123908,Everybody Loves The Beech,Beech Creeps
123909,Teenage Boogie,Beech Creeps
123912,Long Walk Home,Beech Creeps
123913,Arm of the T-Rex,Beech Creeps
123914,Happiest Days,Three Chain Links
123915,Drive Fast,Three Chain Links
123916,Gray Is The Sky,Three Chain Links
123917,"The City, It Speaks To Me",Three Chain Links
123918,It Can't Be Bargained With,Three Chain Links
123919,Cracked Streets And Broken Windows,Three Chain Links
123920,Dance Harder,Three Chain Links
123921,Heavy Traffic,Three Chain Links
123932,Dekotoraaaa!,Taseh
123933,Birds of Paradise Marching Band,Taseh
123934,Honk Kong,Taseh
123935,Lorry,Taseh
123936,Shiny Stainless Steel,Taseh
123937,Love of a Neon Girl,Taseh
123938,Eagle Over Mount Fuji,Taseh
123964,5-11-15,BenJamin Banger
123965,Freestlye 30,BenJamin Banger
123966,Bruce Wayne,BenJamin Banger
123968,Michael Van Allen,BenJamin Banger
123969,Ric Flair,BenJamin Banger
123970,Agoge,BenJamin Banger
123971,Freestyle 32,BenJamin Banger
123972,Awkward Romance,BenJamin Banger
123973,Ric Flair 1.5,BenJamin Banger
123974,Everything New (2015),BenJamin Banger
123975,AYYYYYYYYYYYYYY,BenJamin Banger
123976,Big Gete Star,BenJamin Banger
123977,Freestyle 33,BenJamin Banger
123978,"Fuck Yall, Im Goin Pop",BenJamin Banger
123979,Moments,BenJamin Banger
123980,Ric Flair 2,BenJamin Banger
123981,Shine Bright,"The Polish Ambassador, Mr. Lif, Ayla Nereo"
123985,Crowd Control,"The Polish Ambassador, Mr. Lif, Ayla Nereo"
123986,Dreaming of Banjos,"The Polish Ambassador, Mr. Lif, Ayla Nereo"
123988,Let the Rhythm Just,"The Polish Ambassador, Mr. Lif, Ayla Nereo"
124004,Crazy Legs,Bad Ronald
124005,You Are Everything,Bad Ronald
124006,The Guy Downstairs,Bad Ronald
124007,Mr Tragic,Bad Ronald
124008,Dirt Baby,Bad Ronald
124108,Black Heart,The Fast Set
124109,Secret,The Fast Set
124110,Little Boats,The Fast Set
124111,Up Yours,The Fast Set
124112,Straight and Narrow,The Fast Set
124154,не осуждайте Гитлера (он болен) ...,Kosta T
124175,Breeeze,Jelsonic
124176,Lost Longing,Jelsonic
124177,Darkling Skies,Jelsonic
124178,Seasong,Jelsonic
124179,Another Brilliant Age,Jelsonic
124180,No Doubt,Jelsonic
124181,Haven,Jelsonic
124183,Saying Goodbye In The Rain (string),Jelsonic
124184,Heist,Bloodgod
124185,Wrecking Ball Surprise,Bloodgod
124186,Bloodgod,Bloodgod
124196,Onocyclone,Octagrape
124198,Too Fly,Octagrape
124199,Mexican Code,Octagrape
124200,Seizures,Octagrape
124201,Sungazers,Octagrape
124231,AVIATION CRAB ORCHESTRA (PACHELBELS CANNON),ODOR BABY
124333,awaken to doug funnies closet,Zach Dorn
124335,celebrity,Zach Dorn
124336,a story no one wants to hear,Zach Dorn
124337,what time is it in berlin,Zach Dorn
124338,watching ghostbusters with dad,Zach Dorn
124339,how to feel like a broken..,Zach Dorn
124340,pores,Zach Dorn
124342,nothing is illuminated,Zach Dorn
124387,Release Chemicals,Radius System
124388,Bestsellers,Radius System
124389,Monochrome,Radius System
124390,Mental Guides,Radius System
124391,Impulsion pt.1,Radius System
124392,Into Orbit,Radius System
124393,Impulsion pt.2,Radius System
124394,Not Coming Back,Radius System
124396,Children Toy March,Prince's Orchestra
124397,Shake It and Break It,Lanin's Southern Serenaders
124398,The Fortune Telling Man,Silas Leachman
124399,The Maxixe,Columbia Demonstration Record
124400,The Vamp,Rega Dance Orchestra
124401,Waltz Me Around Again Willie,Vocal Quartet
124402,I'll Say She Does,Al Jolson
124403,Let's Take an Old-Fashioned Walk,Billy Murray and Ada Jones
124404,Maria,Clarice Vance
124405,"Oui, Oui, Marie",Arthur Fields
124406,Take Me Out to the Ballgame,Hadyn Quartet
124407,The Drakes Awakening,Vess L. Ossman
124409,Race Against Time,Furchick
124411,Get A Haircut,Furchick
124412,April Showers,Eddie Elkins' Orchestra
124413,How Could Washington Be A Married Man and Never Tell a Lie?,M.J. O'Connell
124414,I'll See You in C-U-B-A,Jack Kaufman
124415,I'm Old But I'm Awfully Tough,Cal Stewart
124416,It Ain't Gonna Rain No Mo',International Novelty Orchestra
124417,Malani Anu Ka Makani,"Louise, Ferrera, & Greenus"
124418,Maple Leaf Rag,Vess L. Ossman
124419,My Old New Jersey Home,Billy Murray
124420,The Gaby Glide,Billy Murray
124421,Way Out Yonder in the Golden West,Avon Comedy Four
124422,While They Were Dancing Around,Eddie Morton
124423,Why Don't You Write When You Don't Need Money?,Bob Roberts
124424,Variations On A Theme by V-Effect,Bob Bannister
124425,One Tortured Winter,Bob Bannister
124426,House Was On Fire,Bob Bannister
124443,Jackie,The Pipeliners
124444,Best Friends on Speed,The Pipeliners
124445,Rockland Country Jail,The Pipeliners
124446,Dance Til You're Dead,The Pipeliners
124457,Clothes Of Stripping Hag,Clean
124458,Dance of Skin,Clean
124459,Defensive Tower,Clean
124460,Devil's Own Strumpet,Clean
124461,Inheritance From The Classical World,Clean
124462,Behave,Natural Causes
124463,Desert,Natural Causes
124464,Chatter,Natural Causes
124465,Cry Baby,Natural Causes
124466,So It Goes,Natural Causes
124467,Gun,Natural Causes
124468,Coma,Natural Causes
124469,Boo Hoo,Natural Causes
124470,Poppers,Natural Causes
124474,Funny Ways,Attic Ted
124475,Reflextion,Attic Ted
124477,Ring Goes The Phone,Attic Ted
124479,Sounds Of Sold,Attic Ted
124480,The Black Condor,Attic Ted
124481,Farmer John,Attic Ted
124482,Went To Sea,Attic Ted
124483,Stilts,Attic Ted
124484,Adios,Attic Ted
124485,Hopper's Encore,Attic Ted
124486,Vanishing Point,Eleventh Dream Day
124489,Deep Lakes,Eleventh Dream Day
124490,The People's History,Eleventh Dream Day
124491,End With Me,Eleventh Dream Day
124492,1,Remote Desire
124496,6,Remote Desire
124497,4,Remote Desire
124498,Eve of All Endings,Please Exist
124503,Your Band Sucks,Please Exist
124504,No Sunshine For Heroes,Please Exist
124505,I Would Haunt You,Please Exist
124506,Asleep at the Wheel,Please Exist
124507,Tied to This Fxxking Couch,Please Exist
124508,What the Hell Is Wrong With Me,Please Exist
124509,'n Wind fuatan,Josef Nadek
124517,Sad Songs Pt.I - Bells,Fake Cats Project
124518,Sad Songs Pt.II - Unverklaerte Nacht,Fake Cats Project
124519,Sad Songs Pt.III - A Simple Etude For Overdriven Bass,Fake Cats Project
124552,Evolve,Uno Datwangi
124553,Beyond,Uno Datwangi
124554,The Need,Uno Datwangi
124555,To Survive,Uno Datwangi
124556,"Running, Golf, Scobe",Doppelskangers
124557,Alpha Male Game,Doppelskangers
124560,Shots Fired,Doppelskangers
124565,Apathy,Doppelskangers
124566,Cheeseburgers,Doppelskangers
124567,Alternative Bar,Doppelskangers
124682,Introduction,K. Sparks
124698,Campus News Neighborhood Swap Interlude,K. Sparks
124702,Campus News Set Back Bill Interlude,K. Sparks
124730,Night Life,K. Sparks
124732,Family Matters,K. Sparks
124733,Go Get Em,K. Sparks
124740,Bounce,K. Sparks
124743,Melancholy Slang Interlude,K. Sparks
124745,People,K. Sparks
124748,Main Event Co Starring Kandid McFly - Angelous,K. Sparks
124749,Inner City Blues Co Starring Wordsmith,K. Sparks
124751,The Industry Co Starring Tina Quallo,K. Sparks
124752,Aitken Basin,Damscray
124753,Kyoketsu Shoge,IM140
124754,Carry A Nation,Maartez
124755,The Void,Gritt
124756,Ninja,Indikings
124869,Phucz,Ross Oldenburg
124870,"Five-O (Improvisation for Five Police Scanners, Three Synthesizers, and Sound Effects Tape)",Ross Oldenburg
124871,Countershade,Ross Oldenburg
124872,Drown in Mirrors,Sergey Cheremisinov
124873,Crystal Echoes,Sergey Cheremisinov
124874,Mindship,Sergey Cheremisinov
124875,Sea & Night,Sergey Cheremisinov
124876,Fragile Ice,Sergey Cheremisinov
124877,North,Sergey Cheremisinov
124878,Everybody's Got A Number In The Neck,Portron Portron Lopez
124879,En Attendant,Portron Portron Lopez
124880,Sol Mammouth,Portron Portron Lopez
124881,Lentille,Portron Portron Lopez
124882,Dinosaure,Portron Portron Lopez
124883,Leeloo,Portron Portron Lopez
124885,Proyecto U-64,Gabriel Pereira Spurr
124886,Proyecto U-20,Gabriel Pereira Spurr
124887,Proyecto U-11 (Shub Niggurath chant),Gabriel Pereira Spurr
124888,Proyecto U-33,Gabriel Pereira Spurr
124889,Proyecto U-27,Gabriel Pereira Spurr
124890,Proyecto U-36,Gabriel Pereira Spurr
124891,Proyecto U-90,Gabriel Pereira Spurr
124892,Proyecto U-4 (coda U-20),Gabriel Pereira Spurr
124902,Feelings Stink,Spewing Cum
124904,DNA,Spewing Cum
124905,Fuck The Queen/FSV,Spewing Cum
124906,Michelle,Spewing Cum
124907,Fuck School,Spewing Cum
124908,Guilty,Spewing Cum
124909,Pizza and Glue,Spewing Cum
124910,Too Many Cops,Spewing Cum
124912,Runner,Six Umbrellas
124913,Monster,Six Umbrellas
124915,Monument,Six Umbrellas
124916,Zombie Disco,Six Umbrellas
124917,The And Of The World,Six Umbrellas
124918,She Does Her Best (feat. Small Colin),Six Umbrellas
124971,AVIATION CRAB ORCHESTRA (KOPER BUSKING),ODOR BABY
124976,Born,Macamoto
124977,Dawn,Macamoto
124978,Morn,Macamoto
124979,Scorn,Macamoto
124980,Torn,Macamoto
124992,Intro,Let Me Crazy
124993,Bliss,Let Me Crazy
124995,Eponymosity,Let Me Crazy
124996,Life's A Beach,Let Me Crazy
124997,Escape,Let Me Crazy
124998,"Scene, Not Herd",Let Me Crazy
124999,Charlie's Point,Let Me Crazy
125000,What's In A Name,Let Me Crazy
125001,899 Seconds,Let Me Crazy
125002,Maiden Voyage,Let Me Crazy
125003,Thanks A Million,Let Me Crazy
125004,Outro,Let Me Crazy
125016,friday,stella veloce
125108,All Alone,Ada Jones and Walter Van Brunt
125109,Arrah Wanna,Billy Murray
125110,Bring Back My Blushing Rose,John Steel
125111,Colleen Bawn,J.W. Myeres
125112,Good-Night,Knickerbocker Quartet
125114,Just Like A Rainbow,The Columbians
125115,Kmotem Byti,Pan Tuzinsky
125116,Kochanie,Orkiestra Polska
125117,My Pillow And Me,Lizzie Miles
125118,The Alcoholic Blues,Vernon Dalhart
125119,Werdenfelser Trompeten Landler,Strassmeir Dachaur Bauernkapelle
125149,Emu In The Bass,Gorowski
125150,The Pathway,Gorowski
125151,Edge Café,Gorowski
125152,Rush By Meadow,Gorowski
125153,Styley,Gorowski
125154,Hipster's Call,Gorowski
125155,Skipping To Hazana,Gorowski
125156,Big Fatty,Gorowski
125157,The Far Land,Gorowski
125158,Rhubarb,Gorowski
125159,Reel Life,Gorowski
125160,Stargate Pumpin,Gorowski
125161,Love Is All,Gorowski
125182,Loose Fur,Derek Clegg
125183,Marvelous,Derek Clegg
125184,The Lean,Derek Clegg
125185,Life Unfolds,Derek Clegg
125186,Summer,Derek Clegg
125187,Too Late,Derek Clegg
125188,Be Free,Derek Clegg
125189,I'd Rather Take the Old Way,Derek Clegg
125190,Lucky,Derek Clegg
125191,Alive,Derek Clegg
125192,The Mountains Will Collide,Derek Clegg
125193,Fall In Love Again,Derek Clegg
125194,Found It All,Derek Clegg
125195,Deck Of Cards,Derek Clegg
125196,Who We Are,Derek Clegg
125202,Remedy for Melancholy,Kai Engel
125232,Allende,Derek Baron
125233,Parque Beneficiencia,Derek Baron
125234,Calle Baron,Derek Baron
125235,Ex Teresa Arte Actual,Derek Baron
125236,Arpas,Derek Baron
125237,Teo,Derek Baron
125238,Palmillas,Derek Baron
125239,Iglesia de Nuestra Señora de Fatima,Derek Baron
125240,Allende,Derek Baron
125282,Human Intelligence,Marc Burt
125283,Voyage To Pluto (Netlabel Day mix),Prism
125286,Tonight (Beat Doctor edit),Redmann
125287,Follow Me (edit),Pitchcraft
125288,Lava Lamp (Blastculture 3:28AM remix),Phish Funk
125289,Sands Of Time,Psychadelik Pedestrian
125291,The Piano Tune,Beat Doctor
125292,Aerial Photograph (Marc Burt edit),Marc Burt & Beat Doctor
125293,Against The Grain (Phish Funk remix),Psychadelik Pedestrian
125295,Lost The Plot,Beat Doctor
125298,Liquid Nitrogen,Psychadelik Pedestrian
125299,Organic (electric edit),Beat Doctor
125312,Girl From The North,Dengue Fever
125313,No Sudden Moves,Dengue Fever
125314,Tokay,Dengue Fever
125315,Blacknote,JVS
125333,trASh piANo 1,Martin Rach
125337,traSH piaNO thEMe,Martin Rach
125371,The House,Attic Ted
125372,Here We Are,Attic Ted
125375,Climbing Up,Attic Ted
125376,Reprise,Attic Ted
125377,Hopper's Encore,Attic Ted
125432,Haunted Beach Party,The Pandoras
125434,You're All Talk,The Pandoras
125439,I Live My Life,The Pandoras
125443,I'm Your Girl,The Pandoras
125445,The Hump,The Pandoras
125446,Stop Pretending,The Pandoras
125447,You Lie,The Pandoras
125478,Jinx/Glutton for Distance,Worriers
125482,Plans,Worriers
125485,Get Bored,Worriers
125486,Most Space,Worriers
125487,Past Lives,Worriers
125494,Rich Old White Man,OBN IIIs
125495,On The Verge Of Collapse,OBN IIIs
125496,Heavy Heart/No Time For The Blues,OBN IIIs
125529,Neural Interface,M-Pex vs Dream Metaphor feat Dalila
125530,The Survivor,Case Sensitive vs McGEA Project
125531,Cybernetics,NNY vs Structura
125532,Cognitive Affair,Sci-fi Industries vs Cygnus X1
125533,Digital Dreams,Electrólise vs Oxygen
125541,Marylin-Brando,Marylin-Rambo
125542,Zondag Domingo,Marylin-Rambo
125543,Haleine à mourrir,Marylin-Rambo
125544,Suprême Bolos,Marylin-Rambo
125545,Dadali,Marylin-Rambo
125546,Ma cousine Bonobo,Marylin-Rambo
125547,Igor ou Quoi,Marylin-Rambo
125548,Rudaplaf for ever,Marylin-Rambo
125549,Margarine Tricot,Marylin-Rambo
125550,Algis vasculaires du cul,Marylin-Rambo
125551,Cyber-nez-tiques,Marylin-Rambo
125552,The humans are shallow,transient
125559,Birdsong,transient
125560,Stufing Stocker,transient
125561,Can it be beautiful,transient
125562,Cow Pasture,transient
125563,Once When,transient
125564,Cherry Cobbs,transient
125585,Mast In The Storm,Alice In Wonderland Syndrome
125586,I'm Not Your Iron Man,Sektor 304
125587,The Train's Bar,Ambiansu
125588,ThunderOne09,Canau
125589,À_M,João Farelo
125590,Psicopatia,DSM666
125591,Fragments Of Humanity,Höllenfahrt
125592,Stubborness,Hugo Paquete
125593,Não Há Vacas Sagradas,"P.I.F.(3,14...)"
125594,adjetival,Bennett / Bravo / Mehrl / Olivera / Taveira / Italiano
125596,heartflit,Bennett / Bravo / Mehrl / Olivera / Taveira / Italiano
125597,nada R,Bennett / Bravo / Mehrl / Olivera / Taveira / Italiano
125600,It is raining more than twice,Bennett / Bravo / Mehrl / Olivera / Taveira / Italiano
125603,audabe,Bennett / Bravo / Mehrl / Olivera / Taveira / Italiano
125605,Fusión vocálica en 4 elementos (homenaje a Augusto de Campos),Bennett / Bravo / Mehrl / Olivera / Taveira / Italiano
125606,Stripsody to Christina,Bennett / Bravo / Mehrl / Olivera / Taveira / Italiano
125607,Dadá soirée / Cloaca tuerca,Bennett / Bravo / Mehrl / Olivera / Taveira / Italiano
125609,chalchihuitl,Bennett / Bravo / Mehrl / Olivera / Taveira / Italiano
125610,puerta de piedra,Bennett / Bravo / Mehrl / Olivera / Taveira / Italiano
125612,Chain Link,Blue Dot Sessions
125613,Itasca,Blue Dot Sessions
125614,Smooth Stone,Blue Dot Sessions
125615,Tall Talisman,Blue Dot Sessions
125616,Waypoint 7,Blue Dot Sessions
125617,Drifting Spade,Blue Dot Sessions
125618,Flitless,Blue Dot Sessions
125620,Likin,Blue Dot Sessions
125621,Tranceless,Blue Dot Sessions
125622,Interm,Blue Dot Sessions
125657,Demalion - Copper Halls,Blue Dot Sessions
125659,Demalion - Theme,Blue Dot Sessions
125680,Comma,Blue Dot Sessions
125681,Eventual Victory,Blue Dot Sessions
125686,Rex Sacrorum (second version),Wolfskin
125692,A Estrada de Pedra Envelhecida,Aires Ferreira
125693,Nature is our Goddess,Necrostilet
125694,Enough of Pink Devils - Part I,EYE8SOCCER
125696,Hemingway,AVOIDANT
125697,Esfera,Cancro
125698,Divine,Thermidor
125699,Morro Sorrateiramente,Z.O.T.E.
125700,Terra Oca,Terra Oca
125702,Marie la Louve,Hyaena Reich
125704,EDO 1603-1867,VortexSoundTech
125705,Under the Capricorn Sky - Part III,Bosque
125721,Swims,Babe Parade
125722,Stutter,Babe Parade
125723,Vacation,Babe Parade
125734,ММРС,Jail Born Jane
125735,Do You Wanna Know?,Jail Born Jane
125739,My Mind,Jail Born Jane
125743,Гаражный Вальс,Jail Born Jane
125744,Ecaps,Jail Born Jane
125774,Bone Rattle,Atlantic Thrills
125775,On Your Own,Atlantic Thrills
125776,Vices / So Long,Atlantic Thrills
125777,Bed Bugs,Atlantic Thrills
125778,Weekend,Atlantic Thrills
125779,Acid Rain,Atlantic Thrills
125809,Alchemical,Blue Dot Sessions
125810,Column and Law,Blue Dot Sessions
125811,Dorica Theme,Blue Dot Sessions
125812,Marble Chase,Blue Dot Sessions
125813,Marble Transit,Blue Dot Sessions
125814,Shadow Play,Blue Dot Sessions
125815,Bouncing,Blue Dot Sessions
125816,Grimmer,Blue Dot Sessions
125817,Indirect,Blue Dot Sessions
125818,Lowbrow,Blue Dot Sessions
125819,Lubber,Blue Dot Sessions
125820,Master,Blue Dot Sessions
125821,Micro,Blue Dot Sessions
125822,Slimm,Blue Dot Sessions
125823,Delicious,Blue Dot Sessions
125824,Festering,Blue Dot Sessions
125825,Gondola Blue,Blue Dot Sessions
125826,Theme,Blue Dot Sessions
125827,Transit Alias,Blue Dot Sessions
125866,Ventriloquo,Future Sauce
125868,Força Da Imaginação,Kirk Pearson and BIT
125873,Americana Falls,Kirk Pearson and BIT
125876,Ode to the American Town,Kirk Pearson and BIT
125878,A Spark Glows,Kirk Pearson and BIT
125999,Zon,Gorowski
126014,Domina Transit,Blue Dot Sessions
126015,Flower,Blue Dot Sessions
126016,Midday,Blue Dot Sessions
126017,Pickers,Blue Dot Sessions
126018,Tripoli,Blue Dot Sessions
126031,Shy Boy,Palmyra Delran
126032,No Time Like Never,Palmyra Delran
126033,Oh No!,Palmyra Delran
126034,Love Has Gone Away,Palmyra Delran
126035,Someday Soon,Palmyra Delran
126037,You're My Brian Jones,Palmyra Delran
126038,Run Now Baby,Palmyra Delran
126039,Baby Should Have Know Better,Palmyra Delran
126040,Lies For You,Palmyra Delran
126041,Michael Back,Neutral Fixation
126043,Lazy Marc,Neutral Fixation
126044,"No Picnic, Freak",Neutral Fixation
126045,Instigator,Neutral Fixation
126047,"""I'm Eating Plastic""",Neutral Fixation
126055,Temporal Parallax,Dolores Catherino
126102,Conscience Down,No Lala
126103,Extra Pay,No Lala
126104,Just Fine,No Lala
126105,Nice,No Lala
126174,Fall On You,Arwen Lewis
126175,Sittin' By The Window,Arwen Lewis
126176,Hey Grandma,Arwen Lewis
126177,If You Can't Learn From My Mistakes,Arwen Lewis
126178,Omaha,Arwen Lewis
126179,He,Arwen Lewis
126180,Heavy Falling Feather,Joao Picoito
126181,Hope,Joao Picoito
126182,Funkymeter,Joao Picoito
126183,The Rise and The Fall,Joao Picoito
126185,Third Floor,Joao Picoito
126186,Frustration,Joao Picoito
126187,Palavras do Silencio,Joao Picoito
126188,Just Dream,Joao Picoito
126189,Joy,Joao Picoito
126200,249_22102002_inverti,ps
126201,reign of locusts (ps_remx01),Mental Anguish
126209,Mr. Thief,Bright Falls
126210,Turning Cold,Bright Falls
126211,Headstone,Bright Falls
126212,Why You Doing This To Me?,Bright Falls
126213,Mr. Thief (Early Version),Bright Falls
126214,Andelo,Blue Dot Sessions
126215,Cab Ride,Blue Dot Sessions
126216,Cach,Blue Dot Sessions
126217,Helado,Blue Dot Sessions
126218,La Focsa,Blue Dot Sessions
126219,Minutes,Blue Dot Sessions
126220,Monder,Blue Dot Sessions
126221,Naram​-​Sin,Ø+yn + GMC
126222,Popolus Ajeno,Ø+yn + GMC
126223,Cumbia Masonica,Ø+yn + GMC
126224,Estela Tractus,Ø+yn + GMC
126225,Medusa Mayorina,Ø+yn + GMC
126226,الغول,Ø+yn + GMC
126227,La Barcaza,Ø+yn + GMC
126229,Javan,Blue Dot Sessions
126230,Mosic,Blue Dot Sessions
126231,Silky,Blue Dot Sessions
126232,Thread Indigo,Blue Dot Sessions
126233,Thread Magenta,Blue Dot Sessions
126234,Three for Julia,Blue Dot Sessions
126240,Speaking in Hushed Tones,Squire Tuck
126241,Walking in the Boots of Old Cowboys,Squire Tuck
126242,What Happened to the Way We Were?,Squire Tuck
126243,"Wherever You Are, Whatever You Do, Please Remember Me As I Do You?",Squire Tuck
126276,Lights Out,Blue Dot Sessions
126283,On Three Legs,Blue Dot Sessions
126289,Thread Caramb,Blue Dot Sessions
126290,Thread Ceylon,Blue Dot Sessions
126291,Thread Jessup,Blue Dot Sessions
126292,Universal Warrior (Special Edition),Gorowski
126294,Sheffield Hall,Andy G. Cohen
126295,Living on the Wind,Andy G. Cohen
126296,Voxel,Andy G. Cohen
126297,Sprocket,Andy G. Cohen
126299,Onward (with Katze Bach),Andy G. Cohen
126300,Scramby Eggs,Andy G. Cohen
126301,Humming and Strumming,Andy G. Cohen
126316,Humajataritee,Janneh
126317,Silent Passing,Janneh
126318,Jeemo,Janneh
126319,Distress Call,Janneh
126320,Juha's Kantele,Janneh
126321,Kiitos,Janneh
126354,birthday,Boonesboro
126357,wuzzah monster,Boonesboro
126359,new eyes,Boonesboro
126361,maybe shady,Boonesboro
126362,deathstar,Boonesboro
126398,Spirituals,Shy Kids
126399,Ouroboros,Shy Kids
126400,Terminally in Love With You,Shy Kids
126401,Flow Thru Another,Shy Kids
126402,Baldwin,Shy Kids
126403,Forest Friends,Shy Kids
126404,Which Wine?,Shy Kids
126405,® o c k e t s,Shy Kids
126406,Noodie,Shy Kids
126407,Junk Mail,Shy Kids
126408,A Simple Shroud,Blue Dot Sessions
126409,Catcher Textile,Blue Dot Sessions
126410,Chase and We Follow,Blue Dot Sessions
126411,Chromium Blush,Blue Dot Sessions
126412,Lesser Gods of Metal,Blue Dot Sessions
126413,Reflectors,Blue Dot Sessions
126414,Myrian,Blue Dot Sessions
126415,Pavement Hack,Blue Dot Sessions
126416,Stakes and Things,Blue Dot Sessions
126417,Tyrano Theme,Blue Dot Sessions
126425,First the bird fell,Shy and the Fight
126426,"Pick a subject, let's have an argument",Shy and the Fight
126427,Stop motion,Shy and the Fight
126428,Here the sea speaks in whispers,Shy and the Fight
126429,It's the end of the world... shhh don't tell the kids,Shy and the Fight
126430,-,Shy and the Fight
126431,I'd rather you lied,Shy and the Fight
126432,Boom Boom Baby,Boom Boom Beckett
126433,Talk Samba (Parliamo un pò),Boom Boom Beckett
126434,To Be a Master P.,Boom Boom Beckett
126435,Barbagil,Boom Boom Beckett
126436,C est pareil,Boom Boom Beckett
126437,Balzi Mossi (Mozambiguo),Boom Boom Beckett
126438,Nella Nostra Bellezza,Boom Boom Beckett
126439,Franco Frunky,Boom Boom Beckett
126440,After All,Boom Boom Beckett
126455,black walnut vigil,The John Barry Conception
126461,constantino's waltz,The John Barry Conception
126463,vinyl gravestones,The John Barry Conception
126483,Fire,Nate Maingard
126484,Slow It Down,Nate Maingard
126487,The Wild Land,Nate Maingard
126488,Cat's Got Time,Nate Maingard
126489,Friends All Around,Nate Maingard
126490,Just Like You,Nate Maingard
126491,I Will Devour,Nate Maingard
126505,Anaximander Fragment,Anthony Donovan
126506,Anakrosmix,Dave Fuglewicz
126507,Okružen mrtvima (Hymne de Soleil),CROCODILE TEARS
126508,Cultures All In Harmony,Hectic Head
126509,Red Ext Top Moontain,Nobodisoundz
126510,Anakrousis,Lezet
126511,In White Stone,Lomz
126512,Pythian Chant,Ophed
126513,Τράβα ρε αλάνη,ALEN ILIJIĆ
126514,Rizoma,Mu.
126515,The Great Unknown pt.3,Zoran & Borut
126516,Ancient Greece Noise,Seiei Jack
126517,Atermon,BroodingSideOfMadness
126518,The Same Stream Twice,Daitse
126519,Agia Kore,Autumna X Triage
126520,Αρχαία Μουσική Για Σύγχρονη Φορές (Ancient Music For Modern Times),Jared C. Balogh
126521,Hymne de apophia,L o W & CROCODILE TEARS
126522,Phrygian Alure (Γιαάν Πάτερσον),Jaan Patterson
126523,Fresh Out,Bad Ronald
126527,Sick,Bad Ronald
126529,Squeaky Toy,Bad Ronald
126530,Humpty's Dilemma,Bad Ronald
126531,At the Zenith,Bad Ronald
126532,Onions,Bad Ronald
126550,Matter001,Nate Scheible
126554,Matter005,Nate Scheible
126555,Matter006,Nate Scheible
126556,Matter007,Nate Scheible
126557,Matter008,Nate Scheible
126558,Matter009,Nate Scheible
126559,Matter003,Nate Scheible
126584,Touch The Send,Maxim Kornyshev
126585,Autumnal Time,Maxim Kornyshev
126586,The Mountain Breeze of Nostalgia,Maxim Kornyshev
126587,After Midnight,Maxim Kornyshev
126588,Look Out The Window At The Rain,Maxim Kornyshev
126589,The Galactic Cluster In A Burning Fireplace,Maxim Kornyshev
126590,Motorola Monkey,Skyjelly
126591,Acosta,Skyjelly
126592,The 6 is Silent,Skyjelly
126593,Headphone Jack (Practice),Skyjelly
126594,Astral,Skyjelly
126595,Seamagnet,Skyjelly
126596,Julius,Skyjelly
126597,Acosta (Living Room Session),Skyjelly
126598,Sixes Are Silent (Alternate Version),Skyjelly
126600,Follow An Ar Christ Rabbit,Fields Ohio
126601,The Taylor Swift Capitalist Death Cult,Fields Ohio
126602,Neon Hippies,Fields Ohio
126603,Hipster Cop,Fields Ohio
126604,Tarantula Tourist,Fields Ohio
126605,Urban Coyote,Fields Ohio
126606,Drugged Pedestrians,Fields Ohio
126607,Rogue Owl,Fields Ohio
126608,Wolf Dunes,Fields Ohio
126618,Start End,Chuzausen
126619,Robots Mking Robots,Chuzausen
126620,Like A Computer,Chuzausen
126621,Random Breakfast,Chuzausen
126622,Not House,Chuzausen
126623,Human Behavior,Chuzausen
126624,Duck + Cover,Chuzausen
126625,Out Smarted,Chuzausen
126626,People,Chuzausen
126627,Mysterious Chip,Chuzausen
126628,Are We Digital,Chuzausen
126646,LifeCycle,Fabian Measures
126656,∆,Deaf Wish
126661,Pain,Deaf Wish
126664,Calypso,Deaf Wish
126665,Eyes Closed,Deaf Wish
126666,Graceland Cemetery,Sleep Out
126667,Halloween Parade,Sleep Out
126668,I'll Take Care Of It,Sleep Out
126669,Lake On Draft,Sleep Out
126670,Not Even Dust,Sleep Out
126671,Ross Sea Party,Sleep Out
126672,Three Towns,Sleep Out
126673,To Ruin,Sleep Out
126674,We Keep The Same Hours,Sleep Out
126675,You Look Pale,Sleep Out
126676,You Wouldn't Lie To Me,Sleep Out
126716,Slow Slow Sky,Blue Dot Sessions
126717,Nuthatch,Blue Dot Sessions
126718,Jackbird,Blue Dot Sessions
126719,Cottonwoods,Blue Dot Sessions
126720,Blue Jay,Blue Dot Sessions
126743,Last Chance,Derek Clegg
126744,Get Things Right,Derek Clegg
126745,From Within,Derek Clegg
126746,Best Of Me,Derek Clegg
126747,Child of the 70's,Derek Clegg
126748,Crooked Ears,Derek Clegg
126749,Malorie,Derek Clegg
126773,Emu In The Bass,Gorowski
126778,I Miss You Already,Connie Acher & Jelly
126779,X-Files Recap,Connie Acher & Jelly
126781,Pop Boy,Connie Acher & Jelly
126782,Happy Harlem (explicit),Connie Acher & Jelly
126786,Leaping Frogs,Connie Acher & Blind Drunk John
126788,Me and Buddha,Connie Acher & Blind Drunk John
126789,Art School Lover,Connie Acher & Blind Drunk John
126790,Golden Success,Connie Acher & Blind Drunk John
126882,Heliotrope,Blue Dot Sessions
126883,In Paler Skies,Blue Dot Sessions
126884,Surly Bonds,Blue Dot Sessions
126885,The Envelope,Blue Dot Sessions
126886,The Zeppelin,Blue Dot Sessions
126887,Vittoro,Blue Dot Sessions
126889,Atlas,SPCZ
126890,Botein,SPCZ
126891,Capella,SPCZ
126892,Decrux,SPCZ
126893,Elektra,SPCZ
126894,Furud,SPCZ
126895,Gatria,SPCZ
126896,Haldus,SPCZ
126897,Izar,SPCZ
126898,Jih,SPCZ
126899,Kuma,SPCZ
126900,Lesath,SPCZ
126909,Workin' Too Hard,Paul Collins Beat
126913,The Kids Are The Same,Paul Collins Beat
126915,Many Roads To Follow / Walking Out On Love,Paul Collins Beat
126917,Rock And Roll Girl,Paul Collins Beat
126918,Baby Im In Love With You,Paul Collins Beat
126919,Don't Wait Up For Me,Paul Collins Beat
126921,Ian's Theme,Spray Paint
126924,Canadian Trash,Spray Paint
126928,Chris's Theme,Spray Paint
126929,Cussin',Spray Paint
126944,Here They Come,The Degs
126946,Stop the Sunrise,Fishartcollection
126947,Swan song,Fishartcollection
126948,Follow,Fishartcollection
126949,Summer deceives,Fishartcollection
126950,Dancer on the rocks,Fishartcollection
126951,Hangover of life,Fishartcollection
126952,Whisper of terror,Fishartcollection
126953,Best solutions,Fishartcollection
126954,The little match girl: Part I.,Fishartcollection
126955,The little match girl: Part II.,Fishartcollection
126957,Remera de Dios,Mi Nave
126958,Regalo,Mi Nave
126959,Rotonda,Mi Nave
126960,Andrés,Mi Nave
126961,Feriado Puente,Mi Nave
126962,Matt Damon,Mi Nave
126963,Palmeras,Mi Nave
126964,Crocante,Mi Nave
126967,Ghana Ghana,100%chevalier
126968,Karmageddon,100%chevalier
126977,The Largest Ships,Vio/Mire
126979,Listening for Sounds,Vio/Mire
126981,Darkness,Vio/Mire
126983,Prophesy Anything,Rue de Prague
126984,Numa,Rue de Prague
126985,The Wasted,Rue de Prague
126987,A Room Full of Shadows,Rue de Prague
126988,La Mer,Rue de Prague
126989,Homeland,Rue de Prague
126990,Bridges,Rue de Prague
126991,The Middle Place,Rue de Prague
126992,Stone Cold,Rue de Prague
126993,From Limbos,Rue de Prague
127017,Le temps d'une parole,Kacéo
127018,(Piste vide),Kacéo
127019,1. HUA!,Brazzmatazz
127020,2. The Township Two-Step,Brazzmatazz
127021,3. Zopje,Brazzmatazz
127022,L'absence de bruit,Have the moskovik
127027,Le sommeil du condor,Have the moskovik
127036,Cousin Silas - View from a stationary train,Cousin Silas / Black Hill
127037,Bonus track: Cousin Silas & Black Hill - Sand of the South,Cousin Silas / Black Hill
127048,Gravedigger,Cletus Got Shot
127049,A Brand New Day,Cletus Got Shot
127050,Bummin Around,Cletus Got Shot
127051,Congressman,Cletus Got Shot
127052,Pour Me Another,Cletus Got Shot
127053,Singin Just the Same,Cletus Got Shot
127054,Saw Mill,Cletus Got Shot
127055,Charlie Jones,Cletus Got Shot
127056,Mountain Top,Cletus Got Shot
127057,Working Poor,Cletus Got Shot
127058,Justice is my Name,Cletus Got Shot
127059,What Would You Say,Cletus Got Shot
127060,Take Out the Fascists,Cletus Got Shot
127061,"Don't Ya Blame Me, Son",Cletus Got Shot
127062,When I'm Gone,Robin Mitchell
127063,Dust,Robin Mitchell
127064,Smoke Billows,Robin Mitchell
127065,In the woodshed,Robin Mitchell
127066,Mirror,Robin Mitchell
127073,Glistener,Oelek
127074,Rekkerd15,Oelek
127075,middernacht,Oelek
127076,Slapeloos,Oelek
127077,Valsa435,Oelek
127078,Testtttttttttttttttttttttttttttttttttttttttttttttt,Oelek
127079,chiggachiggu,Oelek
127080,Salsahalloweenviber,Oelek
127081,korte akkertjes,Oelek
127082,bullkrere,Oelek
127083,Middenoor,Oelek
127084,Gesualdo,Oelek
127085,Some kind of house,Oelek
127086,kafferglitch,Oelek
127087,Paaswaas,Oelek
127088,Vlakkers Herinnering (Jonas The Plugexpert rmx),Oelek
127090,Hillside Manners,Inf
127091,Not as Much as You Miss the Pillow,Inf
127092,Unexpected Journey Onwards,Inf
127093,High on Pills,Inf
127153,Fly Blackbird Fly,SHOMOMOSE
127154,Illegal Screaming Kiss Her Kiss Her,SHOMOMOSE
127155,So Sad,SHOMOMOSE
127156,Alive Poem,Argon
127157,Don't Speak,Argon
127158,Stop The Beat (Push Dub),Argon
127159,Rooter (Happy'n Deep Mix),Argon
127160,Conversations,Rya
127161,Cathy Palmer,Rya
127162,Another Time (rehearsal take),Rya
127163,Good Times,Rya
127164,For you (rehearsal take),Rya
127180,Le Paradis,Wintermitts
127181,Sharks,Wintermitts
127182,Springtime,Wintermitts
127183,Birds,Wintermitts
127184,I Saw A Ghost,Wintermitts
127185,Oceans Apart,Wintermitts
127186,People Of The Eternal Sun,Wintermitts
127187,Careful,Wintermitts
127188,Basquiat,Wintermitts
127189,A La Fraîche,Wintermitts
127190,Tag med på landet,Stærosaurus
127191,Hvis du ser mig går det skidt,Stærosaurus
127192,Højt op,Stærosaurus
127193,Darwinisme,Stærosaurus
127194,Mareridt,Stærosaurus
127195,Mis Antípodas,La Parade
127197,Ascendencia,La Parade
127198,Doppelgänger,La Parade
127199,Impermanencia,La Parade
127200,Marcha Nupcial,La Parade
127201,Desamor Estival,La Parade
127202,El Club Del Silencio,La Parade
127203,Total Nightmare,Shwa Losben
127204,Chop Chop,Shwa Losben
127205,Everything Fell Into Place,Shwa Losben
127206,Annie in Luck,Shwa Losben
127207,Marichi,Satori Ensemble
127208,Sequoia,Satori Ensemble
127209,The Abyss,Satori Ensemble
127210,The Chamber,Satori Ensemble
127211,Sonar,Satori Ensemble
127212,Una bella,Satori Ensemble
127241,Replacement Addiction,Couch Slut
127242,Carpet Farmer,Couch Slut
127243,Rape Kit,Couch Slut
127244,Split Urethra Castle,Couch Slut
127245,Summer Smiles,Couch Slut
127246,Funeral Dyke,Couch Slut
127260,OST 10 Go Go Metallius,sawsquarenoise
127261,OST 09 Metallius,sawsquarenoise
127262,OST 07 Let's Rest,sawsquarenoise
127263,OST 08 Rescued :-),sawsquarenoise
127265,Every Time,Katy Kirby
127266,Come Back to Nashville,Katy Kirby
127267,All of Everything,Katy Kirby
127268,Bad Kisingen,Hissing Fauna
127269,Shine and Hum,Hissing Fauna
127270,I Could Not Run Four Miles Without Stopping,Hissing Fauna
127271,Do You Like Forces of Nature?,Hissing Fauna
127272,Disappear,Hissing Fauna
127273,Appeal To,Hissing Fauna
127274,This Turkey Town,Hissing Fauna
127275,Do You Want To Talk About It?,Hissing Fauna
127276,Shin A-lam,Hissing Fauna
127277,Chasy Trapman,Myndra
127278,Distant Lover,Myndra
127279,Don't Fall Asleep,Myndra
127280,Muscle Memory,Myndra
127281,Magic Tool,Myndra
127282,Huggun,Myndra
127283,"Byrði, Þungi",Myndra
127285,Oceans Now,Myndra
127286,Napapiiri,Myndra
127287,Tide Rising,Myndra
127288,Colloquial,Myndra
127289,Please Let Me Stay,Myndra
127290,Bruxelles,Myndra
127294,Autopsy,"Oh Yeah, the Future"
127295,Hungry,"Oh Yeah, the Future"
127296,First Glance,"Oh Yeah, the Future"
127297,The Pursuit of Unintentional Humor,"Oh Yeah, the Future"
127298,Lovedreams,"Oh Yeah, the Future"
127299,With the Summer,"Oh Yeah, the Future"
127300,Lackadaisical,"Oh Yeah, the Future"
127301,New Brave Face,"Oh Yeah, the Future"
127302,Roundtrip,"Oh Yeah, the Future"
127303,Snowday,"Oh Yeah, the Future"
127304,Hunger Moon,Pueblo People
127326,Going The Wrong Way,Sunshine and the Rain
127327,Can't Stop Thinking About You,Sunshine and the Rain
127328,Too Much Too Soon,Sunshine and the Rain
127329,Pale Blue Skies,Sunshine and the Rain
127330,In A Dream,Sunshine and the Rain
127331,Alone Again,Squire Tuck
127332,Upper Ground,Andrew Howes
127333,Stolen Car,Andrew Howes
127334,Bomb In A Baby Carriage,Andrew Howes
127335,Smokes Fork,Andrew Howes
127336,Mounin c'est Facile,Andrew Howes
127337,Towers Open Fire,Andrew Howes
127338,Spinning In A Green Field,Andrew Howes
127339,Nine Stones,Andrew Howes
127343,O2,Lately Kind of Yeah
127344,S.Mantis,Lately Kind of Yeah
127346,F.Gate,Lately Kind of Yeah
127347,uc,Lately Kind of Yeah
127349,P.Mantium,Lately Kind of Yeah
127350,恐怖,Lately Kind of Yeah
127356,I Apologize (Medley),Teddy Brown
127357,Crazy U,Teddy Brown
127358,Push Button Generation,Colin Ska Johnson
127359,Come When You Can,Colin Ska Johnson
127360,My Soul,Colin Ska Johnson
127382,September Quartet 2,Martin Rach
127402,C8H11NO2,chicago_word_brigade & brass-lines
127408,C11H17N2NaO2S,chicago_word_brigade & brass-lines
127409,Skid Along,Bad Ronald
127422,Violoncello Intermezzo,Mal Occhio
127427,Sea of Phantoms Free Air,Mal Occhio
127448,No Path on the Darkest Journey,Jeremy Gluck & Dave Fuglewicz
127469,Mama Medusa,HighWay17
127476,Dreamy Deers,HighWay17
127477,Falling Down and Flying Up-Up,HighWay17
127479,Cadaver Countdown,HighWay17
127480,Funeral of the Crushed Pianist,HighWay17
127482,Sunrise in Utopia,Hyaena Fierling & MUTATE
127483,Battue,Hyaena Fierling & Horus Chamber
127484,Under the Labyrinth,Hyaena Fierling & MUTATE
127487,Melting The Past,HighWay17
127488,Cockroach-headed Boy,HighWay17
127494,Begrudge,Blue Dot Sessions
127495,Distill,Blue Dot Sessions
127496,Entrap,Blue Dot Sessions
127497,In Other Times,Blue Dot Sessions
127498,Scratcher,Blue Dot Sessions
127499,Stale Case,Blue Dot Sessions
127519,A Journey In To The Great Unknown,Squire Tuck
127520,Unfinished Business,Squire Tuck
127530,Leave,Space Monkey Death Sequence
127531,"Funeral, Pt. I",Space Monkey Death Sequence
127532,No Brain,Space Monkey Death Sequence
127539,The Tapestries,Space Monkey Death Sequence
127540,"Funeral, Pt. II",Space Monkey Death Sequence
127541,The Trap Door,Space Monkey Death Sequence
127542,Alike After All,Space Monkey Death Sequence
127544,Bedroom  Wall,Droopies
127545,Below,Droopies
127546,Danger Ahead,Droopies
127547,Good Side,Droopies
127548,Power of Suggestion,Droopies
127549,Even Better,Droopies
127551,One to Seven,Droopies
127552,What You Know,Droopies
127553,How Low Can You Go,Droopies
127554,Bad Form,Droopies
127555,Turn,Droopies
127556,Pressure,Droopies
127557,Outside,Droopies
127558,Half a Doubt,Droopies
127559,High Hopes,Droopies
127620,Ein Art Einleitung,Music for Rabbits
127623,Space Kreuzfahrt,Music for Rabbits
127626,Sunny Saturday Suburb,Music for Rabbits
127648,Bkls,Blue Dot Sessions
127660,Mknt,Blue Dot Sessions
127661,Krok,Blue Dot Sessions
127662,Gtks,Blue Dot Sessions
127663,Drch,Blue Dot Sessions
127716,Narc,Mellow Harsher
127720,Rich Albertoni / Stinge,Mellow Harsher
127722,Aus,Andreas Woiger
127723,Normal,Andreas Woiger
127724,Jura,Andreas Woiger
127725,Über Bord,Andreas Woiger
127726,Schankeshaus,Andreas Woiger
127734,Powder,Andrew Walton
127742,No Laughing Matter,Andrew Walton
127745,Homeless,Andrew Walton
127747,Hot Air,Andrew Walton
127749,All The News That's Fit To Print,Andrew Walton
127750,Why I Didn't Watch The Royal Wedding,Andrew Walton
127751,Do You Remember?,Andrew Walton
127752,Slippage,Andrew Walton
127753,Creationism 1,Andrew Walton
127754,Creationism 2,Andrew Walton
127755,All That They Fought For Is Being Destroyed,Andrew Walton
127794,Six,Bad Ronald
127798,FÜSSGANGER,ODOR BABY
127804,Starlight,Psychadelik Pedestrian
127806,The Dead Of Night,Psychadelik Pedestrian
127810,"Sleep Tight, Sweet Dreams (Don't Have Nightmares)",Psychadelik Pedestrian
127828,#1,"Shocron, Politzer, Crozzoli"
127865,Accordion Dirge,Dana Boulé
127866,Paris Ballade,Dana Boulé
127867,Rainy Night (accordion),Dana Boulé
127868,Clichy Waltz,Dana Boulé
127869,Sad French Accordion,Dana Boulé
127870,Tomorrow Comes (accordion),Dana Boulé
127871,Swinging in the 7th,Dana Boulé
127878,Reaper,Razen
127908,Jump Rope,Gingerlys
127909,Playgrounds,Gingerlys
127910,Set You Off,Gingerlys
127911,Elsewhere,Gingerlys
127912,Incandescent,Gingerlys
127913,See You Cry,Gingerlys
127914,Turtle Doves,Gingerlys
127915,Purple Sunshine,Gingerlys
127916,Hurry,Stephen Chopek
127918,Love Is a Negotiation,Stephen Chopek
127919,Only Here,Stephen Chopek
127920,Systematic Collapse,Stephen Chopek
127936,Armageddon,Synapsis
127979,Silly Silly Silly,Bad Ronald
127996,Labyrinth,Sergey Cheremisinov
128253,j a b s 06,Oscar Myer
128254,j a b s 08,Oscar Myer
128255,w b 06 149,Oscar Myer
128256,Hit the breaks,Oscar Myer
128257,j a b s 10,Oscar Myer
128261,Castle Confined,Waylon Thornton and the Heavy Hands
128262,Crystal Mace,Waylon Thornton and the Heavy Hands
128264,Grave Dog,Waylon Thornton and the Heavy Hands
128267,Take This With You,Waylon Thornton and the Heavy Hands
128268,Strange Looking Child,Waylon Thornton and the Heavy Hands
128269,Casual Necromancy,Waylon Thornton and the Heavy Hands
128270,Viral Spirals,Waylon Thornton and the Heavy Hands
128271,Eat You Up,Waylon Thornton and the Heavy Hands
128272,Recognize,Waylon Thornton and the Heavy Hands
128302,DIE UNVERSCHÄMTHEIT,ODOR BABY
128437,BarMade,Traveling in Stereo
128438,Datsun#07,J.L.A
128439,Autumn ∞ Harvest ∞ Happiness,Summer Of Haze
128440,Tasters Choice,Tab & A.U.R.C
128441,The More Things Change,The Impossebulls
128443,a night lost,Mitchmatic
128444,Painter Joe (Featuring Orqestra Experimental da UFSCar),Jovem Palerosi
128448,Low,Lorenzo's Music
128458,Gabriel Pereira Spurr - 11 - Pulsos,Gabriel Pereira Spurr
128469,The Shoes They Wear,Blue Dot Sessions
128470,Over the Fence,Blue Dot Sessions
128471,Flattered,Blue Dot Sessions
128472,At All Ends,Blue Dot Sessions
128473,A Burst of Light,Blue Dot Sessions
128475,Blues do Cangaço,Molodoys
128476,Memories=Lies,cellardoor
128477,GO!GO!GO!,Emerald Park
128478,Demon's Alley,Roger Plexico
128480,Breathe in the Static,Kirk Pearson and BIT
128481,Elba,Broken Ideas
128482,Wild Waste,Solar Estates
128483,Glass Harp,dustmotes
128484,Wrists Like Little Branches (Basement Skylights Remix),Terrible Terrible
128486,No One's Illegal,Louis Lingg and The Bombs
128494,You Ain't Nothin (Featuring Drano & Joey Ripps),Ant The Symbol
128496,Last Year,The Willing
128497,The Endless Corner,harmonic defiance
128499,There Goes The Sky,Westy Reflector
128500,Turnin Clouds into Mountains,Mr. & Mrs. Smith
128501,For You,Bad Ronald
128502,They,Crayon Mortel
128504,Ocean,Zebra
128505,Party,Fuzziebär
128525,Tenancy,The Strangelet Disasters
128531,Inceputul,IV-IN
128532,Lone,IV-IN
128533,Baba Yaga,IV-IN
128618,Motification,Cloudjumper
128619,Chillout Arena,Cloudjumper
128622,Complex Love,Cloudjumper
128665,We Can Talk About That (Featuring Johnny Ciggs),Ant The Symbol
128666,We Can Talk About That (Instrumental),Ant The Symbol
128667,Blue Steel (Featuring Joey Ripps),Ant The Symbol
128668,Blue Steel (Instrumental),Ant The Symbol
128699,Could it be so Hard,The Degs
128703,Marie Curie,The Crypts!
128704,Civil Servant Cyborg,The Crypts!
128705,Gila Monster Flop,The Crypts!
128706,Medusa's On The Loose,The Crypts!
128708,Butterchops,The Crypts!
128709,Ate A Pizza,The Crypts!
128710,Ghost Baby,The Crypts!
128711,Junky Magician,The Crypts!
128758,Here Come The Horses,Synapsis
128759,Atrusion Fusion,Synapsis
128760,AT1,Synapsis
128799,a.,RPM Orchestra
128811,Hidden Tiles,Blue Dot Sessions
128812,Lathe,Blue Dot Sessions
128813,Seamless,Blue Dot Sessions
128814,Tar and Spackle,Blue Dot Sessions
128815,Toppler,Blue Dot Sessions
128816,The big out there,krackatoa
128824,Indios,Lezet
128825,Nephew Playing Happy Wheels,Lezet
128827,"Gas, Opera, Guitars",Lezet
128828,"Laughing, Cheering, Sobbing, Selling",Lezet
128835,I,Jaan Patterson
128842,VIII,Jaan Patterson
128845,XI,Jaan Patterson
128878,Festive Felicitations,Squire Tuck
128879,Bringing Joy at Christmas,Squire Tuck
128880,To Absent Friends this Christmas,Squire Tuck
128881,Alone Again at Christmas,Squire Tuck
128882,"New Year, New Beginning",Squire Tuck
128884,Living with Uncertainty?,Squire Tuck
128885,Why?,Squire Tuck
128886,Sad Times,Squire Tuck
128887,Love will Conquer All,Squire Tuck
128888,The Last Goodbyes of Planet Earth,Squire Tuck
128901,THE RIGHTS OF THE IGNORANT TO INFLICT THEIR FREEDOM FURY SHALL NOT BE INFRINGED,ODOR BABY
128916,We Can Talk About That (Featuring Johnny Ciggs),Ant The Symbol
128918,Church (Featuring Reppa Ton),Ant The Symbol
128919,Whentro,Ant The Symbol
128920,Draw (Featuring Graphic Melee),Ant The Symbol
128921,Staying Clean (Featuring Draztiq & Joey Ripps),Ant The Symbol
128922,You Ain't Nothin (Featuring Drano & Joey Ripps),Ant The Symbol
128923,My Shoes (Featuring BenFM),Ant The Symbol
128924,"The Ride Out (Understand Me, Part II) (Featuring Millz)",Ant The Symbol
128925,The True Black (Featuring The Honorable Sleaze),Ant The Symbol
128926,Tempus Fugit (Featuring BCMusic1st),Ant The Symbol
128927,Lose None (Featuring Noah O.),Ant The Symbol
128987,Anywhere Else (alien's re-bake) - Knopfdreher (ft. moody alien),moody alien
128988,Rain Song (moody alien's mix) - George Avramidis,moody alien
128989,The Wind Howls Ting-Ting (alien's re-fix) - 80 Zumma (ft. moody alien),moody alien
128991,The Siren's Spell - Knopfdreher & moody alien vs. Kine Hjeldnes,moody alien
128992,Dawn Breaking,moody alien
128993,Outlast / I Got You,XL Kings
128994,Lightning Strikes,XL Kings
128999,Southern Rock,XL Kings
129001,Rumplaise,XL Kings
129039,Parade Shoes,Blue Dot Sessions
129040,Slow Strutt,Blue Dot Sessions
129042,Third in Line,Blue Dot Sessions
129043,When We Set Out,Blue Dot Sessions
129044,Streamer,Blue Dot Sessions
129045,Jimmie's Got One Watt Of Love,One Watt Of Love
129046,Say You Are Mine,One Watt Of Love
129048,Hanuman,Total Unicorn
129049,ICUu,Total Unicorn
129051,Whole Lot Of Louvre,Total Unicorn
129052,(o)(o)(o),Total Unicorn
129053,Approaching the Surface,Total Unicorn
129054,You're Stealing Sound,Total Unicorn
129055,Xtal Saturation,Total Unicorn
129056,^!^!^,Total Unicorn
129082,Mayday,Shadow of Television
129084,Na temnej strane,Shadow of Television
129085,Sila vydrzat,Shadow of Television
129088,Vodka And Beer,The Vivisectors
129089,Loco Banana,The Vivisectors
129090,Happy Halloween,The Vivisectors
129091,Cemetery Dance,The Vivisectors
129092,Beach Boogie,The Vivisectors
129093,Duane Stomp,The Vivisectors
129094,Tsunamy,The Vivisectors
129095,Cowboy Surfer,The Vivisectors
129096,Black Angel,The Vivisectors
129097,Blood On Pavement,The Vivisectors
129098,One Is Always Right,The Vivisectors
129122,Fliff,ANGKA
129123,Retta Boll,ANGKA
129124,Hibon Liduv,ANGKA
129125,Kaern Rilnke,ANGKA
129126,Libka Nya,ANGKA
129127,Spodlif,ANGKA
129128,Glin Luma,ANGKA
129184,Great is the Contessa,Blue Dot Sessions
129185,Headlights/Mountain Road,Blue Dot Sessions
129186,Paper Napkin,Blue Dot Sessions
129187,Paving Stones,Blue Dot Sessions
129188,Threads and Veils,Blue Dot Sessions
129189,When the Guests Have Left,Blue Dot Sessions
129190,Wisteria,Blue Dot Sessions
129211,Kali Yuga Has Come,The Carbon Manual
129221,Empty (Zuul Disco Edit III Remix),The Carbon Manual
129225,I Break Through (Robot Porn Mix),The Carbon Manual
129227,Winter Begins - Live in Bristol,The Carbon Manual
129228,I Call It Love - Live in Bristol,The Carbon Manual
129231,I Know - Live in Bristol,The Carbon Manual
129232,Ice Sleep Empty (Zeebra Mann Remix),The Carbon Manual
129233,Whisper (E.T. Mix),The Carbon Manual
129234,Winter Begins (Moroder Mix),The Carbon Manual
129235,Eje,Tod auf Kredit
129236,Der Braten,Tod auf Kredit
129242,Trio,Tod auf Kredit
129243,Radio unbekannt,Tod auf Kredit
129244,Nur noch schlafen,Tod auf Kredit
129261,Coda,The IMG
129262,The Contract,The IMG
129263,Don't Leave Me,The IMG
129264,Live With Me,The IMG
129265,Moontime,The IMG
129266,Stolen Prey,The IMG
129267,Time Doesn't Wait,The IMG
129268,Under The Sea,The IMG
129269,The Closest Enemy,The IMG
129270,300 Passengers Get Sick,Child Abuse
129272,Straight Out Of Compton,Child Abuse
129273,Casual Fridays,Child Abuse
129275,Cut And Run,Child Abuse
129341,Time Discipline,A New Silent Corporation
129342,Will Noise,A New Silent Corporation
129344,WOTGG,A New Silent Corporation
129345,Maple,A New Silent Corporation
129346,Hiver,A New Silent Corporation
129350,Joe Cooleys groovebox,Krayb David
129351,Waiting for the click,Krayb David
129353,50 cm bag,Krayb David
129354,Lodestone,Krayb David
129355,Kraybs big reveal,Krayb David
129356,Kut to def,Krayb David
129357,Cyborg Joyce conspiracy,Krayb David
129362,Sous La Mansarde,Lonely Kid Quentin Ensemble
129370,Le Comédien,Lonely Kid Quentin Ensemble
129372,Le Styliste,Lonely Kid Quentin Ensemble
129373,L'Architecte (Ceci Détruira Cela),Lonely Kid Quentin Ensemble
129374,L'Universitaire,Lonely Kid Quentin Ensemble
129375,L'Ecrivaine,Lonely Kid Quentin Ensemble
129391,Mountaintop,A la Mode
129392,To The Wind,A la Mode
129393,New Leaves,A la Mode
129395,Spreading All Over,Jerry Harris
129396,Just A Little Love We Need,Jerry Harris
129397,I'm So Glad,Jerry Harris
129398,Rock This Session,Jerry Harris
129399,Don't You Think It's Time?,Andy G. Cohen
129400,Homeland,Trevor Flowers and Iheka-Chama
129401,Nightmare,Trevor Flowers and Iheka-Chama
129402,Slow Down,Trevor Flowers and Iheka-Chama
129403,Should I,Trevor Flowers and Iheka-Chama
129404,Jehovah,Trevor Flowers and Iheka-Chama
129405,Satisfaction,Trevor Flowers and Iheka-Chama
129406,Make It With You,Trevor Flowers and Iheka-Chama
129407,Mandingo Tribe,Trevor Flowers and Iheka-Chama
129427,In The Valley,Michael Chapman
129436,Song Two,Bridget St John
129439,The Hole In Your Heart,Bridget St John
129442,Fly High,Bridget St John
129443,Song Nine,Bridget St John
129444,Song One,Bridget St John
129449,You're Gonna Lose,Low Doses
129450,Bee Sting,Low Doses
129452,Back Yard,Low Doses
129453,Get Low,Low Doses
129454,Two Headed Girl,Low Doses
129455,In Love Again,Low Doses
129469,Get Your Papers,The Defibulators
129470,Holy Roller,The Defibulators
129471,Working Class,The Defibulators
129472,Pay For That Money,The Defibulators
129473,Rumble Strip,The Defibulators
129474,Real Slow,The Defibulators
129475,Hee-Haw In Heaven,The Defibulators
129476,Cackalacky,The Defibulators
129477,Everybody's Got a Banjo,The Defibulators
129478,Amboy Road,Alex Battles & the Engelberts
129479,Pennsylvania,Alex Battles & the Engelberts
129480,It's The Cat,Alex Battles & the Engelberts
129481,Changin' My Change,Alex Battles & the Engelberts
129482,We Put a Guy on The Moon,Alex Battles & the Engelberts
129483,Diana Marie,Alex Battles & the Engelberts
129484,Jesus Wore Flip-Flops,Alex Battles & the Engelberts
129485,Hong Kong Collision,Alex Battles & the Engelberts
129486,Half of What I Need,Alex Battles & the Engelberts
129487,Drunken Musketeer,Alex Battles & the Engelberts
129488,Last Night In Town,Alex Battles & the Engelberts
129489,Heaven Is The Other Way,Big Sandy and His Fly-Rite Boys
129490,It's Time,Big Sandy and His Fly-Rite Boys
129491,Spanish Dagger,Big Sandy and His Fly-Rite Boys
129492,How Did You Love Someone Like Me,Big Sandy and His Fly-Rite Boys
129493,The Greatest Story Ever Told,Big Sandy and His Fly-Rite Boys
129494,Love That Man,Big Sandy and His Fly-Rite Boys
129495,Tequila Calling,Big Sandy and His Fly-Rite Boys
129496,Happy Birthday,Big Sandy and His Fly-Rite Boys
129497,Hey Lowdown!,Big Sandy and His Fly-Rite Boys
129498,Instrumental,Big Sandy and His Fly-Rite Boys
129499,Wishing Him Away,Big Sandy and His Fly-Rite Boys
129500,Miss Tracy,Big Sandy and His Fly-Rite Boys
129501,Chalk It Up To The Blues,Big Sandy and His Fly-Rite Boys
129502,Don't Sweetheart Me,Big Sandy and His Fly-Rite Boys
129583,The Perfect Funeral Song Remix,Nazeem ( Autobam remix )
129602,Insomnia Sexualis,Matteo Ballarin ( Undermindlimb )
129610,鹿鳴館,NRYY
129616,56cvm4eflkñk2jj2hg5f7gdf,G Raposeiras
129618,Kevlar Boyz,JBit8 & Resonancedj
129620,Jesus Punk,Joan's Diary
129622,no title,Molestia Auricularum
129624,Tentacle Hentaij - Core Noisetone,Ralph Brown
129672,The True Black (Featuring The Honorable Sleaze),Ant The Symbol
129673,You Don't See (Featuring RT & Reppa Ton),Ant The Symbol
129674,The True Black (Instrumental),Ant The Symbol
129675,You Don't See (Instrumental),Ant The Symbol
129683,Child of the 70's,Derek Clegg
129685,Go Easy On Me,Derek Clegg
129686,The Moon,Derek Clegg
129687,Not the Way,Derek Clegg
129688,Down,Derek Clegg
129689,The Houses in this Avenue are Cruel,Derek Clegg
129690,Crooked Ears,Derek Clegg
129691,I Don't Want To Wait,Derek Clegg
129692,Hard Times,Derek Clegg
129694,The One We Love the Most,Derek Clegg
129695,All of My Love Resides in Paris,Derek Clegg
129696,Laws,Derek Clegg
129698,Coherence,Ghost By Nature
129699,The Dust Settles,Ghost By Nature
129700,Coherence (G.Kemp Remix),Ghost By Nature
129701,Coherence (Coffee & Blood Remix),Ghost By Nature
129702,The Dust Settles (GTA Remix),Ghost By Nature
129703,The Dust Settles (Coffee & Blood Remix),Ghost By Nature
129724,Voodoo Queen,Song Machine
129729,The One,Song Machine
129730,Rainbow Jenny,Song Machine
129731,Love and Obsession,Song Machine
129732,Eclipsi - parcial,-ono-
129733,Eclipsi - penombral,-ono-
129735,Cendra - sonar,-ono-
129736,Planeta terra - atmosfera,-ono-
129737,Powerful Farewell - batre,-ono-
129738,Sun:Water - sòls,-ono-
129739,Candle Light - extinció,-ono-
129740,UNMISTAKABLE - al costat del mar,-ono-
129741,La Màgia de l'Ànima Impossible - desfilada,-ono-
129742,Eclipsi - anular,-ono-
129755,Deity Diet,Bad Ronald
129803,Stamp,Bad Ronald
129806,Oak Bloke,Captive Portal
129807,Penny17,Captive Portal
129808,Sitting On A Song,Captive Portal
129816,Fam Martinia Dou,Les Vilians Chicots
129819,You'll Be Mine,The Ar-Kaics
129823,Make It Mine,The Ar-Kaics
129824,Can't Keep Waiting,The Ar-Kaics
129834,Purple Fiction - Tea Drones,Crystal Dreams
129836,Aliens - Deep Dark,DeepDark
129841,Once Upon A Time - Monkey Tales,Sephira
129843,Musik Terror - Musik Terror,END 519
129849,You Got It Man,Dancer
129850,Shirley In Love,Dancer
129851,Telephone,Dancer
129852,Jodi,Dancer
129853,My Car Drives Fast,Dancer
129854,1-2-3-4-5 Mama Papa C'mon,Dancer
129855,Please Please Leave,Dancer
129856,Root Beer Station,Dancer
129857,Bitchin' Heat,Dancer
129858,Whole Lot Better Now,Dancer
129865,Such A Stupid Fool,Expert Alterations
129867,Psychic Surgery,Expert Alterations
129868,You Can't Always Be Liked,Expert Alterations
129869,Alabaster,Expert Alterations
129870,A Bell,Expert Alterations
129874,I,Tzelalot
129875,Enchant Down Babylon,Tzelalot
129876,Cali,Tzelalot
129879,Apparent,Tzelalot
129880,Wheel,Tzelalot
129881,Maryam,Tzelalot
129882,Jah-I-full,Tzelalot
129883,Albayan,Tzelalot
129884,Om,Tzelalot
129885,Ras Amlak,Tzelalot
129886,WhoShall I Lah,Tzelalot
129887,Hoy,Tzelalot
129889,Sidov,Tzelalot
129903,Get 'Em,Dollar Boyz
129904,Trap Niggaz,Dollar Boyz
129905,They Don't Want It,Dollar Boyz
129906,Gangbang City,Dollar Boyz
129907,Da Game Needs Me,Dollar Boyz
129908,Whip Yo Head,Dollar Boyz
129909,Hood Rich,Dollar Boyz
129910,In Da Trap,Dollar Boyz
129911,Chicago,Dollar Boyz
129912,Can't Go,Dollar Boyz
129913,Right Now,Dollar Boyz
129914,King Of Da City,Dollar Boyz
129915,Spit Yo Shit,Dollar Boyz
129916,If It Don't Make Dollarz - Featuring Gotti,Dollar Boyz
129917,Chi Go Getters,Dollar Boyz
129918,Soul Survivor,Dollar Boyz
129919,Stay Fly,Dollar Boyz
129920,My City,Dollar Boyz
129922,Coco,Radio Jarocho and Zenen Zeferino Huervo
129923,Guacamaya,Radio Jarocho and Zenen Zeferino Huervo
129924,Misterio,Radio Jarocho and Zenen Zeferino Huervo
129925,Morena,Radio Jarocho and Zenen Zeferino Huervo
129926,Vieja,Radio Jarocho and Zenen Zeferino Huervo
129927,'Colas,Radio Jarocho and Zenen Zeferino Huervo
129938,Sunshine,Bad Ronald
129962,Lights Up,Pipe Choir
129963,A Dark Blue Arc,Pipe Choir
129964,5 Station 5,Pipe Choir
129965,The Wind Is Rising,Pipe Choir
129968,Infinite Light,Pipe Choir
129969,Sonzis FM,Pipe Choir
129970,On Axis,Pipe Choir
129972,Mettle,Pipe Choir
129973,Savior,Pipe Choir
129993,Jangly Tune,Bad Ronald
129997,Bright Sunny End,springtide
130012,In My New Year Heart,Camden
130013,"You, Little Tiger",Camden
130014,Moonboots,Camden
130015,Charcoal,Camden
130016,A Sport & A Pastime,Camden
130017,Double Stitched,Camden
130078,Looking For A Heart,Terry & Louie
130079,Rebel Ways,Terry & Louie
130080,Can You Tell Me How Life Goes On,Terry & Louie
130081,Heart Of Chrome,Terry & Louie
130082,I'm A Pretender,Terry & Louie
130083,Rumors In Town,Terry & Louie
130084,Days Gone By,Terry & Louie
130106,Cantina #1,Reanimadores
130111,El huelepega,Reanimadores
130112,40,Reanimadores
130114,Ninguñ Lugar,Reanimadores
130129,Artificial anxiety,Michett
130130,Atmo,Michett
130131,Brood,Michett
130132,Droids in a bar,Michett
130133,Minora,Michett
130134,Oceanic,Michett
130135,Picnic at the reactor,Michett
130136,Wet,Michett
130137,Yurtology,Michett
130162,Funky Motion (Album Version Instrumental),Cheese N Pot-C
130163,Funky Motion (AUG 8th Mixx Instrumental),Cheese N Pot-C
130164,Funky Motion (BOOBIES Mixx Instrumental),Cheese N Pot-C
130165,Funky Motion (Motion Lotion Mixx Instrumental),Cheese N Pot-C
130166,Funky Motion (Exxcised Vocabs),Cheese N Pot-C
130167,Funky Motion (TSPMental),Cheese N Pot-C
130168,Funky Motion (Stripped To Da Cuts Crazy Wack Funkee Mix Instrumental),Cheese N Pot-C
130169,Funky Motion (Album Version Acapella),Cheese N Pot-C
130170,Funky Motion (Clean Version),Cheese N Pot-C
130218,Changes,OpVious
130221,Dubai,Achievements
130223,Kids shuold be delinquents,Achievements
130225,Junkie Street Fighter,Achievements
130242,Futuristic Front,Achievements
130243,Electric Bosozoku 9000000000 W,Achievements
130244,Slam Jam,Achievements
130246,Yummy!,Jake Starr and the Delicious Fullness
130247,Learnin' to Howl,Jake Starr and the Delicious Fullness
130248,Dying On The Vine,Jake Starr and the Delicious Fullness
130265,Show The Way,Rockit Maxx
130279,Bombastic,Zenji
130280,Lucille,Zenji
130281,Tesla Squid,Zenji
130282,Freya,Zenji
130319,southport,los pilotos
130337,2nd Half,Bad Ronald
130347,Groen Hoek Man,Goddess
130349,Paradise,Goddess
130350,Amnesia,Richard Lloyd
130355,Field Of Fire,Richard Lloyd
130367,Waiting / Wanting,TransFX
130368,Into the Blu,TransFX
130369,If Im Losing You Sunset Strip,TransFX
130370,Davanna CA,TransFX
130371,Fugue 7,TransFX
130372,Like a Glove,TransFX
130396,Notice of Eviction,Legally Blind
130397,Salish Sea (electric),Legally Blind
130398,Robert's Rules of Order (Pig and Potato War),Legally Blind
130399,Political Anthem,Legally Blind
130400,No Olympics on Stolen Land,Legally Blind
130401,"50,000 Volts of Democracy mp3",Legally Blind
130402,Salish Sea (unplugged),Legally Blind
130403,Robocall,Legally Blind
130404,Quiet the Mind (DCV),TIGERBERRY
130431,Dead Homie Intro,Pot-C
130440,Kids Room,Pot-C
130447,Ghost School,Pot-C
130448,I Got Raps,Pot-C
130450,Fuck This Fucking Bullshit (PHIKTION REMIXX),Pot-C
130452,Watch Me Now,Pot-C
130453,Cold Cut COmbo,Pot-C
130454,Qwak Qwak Qwak,Pot-C
130455,Worldwide Bathwater,Pot-C
130456,Til It Hurts (Munkee Mixx),Pot-C
130485,Where To?,G8
130495,From the Basement,G8
130496,Over The Desk,G8
130497,Sidewalk To Somewhere,G8
130498,The Year of the Kitten,Anton Rothschild
130501,A Town Beside the Sea,Anton Rothschild
130502,The Completist,Anton Rothschild
130505,Школа,POVALISHIN DIVISION
130530,Хинкали,POVALISHIN DIVISION
130536,aqua concept #1,Flexion B
130541,aqua concept #6,Flexion B
130542,aqua concept #7,Flexion B
130543,aqua concept #8,Flexion B
130580,Wild-Shadows,HASH
130581,Aloud,HASH
130598,2016,Tiruset
130602,Handshake,Cervo
130603,Do My Days Devour,Cervo
130604,Combact Stress Reaction,Cervo
130605,Timewasters,Cervo
130606,Logical Consequence,Cervo
130607,Criticism By Me Is Destructive,Cervo
130638,It's Your Night,Cheese N Pot-C
130639,Intro,Cheese N Pot-C
130640,"Check 1, 2",Cheese N Pot-C
130645,The Raps Well,Cheese N Pot-C
130649,The Roses,Cheese N Pot-C
130650,Funky Motion,Cheese N Pot-C
130651,Dare Da,Cheese N Pot-C
130652,J.J.'s Joint,Cheese N Pot-C
130660,Exultation Wave,Six Organs of Admittance
130663,Words For Two,Six Organs of Admittance
130666,Hollow Light/Severed Sun,Six Organs of Admittance
130667,Shelter From The Ash,Six Organs of Admittance
130682,Halloween Again,The Zombie Dandies
130683,The Friendly Monster Shop,The Zombie Dandies
130684,Crushed by the Left Hand,Cryosyncopy
130685,Winterfiend,Cryosyncopy
130686,Vampyric Chalice,Cryosyncopy
130687,Banished Tower,Cryosyncopy
130688,Lamia 1,Cryosyncopy
130689,Flaying with Fire,Cryosyncopy
130690,Casket of the Abyss,Cryosyncopy
130691,Dark Path,Cryosyncopy
130692,Lamia 2,Cryosyncopy
130693,Everlasting Rot,Cryosyncopy
130702,Deero,G8
130706,How I Met Your Sister,Jimmy & The Threats
130707,Light of Day,Jimmy & The Threats
130708,Mr. Floyd,Jimmy & The Threats
130709,Silly Guy,Jimmy & The Threats
130710,This Party,Jimmy & The Threats
130711,Twenty Somethin',Jimmy & The Threats
130752,Song for the Cameleon,Squire Tuck
130758,Today Is the Night,Keijo
130802,The Mind Scatters,Rowan Box
130803,Deprived Of The Senses,Rowan Box
130804,The Faslehood Of Positivity,Rowan Box
130805,Sit Idly By And Watch The World Crumble Before Your Eyes,Rowan Box
130806,You've Sent For The Absent,Rowan Box
130807,Hell Is The Cage That Is Your Mind,Rowan Box
130808,Being Psychologically Invisible,Rowan Box
130809,Drowned In Black Sludge,Rowan Box
130854,The Hope Only of Empty Men,Anna von Hausswolff
130855,Evocation,Anna von Hausswolff
130856,En Ensam Vandrare,Anna von Hausswolff
130867,Ambient Rave,mathgrant
130868,Arctic Snow,mathgrant
130869,Badger Café,mathgrant
130870,Chip Sonata,mathgrant
130871,Darenventure,mathgrant
130872,DIYTechno2.0,mathgrant
130874,Drawing Game,mathgrant
130876,Generic Blox,mathgrant
130877,Harpsi-Piano,mathgrant
130878,Middle G,mathgrant
130880,OSayCanUC?,mathgrant
130881,PencilMaster,mathgrant
130882,Peter Popoff,mathgrant
130883,Plane Staves,mathgrant
130884,Some Battle,mathgrant
130885,Space Blocks,mathgrant
130887,Spread Fire!,mathgrant
130888,Trivia Game!,mathgrant
130889,Viral Fox,mathgrant
130890,Walker&erson,mathgrant
130894,Let Me In,mathgrant
130895,A Foxger's Prayerful Dream,mathgrant
130896,Dance of the Ominous Shadows,mathgrant
130897,Calm Day,mathgrant
130898,Theme of a Gumshoe,mathgrant
130899,The Uneasy Town,mathgrant
130901,Ranqom's Eye,mathgrant
130902,Hydroplanes,mathgrant
130904,Contrition,mathgrant
130905,DIYTechNOOO!,mathgrant
130906,Western Loop,mathgrant
130907,Link and the King Get Logical,mathgrant
130908,Dr. Crafty's Better Fortress,mathgrant
130909,Purification,mathgrant
130910,Silver Ocean,mathgrant
130911,After-Dinner Jazz,mathgrant
130913,Starry Story,mathgrant
130914,Another Overly Long Short Song,mathgrant
130915,Arctic Sleet,mathgrant
130916,Ersatz Japan,mathgrant
130917,Generic Falling Blocks Puzzle,mathgrant
130918,Settlements and Hexes,mathgrant
130919,Shoddy Haunt,mathgrant
130920,Sober Lullaby,mathgrant
130921,Perfect Boy,mathgrant
130922,A Jubilant Sport,mathgrant
130923,Victorious Accomplishment,mathgrant
130927,The Stars Look Different (Ziggy Stardust Mix),spinningmerkaba
130929,Charcoal Lines,Blue Dot Sessions
130930,Contrarian,Blue Dot Sessions
130931,Diagram K,Blue Dot Sessions
130932,That Horse Ithica,Blue Dot Sessions
130933,That River Wide,Blue Dot Sessions
130934,The Terrarium,Blue Dot Sessions
130935,Dive Deep (Loveshadow Remix),spinningmerkaba
130937,Le grand large,La Cantine Boga
130940,Ma petite est comme l'eau,La Cantine Boga
130941,La peur,La Cantine Boga
130944,Bonus - Pique-assiette sentimental,La Cantine Boga
130945,Mayfly,Albin Andersson
130946,Connections,Albin Andersson
130947,Poles Apart,Albin Andersson
130948,A Penny For Your Dreams,Albin Andersson
130949,The Archway,Albin Andersson
130950,Blind,Albin Andersson
130951,All The Stupid Things You Say,Albin Andersson
130952,You Never Took Me For A Walk,Albin Andersson
130953,The Fences,Albin Andersson
130954,Are We?,Albin Andersson
130955,Even If It's True,Albin Andersson
130956,daughter no more,Martha Rose
130957,mr moon,Martha Rose
130958,famous last words,Martha Rose
130960,in my hour,Martha Rose
130961,tree. cloud. crow.,Martha Rose
130962,one slipper boy,Martha Rose
130963,paranoid,Martha Rose
130964,save me starsigns,Martha Rose
130986,"Doctor, what has Cesuacantho to do with this?",Jaan Patterson
130987,Gimme Back My Rufies,Bad Ronald
130988,3rd Chair,Blue Dot Sessions
130989,4th Chair,Blue Dot Sessions
130990,Between Stones,Blue Dot Sessions
130991,Bliste,Blue Dot Sessions
130992,Petra,Blue Dot Sessions
130993,Turning,Blue Dot Sessions
130995,Bow,Wolf Asylum
130996,I.O.,Wolf Asylum
130997,Complex,Wolf Asylum
130998,Psychonaut,Wolf Asylum
130999,Everfield,Wolf Asylum
131000,Enigmatism,Wolf Asylum
131001,Dazzled,Wolf Asylum
131002,Quans Quazar,Wolf Asylum
131003,Spindlex,Wolf Asylum
131004,Sexy Monduece,Wolf Asylum
131005,Waxy Monduece,Wolf Asylum
131010,Garbage,Pot-C
131011,Suggestion Rocks,Pot-C
131012,Monkey,Pot-C
131013,Bar Where You Are,Pot-C
131014,Whatever,Pot-C
131015,Max Awe,Pot-C
131016,Zombies,Pot-C
131017,Homemade Raps,Pot-C
131018,We Are The Problem,Pot-C
131019,Fallin' Apart,Pot-C
131020,Eternal New Guy,Pot-C
131021,You Are The World,Pot-C
131023,Experimental Contact Mic,Eric Boros & Fritz Welch
131024,"Taylor Swift, Yeah!",Eric Boros & Fritz Welch
131025,His Buzz Has Been Surfin',Eric Boros & Fritz Welch
131026,Certain Things You Like To Feel,Eric Boros/Mariam Rezaei/Fritz Welch
131119,One Eyed Ghost,The Crypts!
131122,Sea Monster,The Crypts!
131126,Garbage,The Crypts!
131127,Rock Zombie,The Crypts!
131128,TMNT,The Crypts!
131146,Rockin' Roman,The Crypts!
131153,Black Panda,The Crypts!
131161,Marie Curie/Party microphone is hot,The Crypts!
131164,Five 40 Derby/Slow Whistle,The Crypts!
131166,Luck That's Dumb/Happy Birthday Dave!,The Crypts!
131171,Teenager/Who took Latin?,The Crypts!
131172,Rockin' Roman,The Crypts!
131177,Gerbilicious/The Rectangle Pizza,The Crypts!
131178,The Monster Mash/Ya Look Fantastic,The Crypts!
131179,Sea Monster,The Crypts!
131180,Ghost Baby-Junky Magician/It's over,The Crypts!
131189,Vox Populi,V~Nessy
131190,Forward,V~Nessy
131191,Dimension,V~Nessy
131192,Robots,V~Nessy
131193,Ride Fever,V~Nessy
131194,Arjuana,V~Nessy
131195,Smeg Head,V~Nessy
131196,Penguins,V~Nessy
131197,Symphony De La Apple,V~Nessy
131292,Anywhere Else,springtide
131303,Balloons,Bad Ronald
131323,Decompression,Blue Dot Sessions
131324,Jeramiah's Suit,Blue Dot Sessions
131325,Rally,Blue Dot Sessions
131326,The Silver Hatch,Blue Dot Sessions
131327,Transit Vidal,Blue Dot Sessions
131341,Les prophètes chancellent,David Nadeau
131385,ODOR BABY THEME SONG,ODOR BABY
131410,PITHIA,Suburban Howl
131416,The Raps Well (C-Doc Mixes Well Mixx),Cheese N Pot-C
131417,The Raps Well (TSP Remixes Well),Cheese N Pot-C
131418,The Raps Well (Album Version Instrumental),Cheese N Pot-C
131419,The Raps Well (Wutchulookinat?! Mixx Instrumental),Cheese N Pot-C
131420,The Raps Well (Klaatu Mixx Instrumental),Cheese N Pot-C
131421,The Raps Well (Timezone LaFontaine Deadly Discs Instrumental),Cheese N Pot-C
131422,The Raps Well (dustmotes Instrumental),Cheese N Pot-C
131423,The Raps Well (Mixx Better Dub),Cheese N Pot-C
131424,The Raps Well (U hear the baby in this TSPmental),Cheese N Pot-C
131425,The Raps Well (Album Version Acapella),Cheese N Pot-C
131426,The Raps Well (Clean Album Version),Cheese N Pot-C
131436,A01 Mesh Shirt mp3,Mom Jeans
131438,A03 Vampires,Mom Jeans
131439,A04 Smoke Weed,Mom Jeans
131442,A07 I Hate America,Mom Jeans
131443,A08 Donkey Kong,Mom Jeans
131444,A09 I Want It Like That,Mom Jeans
131446,A11 Turn Out The Lights,Mom Jeans
131447,B01 Gummo,Mom Jeans
131448,B02 Donkey Kong,Mom Jeans
131449,B03 John Waters,Mom Jeans
131450,B04 Phillip K Dick,Mom Jeans
131451,B05 Mesh Shirt,Mom Jeans
131452,B06 Say We're Sweethearts Again,Mom Jeans
131453,B07 Ya Dumb Bitch,Mom Jeans
131454,B08 Mario,Mom Jeans
131455,Alive In Shadows,SAVAK
131456,Early Western Traders,SAVAK
131457,Reaction,SAVAK
131458,They Are Bones,SAVAK
131459,This Currency Exchanged,SAVAK
131460,Elapsed Remaining,SAVAK
131461,Drop The Pieces,SAVAK
131462,Sick Of War,SAVAK
131476,Facing Facts About Growing Old,Squire Tuck
131486,welcome to ignition,S.J. Mellia
131487,pioneer a way to be you,S.J. Mellia
131488,stripped of stable context,S.J. Mellia
131489,avalanche of chaos,S.J. Mellia
131490,the whispered question,S.J. Mellia
131529,Sauge,Arbee
131530,Mélèse,Arbee
131531,Bouteille,Arbee
131532,Sauge (Stopmotion remix),Arbee
131533,Mélèse (VNDL remix),Arbee
131535,Friday Night,Cheap Talk
131536,Professional Sport,Cheap Talk
131537,Psychopats,Cheap Talk
131538,Worth It,Cheap Talk
131539,Billboard Killer,Cheap Talk
131540,AVIATION CRAB ORCHESTRA (PFUDOR),OODR BABY
131551,RD and Me,Your Marginally Talented Photographer Girlfriend
131552,You Are a Human,Your Marginally Talented Photographer Girlfriend
131553,My Daughter Likes Dora The Explorer,Your Marginally Talented Photographer Girlfriend
131554,Emily Rose (a duet with Jennifer Carpenter),Your Marginally Talented Photographer Girlfriend
131561,I Died Trying To Get Rich,Massaccesi
131567,Their Business Model Doesn't Coincide With Reality,Massaccesi
131568,We Fight For the Spotlight We Kill For Encore,Massaccesi
131570,Before You Get Carried Off,Massaccesi
131578,Eggs,Bad Ronald
131624,AVIATION CRAB ORCHESTRA (MERC ZERO),ODOR BABY
131639,Stool in the Pool,Bad Ronald
131650,You Tore Me Down,The Flamin' Groovies
131651,I Can't Hide,The Flamin' Groovies
131652,Please Please Girl,The Flamin' Groovies
131653,Yes I Am,The Flamin' Groovies
131654,Don't Put Me On,The Flamin' Groovies
131655,Slow Death,The Flamin' Groovies
131656,Shake Some Action,The Flamin' Groovies
131657,Let Me Rock,The Flamin' Groovies
131658,Teenage Head,The Flamin' Groovies
131666,Salt Sugar Fire / Authentic Alien Perfume / Multidimensional Spectrum,Taiwan Housing Project
131667,Going Outside,Taiwan Housing Project
131668,What's It All About / Maintenance of an Application / Veblen Death Mash,Taiwan Housing Project
131764,This Is The Night,Microscopes
131766,The Strangest Things,Microscopes
131767,Pictures,Microscopes
131768,Don't Go Farther,Microscopes
131769,Poem 65,Microscopes
131770,Babe,Microscopes
131771,Child's play,Microscopes
131772,Wolfman,Microscopes
131773,Those Summer Days,Microscopes
131774,Dreams Don't Mean Anything,Microscopes
131787,Aurora,Pranavibes
131788,Poursuite,Pranavibes
131789,Dream & Bass,Pranavibes
131790,Dompter le démon,Pranavibes
131791,N'iceland,Pranavibes
131792,Invitation,Pranavibes
131794,Shanti,Pranavibes
131795,Back to Far West,Pranavibes
131796,Tempête,Pranavibes
131797,Transe animale,Pranavibes
131808,MIDIval Tourist,Planet B
131810,NotEnoughNoise (Pencil Remix),Pencil
131811,Anti-Focus,Avium
131812,Visceral,NCRPTD.DSCRPTN
131813,Lamer (Dub Remix),Arce
131814,Macrohard,Sam Fendrich
131815,Ambient 4,Ix Prospectum
131817,Autumn Dawn,Embers Below Zero
131833,Temps Perdu,River Cult
131835,A Drop In The Ocean,River Cult
131837,『鯖江市日の出』Sabae Sunrise,Fabian Measures
131897,Crime Story,David Szesztay
131899,Freezing,David Szesztay
131900,In The Sun,David Szesztay
131901,Joyful Meeting,David Szesztay
131902,One More Round,David Szesztay
131903,The Hangover,David Szesztay
131904,Waiting,David Szesztay
131905,1,causings
131909,5,causings
131911,Above Us,David Szesztay
131912,Backward,David Szesztay
131913,Backyard,David Szesztay
131914,Farewell,David Szesztay
131917,Old Mans Tale,David Szesztay
131918,Open Windows 2,David Szesztay
131919,Open Windows,David Szesztay
131922,Snow,David Szesztay
131923,The End,David Szesztay
131924,Underwater,David Szesztay
131925,Wind,David Szesztay
131932,Sa,Edessa
131933,Graovsko,Edessa
131934,Sheikhane,Edessa
131935,Saskin,Edessa
131936,Gunel Hirsizi,Edessa
131938,Revisk Oro,Choban Elektrik
131939,Rreth e qark beratit,Choban Elektrik
131940,Illede Roman Olsun,Choban Elektrik
131941,Unknown Cocek Tune,Choban Elektrik
131942,Ibrahim,Choban Elektrik
131950,Tsangala,Yale Women's Slavic Chorus
131951,Svatba,Yale Women's Slavic Chorus
131952,Kaval Sviri,Yale Women's Slavic Chorus
131953,Prekhvrukna Ptichka,Yale Women's Slavic Chorus
131954,A New York Hippodrome Rehearsal,R.H. Burnside
131955,Beauty's Eyes,Haydn Quartet
131956,Broncho Bob and His Little Cheyenne,Ada Jones and Len Spencer
131957,"Don't Leave Me, Daddy",Marion Harris
131958,Everybody's Jazzinn It,Collins and Harlan
131959,"Hello Central, Give Me Heaven",Byron Harlan
131960,Musical Snapshots,Columbia Orchestra
131961,Oh! By Jingo!,All-Star Trio
131962,The Great One Step,Victor Dance Orchestra
131963,The Royal Vagabond,Jockers Dance Orchestra
131964,When The Mockingbirds Are Singing In The Wildwood,Frank C. Stanley
131966,Svacija sloboda je drugacija,Nafta
131967,Mesec,Nafta
131968,Suvo more,Nafta
131969,Balkansko zavijanje,Nafta
131970,Glasovi,Nafta
131971,Sa tobom imam sve,Nafta
131972,Novac radi novca,Nafta
131973,Liberta de Luxe,Nafta
131974,Zivot nije supermarket,Nafta
131975,Novi Kastro,Nafta
131976,Krecem se ka suncu,Nafta
131977,Aurora borealis (instr.),Nafta
131978,Cena slobode,Nafta
131979,Ti (garage exclusive),Nafta
131980,Petite Route,Zé Trigueiros
131981,Chiaroscuro,Zé Trigueiros
131982,Shetland Chords,Zé Trigueiros
131983,Terra e Mar,Zé Trigueiros
131984,Dia Inteiro,Zé Trigueiros
131985,Big Road of Burravoe,Zé Trigueiros
131986,Pontão,Zé Trigueiros
132015,Dank Udi Memes,Yoghurt For Breakfast
132019,Groovin,Yoghurt For Breakfast
132020,Apply,Yoghurt For Breakfast
132021,Dirty Speech,Yoghurt For Breakfast ft. Aurelio Adasme
132022,P-8 Part II,Yoghurt For Breakfast
132040,A.M. Doom,Eddi Front
132041,Intro to Dream B - Texas,Eddi Front
132042,High Hopes,Eddi Front
132043,Prayer,Eddi Front
132044,Goldie,Eddi Front
132045,Sing Sing,Eddi Front
132095,Time Flies,Bad Ronald
132117,Credit Where Credit Is Due,Timezone LaFontaine
132118,Just Like That,Humble
132119,Mellitus Street 135,Marina Carbone
132120,Speaker,WONDERFLU
132121,Earth,Massimo Ruberti
132122,Signal,Starcardigan
132123,In Your Head,Tiger Waves
132124,Sonar Despierto,Zifhang
132125,Diversity,Ketsa
132126,defy!,The Fucked Up Beat
132127,Lost Keys,LZRVS
132129,scooby snax,Tha Silent Partner
132130,scooby snax2,Tha Silent Partner
132131,1night stand (Kwik Nutt Edit),Tha Silent Partner
132132,OST 11 Where Am I ?,sawsquarenoise
132134,OST 12 Wherever Aliens!!!,sawsquarenoise
132138,OST 13 More Aliens!,sawsquarenoise
132139,Ciganka Je Malena,Gogofski
132140,Mostarski Duchani,Gogofski
132141,Emina,Gogofski
132142,Mito Bekriyo,Gogofski
132147,Where The Land Meets The Sea,I Not Dance
132148,Polarity,I Not Dance
132149,Lack,I Not Dance
132150,Gloom,I Not Dance
132151,Reflections,I Not Dance
132152,Cut You Down,I Not Dance
132153,We Are Guilty,I Not Dance
132154,Gladiator,I Not Dance
132161,Bracket,Ulises Lima
132162,Good to know,Ulises Lima
132163,A thousand words,Ulises Lima
132164,The river,Ulises Lima
132165,This city,Ulises Lima
132166,Madrid is a hole,Ulises Lima
132167,Pulse between present and past,Ulises Lima
132168,Old habbits,Ulises Lima
132169,"Lonelyness square + It´s not you, it´s me",Ulises Lima
132170,Big Disappointment,Ulises Lima
132171,Color Blindness,Ulises Lima
132189,Love,The Cheese Mites
132190,Sex,The Cheese Mites
132191,War,The Cheese Mites
132193,Vomit Your Senses,The Cheese Mites
132194,The Bad Fish,The Cheese Mites
132195,We Two Three,The Cheese Mites
132196,The Big Ocean,The Cheese Mites
132197,A Pond of Our Own,The Cheese Mites
132217,Adolescentno (Funky),Zli jezici
132227,Mizantropi,Zli jezici
132228,High Class Girl From The Country,Zephaniah And The 18 Wheelers
132229,I Do Believe I've Had Enough,Zephaniah And The 18 Wheelers
132230,Take Your Love Out of Town,Zephaniah And The 18 Wheelers
132231,This Highway,Zephaniah And The 18 Wheelers
132232,I Sure Like Your Truck,Zephaniah And The 18 Wheelers
132235,Make It Easy,Dogs On Acid
132236,Flushed,Dogs On Acid
132237,The Prick,Dogs On Acid
132238,Waiting For You To Come Home,Dogs On Acid
132272,Meditations of a Warrior,The Golden Path
132309,Drop,Granpa Abela
132310,Twinkle Twinkle (Instrumental),David Mumford
132420,OST 15 Super Super,sawsquarenoise
132424,Acoustic And Intimidating,Cock ESP w/Art Pratten
132431,Chaines,Noexit
132433,Ne Me Quitte Pas,Sudden Infant
132434,"Oh, My Cat!",Tea Man With Tea Gum
132435,Live In Berlin 16/01/02,The Hermit Deconstruction
132436,Will See,Urbanoxfailure
132439,Support Me in This Moment That I'm About To Lose Heart,Nihilore
132440,Apricity,Nihilore
132442,Four and a Half Tatami,Nihilore
132443,Resistentialism,Nihilore
132444,Atomic Fire Light,Nihilore
132445,Liberosis,Nihilore
132446,The Dissolution of Collusion,Nihilore
132447,"Fuck Yeh, Capitalism!",Nihilore
132448,Liberosis (Instrumental),Nihilore
132449,Not Quite There,Ava Zandieh
132450,Any Moment Now,Ava Zandieh
132451,Tiny Hands,Ava Zandieh
132452,Snowdrift,Ava Zandieh
132453,Ghost Of You,Ava Zandieh
132454,Catalini,Ava Zandieh
132455,Answers,Ava Zandieh
132456,Calendula,Ava Zandieh
132463,India Lo-Fi,G.Las
132468,L4 On Sea,G.Las
132515,heavy lifting,Dj Chile & Jimmy Penguin
132516,inside the box,Dj Chile & Jimmy Penguin
132517,deep release,Dj Chile & Jimmy Penguin
132518,alternative input devices,Dj Chile & Jimmy Penguin
132519,take,Dj Chile & Jimmy Penguin
132520,slower,Dj Chile & Jimmy Penguin
132521,morbider,Dj Chile & Jimmy Penguin
132522,float and spin,Dj Chile & Jimmy Penguin
132523,turnaround punch,Dj Chile & Jimmy Penguin
132547,"Down, Down, Down (Theme to Upsidedown Cross) - Holy Inoccents",The Holy Innocents
132549,Electronic Composition Three - Craig Mileski,Craig Mileski
132552,Pounding - William Hellfire,William Hellfire
132553,Woods - William Hellfire,William Hellfire
132554,Dances - William Hellfire,William Hellfire
132555,Scratches - William Hellfire,William Hellfire
132556,Pulling - William Hellfire,William Hellfire
132557,Reflections - William Hellfire,William Hellfire
132558,Electric Composition Two - Craig Mieski,Craig Mileski
132560,Electric Composition Four - Craig Mileski,Craig Mileski
132561,Down Down Down - The Holy Innocents,The Holy Innocents
132566,Electronic Composition Two B Craig Mikeski,Craig Mileski
132567,Possess - William Hellfire,William Hellfire
132568,Upsidedown Stars - Tyrannosaurs Dracula,Tyrannosaurus Dracula
132589,intro,pat moonchy and angelo contini
132597,shell,pat moonchy and angelo contini
132663,Blue Dummy Theme,Future Sauce
132664,This Means War,Future Sauce
132665,Invocation,Future Sauce
132666,Shri Marlboro,Future Sauce
132667,Hail Digital Satan,Future Sauce
132668,Crystal Arcade,Future Sauce
132669,Wake,Future Sauce
132670,Electric Horizon,Future Sauce
132671,The Prophet Bird,Future Sauce
132672,Flipped,Future Sauce
132673,Atlantis Suite,Future Sauce
132675,When I am King,Future Sauce
132676,Cheesasaurus,Future Sauce
132677,Ratmobile,Future Sauce
132678,Lullabye,Future Sauce
132679,Giallo Pudding,Future Sauce
132693,Keep,Anihma / Doc.AtmosfearCrush
132695,Starting Over,Anihma / Doc.AtmosfearCrush
132696,Turn On,Anihma / Doc.AtmosfearCrush
132697,Starting Repeats,Anihma / Doc.AtmosfearCrush
132698,Angels in the Sky,Anihma / Doc.AtmosfearCrush
132699,Angels in the Sky Part 2,Anihma / Doc.AtmosfearCrush
132700,Angels in the Sky Reprise,Anihma / Doc.AtmosfearCrush
132701,Into Limbo,Anihma / Doc.AtmosfearCrush
132758,Minutes,Bad Ronald
132773,Aleppo,Poor Alexei
132774,Interiors,Poor Alexei
132775,Bipolarity,Poor Alexei
132778,Stuff,Gardenella
132779,Party boots,Gardenella
132781,Bosa Nova,Gardenella
132782,Carrying On,Gardenella
132784,Fuck Texas,Gardenella
132785,Phone Confessions,Gardenella
132786,PNC Bach,Gardenella
132787,Secret Santa,Gardenella
132788,Squirrels,Gardenella
132789,Urinating on Myself,Gardenella
132790,She,Gardenella
132791,What it is,Gardenella
132792,Rainbow Jesus,Gardenella
132793,Mount Rainier,Gardenella
132794,Youre so lonely,Gardenella
132795,Who Will It Kill,Gardenella
132798,Mary-Anne,The Deafening Colors
132799,Waiting For The Axe,The Deafening Colors
132800,City By The Sea,The Deafening Colors
132801,Parkway South,The Deafening Colors
132802,Jerry Ryan,The Deafening Colors
132803,Diving Horse's Ghost,The Deafening Colors
132862,Sixteen Again,Bad Ronald
132883,Трахну,POVALISHIN DIVISION
132892,Гаджеты,POVALISHIN DIVISION
132893,Олег,POVALISHIN DIVISION
132894,Piss On You (Bonus),POVALISHIN DIVISION
132901,Radiolaria,Release The Long Ships
132907,The Glorious Life And Death Of Laika,Release The Long Ships
132908,Snow,Release The Long Ships
132909,So Murmured The Wide Seas,Release The Long Ships
132910,Aether,Release The Long Ships
132911,I Am The Sun,Release The Long Ships
132912,The Heart Of The Mountain,Release The Long Ships
132913,I Have Never Seen The Light,Release The Long Ships
132914,The Heart Of The Mountain (piano cover by heklAa),Release The Long Ships
132915,Mist Pillars,Release The Long Ships
132954,Sodomy Dungeon (remastered),Cockmasta Flex
132955,Homofobe CrucifixXxion (remastered),Cockmasta Flex
132956,Cummin in the Starz (remastered),Cockmasta Flex
132957,Snake the Line (ft. Cowboy Manfan) (remastered),Cockmasta Flex
132958,Trankwulize da Shovel (remastered),Cockmasta Flex
132959,Semper Fi (remastered),Cockmasta Flex
132960,Fag Emperor (remastered),Cockmasta Flex
132961,Gay & Real (remastered),Cockmasta Flex
132962,Maricones Calientes (remastered),Cockmasta Flex
132963,Cock (remastered),Cockmasta Flex
132964,Deeper (remastered),Cockmasta Flex
132965,Gayngsta Faggot Bruthafuckaz (remastered),Cockmasta Flex
133003,Sturm,SPCZ
133004,Down,SPCZ
133005,Ducky,SPCZ
133006,Assault,SPCZ
133007,Reduce,SPCZ
133008,Fuck,SPCZ
133009,Sure,SPCZ
133010,Rise,SPCZ
133011,Caravan,SPCZ
133012,Ground,SPCZ
133014,Terminus,SPCZ
133015,Star`s End,SPCZ
133016,Legend,SPCZ
133017,Dust,SPCZ
133018,Trantor,SPCZ
133019,Space Night,SPCZ
133020,G-Men in Space,SPCZ
133021,Amal,SPCZ
133022,Hipno,SPCZ
133023,Gaia,SPCZ
133024,La Fèe Verte,SPCZ
133025,Empire,SPCZ
133026,Sphere,SPCZ
133027,Gloom,SPCZ
133028,Eternal Glide,SPCZ
133029,Pulse,SPCZ
133100,Mockingbird (Instrumental),David Mumford
133102,Natural Groove,Squire Tuck
133133,ITS TIME TO TALK ABOUT ODOR BABY,ODOR BABY
133272,Anger,Movie Theater
133273,Sadness,Movie Theater
133274,Fear,Movie Theater
133275,Regret,Movie Theater
133276,Love,Movie Theater
133293,Mucky's Happy Resort,{AN} Eel
133294,Jazz Got Fuck'd,AG Davis
133297,(piano & mosesa7C),Balog and Matthies
133300,Imaginary Meeting at Cafe Rosenberg,Chicago Word Brigade and Brass-Lines
133301,Unknown Third Party,Chris Bywater
133302,The Guitar Player,Damien Olsen
133320,Subconscious Fears,Quartet 4
133326,Convolutions,Ten Machine
133327,Latent Glass Chamber,The Cypress Experiment
133328,Wrongly Perceived,The Third Chain
133329,Form,Ton Haring
133330,Panther's Eye,Trio 1
133332,Suspended Animation,Zilmrah
133333,Alien Samba Kollage and Subversive Intentions Symphodrone Mix,Ziurmuzik and Nick Endee Ocitned
133334,Expressing One's Emotions in Public,Squire Tuck
133388,Better Be Good,The Real Kids
133389,Solid Gold,The Real Kids
133393,No Fun No More,The Real Kids
133396,My Baby's Book,The Real Kids
133398,All Night Boppin',The Real Kids
133399,Somewhere,The Real Kids
133400,All Kindsa Girls,The Real Kids
133401,Let Me Convince You,The Real Kids
133421,01 Savarnah,UP Paolo Pavan Pasqualino Ubaldini
133422,02 Black Trees,UP Paolo Pavan Pasqualino Ubaldini
133423,03 Ballata Del Felipe,UP Paolo Pavan Pasqualino Ubaldini
133424,04 A Man At The Clock,UP Paolo Pavan Pasqualino Ubaldini
133425,05 Adkezin,UP Paolo Pavan Pasqualino Ubaldini
133426,06 five special blues,UP Paolo Pavan Pasqualino Ubaldini
133427,07 Promenade,UP Paolo Pavan Pasqualino Ubaldini
133428,08 Felipe vers. cubana,UP Paolo Pavan Pasqualino Ubaldini
133429,09 Saltimbanco,UP Paolo Pavan Pasqualino Ubaldini
133430,Pioggia,UP Paolo Pavan Pasqualino Ubaldini
133431,David Hemmings,TRG Banks
133432,Cigar,TRG Banks
133433,Horse ride 1,TRG Banks
133434,Keith in 1987,TRG Banks
133435,Horse ride 2,TRG Banks
133436,New world,TRG Banks
133437,Horse ride 3,TRG Banks
133438,Packed lunch,TRG Banks
133439,Horse ride 4,TRG Banks
133440,Smooth jacket,TRG Banks
133441,Into the sunset,TRG Banks
133442,Journey with Russ,TRG Banks
133443,Twilight valley,TRG Banks
133444,Rainbow,TRG Banks
133445,Coast,TRG Banks
133446,Adventures with Paddy,TRG Banks
133447,After midnight,TRG Banks
133448,Extravaganza,TRG Banks
133449,Castle Lane,TRG Banks
133450,City,TRG Banks
133451,Flying,TRG Banks
133452,Across the border,TRG Banks
133453,Ride with the moon,TRG Banks
133454,Farmhouse loaf,TRG Banks
133455,Stop the ice cream van,TRG Banks
133456,Michael Landon,TRG Banks
133457,Fresh pastures,TRG Banks
133459,Kevelin and Chestnut,TRG Banks
133478,Oskolki,Fanny Kaplan
133479,Edemov Sad,Fanny Kaplan
133480,Plastilin,Fanny Kaplan
133482,Son I Pustota,Fanny Kaplan
133483,Upukui Lunu,Fanny Kaplan
133484,Neft',Fanny Kaplan
133485,Krasnotelie Lesa,Fanny Kaplan
133486,Sveta,Fanny Kaplan
133488,Rollergirl/Ain't No Fun,Jacques Le Coque
133490,I Got You,Jacques Le Coque
133493,Tip Of My Tongue,Jacques Le Coque
133535,Bizarre Waltz,David Szesztay
133537,Cascet,David Szesztay
133538,Chains Down,David Szesztay
133544,Eve,David Szesztay
133545,Execution,David Szesztay
133546,First Step Inside,David Szesztay
133551,In Action,David Szesztay
133553,Linger,David Szesztay
133560,Paranoid,David Szesztay
133561,Plashes,David Szesztay
133562,Prayer,David Szesztay
133563,Problem,David Szesztay
133564,Reopen,David Szesztay
133567,Romance,David Szesztay
133571,Spacedrum,David Szesztay
133572,Strange Meeting,David Szesztay
133573,Surreal 2,David Szesztay
133574,Surreal,David Szesztay
133576,Swinging Blues,David Szesztay
133579,Vanda's Blues,David Szesztay
133580,Wake Up,David Szesztay
133624,Bury Your Heart,EZTV
133625,Blue Buzz,EZTV
133626,The Light,EZTV
133627,Hard To Believe,EZTV
133628,Dust In The Sky,EZTV
133629,Trampoline,EZTV
133630,Calling Out,EZTV
133631,Pretty Torn Up,EZTV
133632,There Goes My Girl,EZTV
133638,Intentional Injury,Bonnie 'Prince' Billy
133639,66,Bonnie 'Prince' Billy
133681,Midnight Chillin',Squire Tuck
133727,Neonblack,the silence industry
133728,Marilia,the silence industry
133729,This Zero Hour,the silence industry
133730,On Feathered Wings,the silence industry
133731,With Arms,the silence industry
133769,AVIATION CRAB ORCHESTRA (FUNTIME BEAR),ODOR BABY
133770,AVIATION CRAB ORCHESTRA (BALLAD OF DEREK BAILEY),ODOR BABY
133772,Grindstone,Hearse Pileup
133775,Midnight Chillin' (Extended Remix),Squire Tuck
133780,We Know Time,Nic Falcon
133781,Holiday,Nic Falcon
133788,Waiting for the Hurricane,David Rovics
133793,Angry White American Man,David Rovics
133797,Joe Hill,David Rovics
133798,Facebook,David Rovics
133800,Frieden und Freiheit,David Rovics
133801,Ballad of Cece McDonald,David Rovics
133802,Christmas in a Tent,David Rovics
133803,The Ball is Round,David Rovics
133804,Iride,Preti Pedofili
133805,Mavis,Preti Pedofili
133806,Self Made Man,Preti Pedofili
133807,Cancro,Preti Pedofili
133808,Dies Irae,Preti Pedofili
133809,C'est femme l'autre nom de dieu,Preti Pedofili
133810,Vio-lento,Preti Pedofili
133811,Begotten,Preti Pedofili
133812,Primo Sangue,Preti Pedofili
133813,Hate,Preti Pedofili
133833,Spare Succulence,gunctrl
133835,Evening Raga,Nimisha Shankar
133836,Gold: A Holi Song,Nimisha Shankar
133837,Quiet Raga,Nimisha Shankar
133838,Sunset Raga,Nimisha Shankar
133841,Before the Devil Knows You're Dead,Squire Tuck
133843,Take Me,Bad Ronald
133844,re:Hiroshima#01,-ono-
133845,re:Hiroshima#02,-ono-
133846,re:Hiroshima#03,-ono-
133847,re:Hiroshima#04,-ono-
133848,re:Hiroshima#05,-ono-
133849,re:Hiroshima#06,-ono-
133916,FUNSHINE BEAR WE ALL GLOW IN THE DARK ODOR BABY REMIX,FUNSHINE BEAR / ODOR BABY
133934,Abdalá,Raul Diaz Palomar
133935,Plan,Raul Diaz Palomar
133936,1607,Raul Diaz Palomar
133937,Amenazas,Raul Diaz Palomar
133939,Maqbara (Créditos),Raul Diaz Palomar
133942,Plan II,Raul Diaz Palomar
133943,"Abdalá (demo, bonus)",Raul Diaz Palomar
133967,Breaking Dawn,Marcos H. Bolanos
133968,The Journey,Marcos H. Bolanos
133969,Calm Like a Trap,Marcos H. Bolanos
133970,True Story,Marcos H. Bolanos
133971,Slow Motion,Marcos H. Bolanos
133972,To Distant Lands,Marcos H. Bolanos
133973,The Dream,Marcos H. Bolanos
133974,Bound for Adventure,Marcos H. Bolanos
133975,Yes She Can,Marcos H. Bolanos
133976,Stay in the Light,Marcos H. Bolanos
133977,Radioheart,Marcos H. Bolanos
133978,Improve Yourself,Marcos H. Bolanos
133979,GO BACK THEY WILL KILL YOU,ODOR BABY
134023,Without You,The Spectacular Fantastic
134024,Living in the Country,The Spectacular Fantastic
134025,Wasting All My Time,The Spectacular Fantastic
134026,I Would Do the Same,The Spectacular Fantastic
134027,Absent Mind,The Spectacular Fantastic
134028,Brand New Day,The Spectacular Fantastic
134029,Complicated,The Spectacular Fantastic
134030,Prisoner of Love,The Spectacular Fantastic
134031,It's So Hard,The Spectacular Fantastic
134032,Sometimes I Feel,The Spectacular Fantastic
134033,Dying in the Sand,The Spectacular Fantastic
134034,So Unreal,The Spectacular Fantastic
134048,Deep Cave (Dip and Cavern Remix),Jahzzar
134049,Dropped (Drop Everything Club Mix),Jahzzar
134050,Gross (Glee Gross Revisited),Jahzzar
134051,For Eigner (Foreigner Mix),Jahzzar
134052,XXOO (XX remixed),Jahzzar
134053,Mares I AM (Maresia Dance mix),Jahzzar
134054,Pills & Mantra (Skills Pills & Mantra Mixed & Remixed),Jahzzar
134064,A1,Talugung
134069,B3,Talugung
134073,How many,Windmill
134077,Instrumentale I,Windmill
134081,Violent,Windmill
134082,Nowadays,Windmill
134083,Mm II,Windmill
134084,An ordinary man,Windmill
134094,Live,dj balli and his
134186,Kvapka,Priatelia Padajuceho Listia
134187,Nadej,Priatelia Padajuceho Listia
134188,V protismere,Priatelia Padajuceho Listia
134317,Busier-than-thou-Blues (ft Ian Tait),Kathleen Martin
134318,Lightseeker,The New Geometry
134319,The Inner Conflict,The New Geometry
134320,Brothers By Light,The New Geometry
134352,Pretty Kitty Jeanie,Gumbel
134353,Monotonía,Gumbel
134354,Dysfunctional Places,Gumbel
134355,Wrong Dreams,Gumbel
134356,Dying Paradise,Gumbel
134357,"Schizofrenico, Day 99",Gumbel
134358,Todas las promesas,Gumbel
134359,Happy for a While,Gumbel
134360,Close Your Eyes and Dream,Gumbel
134361,Voluntarioso,Gumbel
134362,A Night to Kill and Die,Gumbel
134363,Colorear el vacío,Gumbel
134364,Mi nombre es amor,Gumbel
134365,Apocalypse Please!,Gumbel
134384,Small Town Industry,Scott Holmes
134385,Moving Forward,Scott Holmes
134388,Magical Moments,Scott Holmes
134389,Against All Odds,Scott Holmes
134443,This train doesn't stop at Rugby,TRG Banks
134444,Goodbye Earth,TRG Banks
134445,Above the Earth,TRG Banks
134446,Dark Days,Grav
134447,Intro,Grav
134448,Turns Me On,Grav
134449,Through the asteroid belt,TRG Banks
134452,Interstellar breakfast,TRG Banks
134453,First stop,TRG Banks
134454,Through the gravitational field,TRG Banks
134455,Non-stop to Insideoutworld,TRG Banks
134479,A balloon is watching the scenery from a distance,The Basic Income Earth Network
134486,Love&Heartbreak,Squire Tuck
134509,Get Paid (Mouth Beat Mix) (Featuring DJ Phazer),Donnie Ozone
134510,Get Paid (Full Mix) (Featuring DJ Phazer),Donnie Ozone
134547,Intake,Acid Feen & Jimmy Penguin
134548,Breathe,Acid Feen & Jimmy Penguin
134549,Out,Acid Feen & Jimmy Penguin
134550,Just frame,Acid Feen & Jimmy Penguin
134551,Breathe deep,Acid Feen & Jimmy Penguin
134553,Intake taken,Acid Feen & Jimmy Penguin
134580,Old Allу,Sergey Cheremisinov
134586,Now You Are Here,Sergey Cheremisinov
134594,Instrumental,Purling Hiss (Solo)
134597,Run From The City,Purling Hiss (Solo)
134598,3000 A.D.,Purling Hiss (Solo)
134599,Mary Bumble Bee,Purling Hiss (Solo)
134610,Roaches (Featuring Pot-C),Donnie Ozone
134622,fluke,transient
134623,bouttime,transient
134624,expansion,transient
134625,ebb and flow,transient
134626,elementals,transient
134628,poolside,transient
134629,exacter,transient
134631,Weightlessness of Fire,"Ak'chamel, The Giver of Illness"
134643,AVIATION CRAB ORCHESTRA (BUILD A WALL),ODOR BABY
134645,A Strange Dream 2,Los Llamarada
134646,Always Returning,Los Llamarada
134647,Confusion I II Go,Los Llamarada
134648,JJJJJ,Los Llamarada
134650,Nowhere The Girl 1,Los Llamarada
134754,Cube,Cutside
134755,On The Edge,Cutside
134756,I Don't Know You (Featuring Sgt. Penarlaster),Cutside
134757,Paramnesia,Cutside
134758,Sanctuarium,Cutside
134759,Addendum The Lost Sermon (Featuring Cedric Till),Cutside
134790,Analemma,Pianochocolate
134791,Lake Baikal,Pianochocolate
134792,Romance,Pianochocolate
134793,Sunshower,Pianochocolate
134794,Christina,Pianochocolate
134795,Promenade,Pianochocolate
134796,Eraser,Pianochocolate
134797,Everyone will come back home,Pianochocolate
134801,Idea,Vir Nocturna
134823,Take Your Poison,C-Doc
134824,Pusher For Record,C-Doc
134825,Needy Ass,Tha Silent Partner
134826,GoodLookN,Tha Silent Partner
134827,Mandingo Ocean,Tha Silent Partner
134918,-Sheydaii,"Turku, Nomads of the Silk Road"
134919,Fidayda,"Turku, Nomads of the Silk Road"
134922,-Shab Ayum,"Turku, Nomads of the Silk Road"
134923,-Sut Ictim Dilim Yandi,"Turku, Nomads of the Silk Road"
134928,-Uskudara Gideriken,"Turku, Nomads of the Silk Road"
134929,-Agri Dagindan Uctum,"Turku, Nomads of the Silk Road"
134930,Mastoom Mastoom   Asmar Asmar,"Turku, Nomads of the Silk Road"
134931,-Anadolu Kavagi,"Turku, Nomads of the Silk Road"
134932,-Rampi Rampi,"Turku, Nomads of the Silk Road"
134933,-Misket,"Turku, Nomads of the Silk Road"
134934,-Saza Niye Glemedin,"Turku, Nomads of the Silk Road"
134935,-Yesilim,"Turku, Nomads of the Silk Road"
134936,-Drum Solo,"Turku, Nomads of the Silk Road"
134937,-Muhabet,"Turku, Nomads of the Silk Road"
134938,"-Ah, Bir Atas Ver","Turku, Nomads of the Silk Road"
134939,-Harman Dali,"Turku, Nomads of the Silk Road"
134940,-Aman Avci Vurma Mani,"Turku, Nomads of the Silk Road"
134941,-Bir Demet Yasemen,"Turku, Nomads of the Silk Road"
134942,-Macka Yollari,"Turku, Nomads of the Silk Road"
134943,Gushe Cheman,"Turku, Nomads of the Silk Road"
134947,-Kamar Barik,"Turku, Nomads of the Silk Road"
134948,-Shupe',"Turku, Nomads of the Silk Road"
134949,"-Olem Ben, Olem Ben","Turku, Nomads of the Silk Road"
134950,-Rumelaj,"Turku, Nomads of the Silk Road"
134951,-Antalyanin Mor Uzumu,"Turku, Nomads of the Silk Road"
134952,Lesgi,"Turku, Nomads of the Silk Road"
134956,Kaytagi,"Turku, Nomads of the Silk Road"
134959,Drum Solo,"Turku, Nomads of the Silk Road"
134962,Penceresi Yola Karsi,"Turku, Nomads of the Silk Road"
134967,Work Stories,talons'
134968,Rabbit,talons'
134969,A life in debt,talons'
134972,Had to Work,talons'
134973,Tired of IPAs,talons'
134974,My life is an endless outro,talons'
134978,Richmond,talons'
134979,Song for Bass VI and Joe Golden's Vibrochamp,talons'
134980,Growing Up (pt.1),talons'
134981,Growing Up (pt.2),talons'
134982,I. Allegro non molto,Gavin Gamboa
134983,II. Scherzo,Gavin Gamboa
134984,III. Lent,Gavin Gamboa
134985,IV. Vivace,Gavin Gamboa
134993,The slowest of days,SLP
134994,"Eventually, Hell'come",SLP
135004,Backwards,Aitänna77
135005,Bar the Door,Jackson Grimm
135006,Over the Branches,Jackson Grimm
135007,Us Below,Jackson Grimm
135008,Mrs. Tommy Lee,Jackson Grimm
135009,Marley Anne,Jackson Grimm
135010,Jenny,Jackson Grimm
135023,Collapse,Weird Kong
135027,Glory,Weird Kong
135028,L'herbe verte,Anga
135037,La grande lessive,Anga
135039,J'ai changé,Anga
135040,Le fruit,Anga
135041,Les ruches,Anga
135042,L'ours,Anga
135043,Babel,Anga
135044,Le diable,Anga
135054,Hari Karl (for Larry Eisenberg),Zena
135089,You Washed Your Face in a Mountain Stream,Akpatok
135091,Tree and Wind,Akpatok
135092,Eyes Free of Dust,Akpatok
135115,Längtan efter Kärlek (Out of Focus Mix),Ars Sonor
135116,Ascending With You,Ars Sonor
135117,My Angel,Ars Sonor
135118,Sirian Star (Self-Absorbed Mix by Syntactic),Ars Sonor
135210,Nightmare Animals,"Ak'chamel, The Giver of Illness"
135219,Karcığar Ud taksim,Ehl-i Keyif
135220,Karcığar Peşrev,Ehl-i Keyif
135221,Kerimoğlu Zeybek,Ehl-i Keyif
135222,Kadifeden Kesesi,Ehl-i Keyif
135223,Nihavent Oyun Havası,Ehl-i Keyif
135224,Nihavent Longa,Ehl-i Keyif
135225,Hicazkar ''Yağcılar'' Zeybek,Ehl-i Keyif
135226,Yegah Sirto,Ehl-i Keyif
135227,Rast Zeybek,Ehl-i Keyif
135228,Hüzzam Sazsemai ''Nargile'',Ehl-i Keyif
135229,Hüzzam Kanun Taksim,Ehl-i Keyif
135259,Improv no. 1,Kevin Kastning & Mark Wingfield
135336,Slow and Steady,Caleb Lemond
135337,The Dream and the Dreamer,Caleb Lemond
135338,The Coldest Winter,Caleb Lemond
135339,I Think From Now On,Caleb Lemond
135340,Kissing Scars,Caleb Lemond
135341,Evil Cannot Create,Caleb Lemond
135342,Outro,Caleb Lemond
135363,Breathe,Lamprey
135364,Colour,Lamprey
135365,Drowning Mud,Lamprey
135368,Faithless,Lamprey
135369,Grethel,Lamprey
135370,Happy,Lamprey
135371,Her,Lamprey
135372,Parasite,Lamprey
135373,Stuck Up,Lamprey
135374,The Grand Prize,Lamprey
135375,Through You,Lamprey
135571,The Foggy Dew,Zapa
135580,Johnny's Gone / Free & Easy,Zapa
135701,Candle In The Sky,Doobie
135702,The God Of The Sun,Doobie
135703,D.R.E.A.M,Doobie
135704,The Getaway,Doobie
135705,The Lonely Road Of Mr. Lo,Doobie
135807,Lie down back,Jimmy Penguin
135810,Water,Jimmy Penguin
135811,Light,Jimmy Penguin
135986,Fate,Marquice Turner
135987,Sometimes Things Don't Go As Planned,Marquice Turner
135988,Yeah Yeah feat. Negrosami,Marquice Turner
135989,Yo Yo Check It,Marquice Turner
135990,Daydreamin' feat. Knwlan Ryn,Marquice Turner
136048,Fiati E Labbra,Sinapsi
136049,Come Realtà,Sinapsi
136050,Insomnia,Sinapsi
136051,Ero,Sinapsi
136052,Eterea,Sinapsi
136053,Senza Pupille,Sinapsi
136054,Vertigo,Sinapsi
136084,Maria,Janneh
136085,Colours of life,Janneh
136086,Viaton,Janneh
136087,Unknown theme,Janneh
136088,Black Swan,Janneh
136089,Solveig's song,Janneh
136091,I Hate The Weekend,Tacocat
136092,You Can't Fire Me I Quit,Tacocat
136093,The Internet,Tacocat
136094,Talk,Tacocat
136105,Bury You,Raw Pony
136106,Coffee and Weed,Raw Pony
136108,Bo Diddley,Raw Pony
136109,Country Ripoff,Raw Pony
136111,I Wanna Bleed,Raw Pony
136112,Goin' Blank,Raw Pony
136113,Shattered (Bonus Uncensored Version),Raw Pony
136132,This Is NOT Gordon Lightfoot,Philippa Dowding and Allister Thompson
136134,Summer,Philippa Dowding and Allister Thompson
136135,Fall,Philippa Dowding and Allister Thompson
136136,Winter,Philippa Dowding and Allister Thompson
136137,Spring,Philippa Dowding and Allister Thompson
136138,The Fifth Season,Philippa Dowding and Allister Thompson
136273,Luxury Sedan,Holmes
136274,Hudson County,Holmes
136275,Here She Comes Tonight,Holmes
136276,Night Without Sleep (Instrumental),David Mumford
136318,Inspiration (I Won't Give Up On My Dream's),D SMILEZ
136319,Beautiful Rainforest,D SMILEZ
136320,Beach House Gateway,D SMILEZ
136321,Future World,D SMILEZ
136322,The Wonders of Summer,D SMILEZ
136323,We Did It! (Fulfillment Tune),D SMILEZ
136324,A New Step To Life,D SMILEZ
136331,Delirium,Kai Engel
136335,The Dream Of Universe,Maxim Kornyshev
136336,The Descent Into The Abyss,Maxim Kornyshev
136337,Evening Capital of World,Maxim Kornyshev
136338,Dance of the Martians (SynthStep Edit),Maxim Kornyshev
136339,Watermelon Land and Marmalade Crossbow,Maxim Kornyshev
136340,Time: disabled (Step by Step edit),Maxim Kornyshev
136341,CosmoPulse,Maxim Kornyshev
136400,Betray You,Castles in the Sky
136401,Panama,Castles in the Sky
136402,Eulogy,Castles in the Sky
136403,Whispers are Hollow Points,Castles in the Sky
136404,Tragic Prayer,Castles in the Sky
136420,Planet Pura,D SMILEZ
136424,Happy Dream's,D SMILEZ
136427,Midnight Stroll,D SMILEZ
136428,Sunset,D SMILEZ
136449,The Everyday People,McKinley Dixon
136455,Fabric,Oudeis
136457,A.M.,CRTVTR
136458,Can't Cope,Static Means
136462,Naima,Paracoelops
136463,Omerta,Fennec
136465,TheEnsuranceTrap featuring Tab (PMRC Mix),C-Doc
136466,Underground Press featuring Timezone LaFontaine (OG Mixx),C-Doc
136467,TheEnsuranceTrap (Tab's Instrumental),C-Doc
136468,Underground Press (OG Instrumental),C-Doc
136469,Don't (Bonus Non LP Track),C-Doc
136523,Innsmouth's Rustles,Zreen Toyz
136544,Heads or Tails,Keith Doom and the Wrecking Crew
136545,Unanonymous Alcoholics,Keith Doom and the Wrecking Crew
136546,NASAcar Racing,Keith Doom and the Wrecking Crew
136547,Dead Byrds,Keith Doom and the Wrecking Crew
136548,Potholes,Keith Doom and the Wrecking Crew
136636,Monitoring The Checkpoints Between The Mortal And The Eternal,Arcane Waves
136637,A day in the life of the haunted house,Arcane Waves
136705,Surfing,Tojamura 7
136706,Surf Forever,Tojamura 7
136707,100ft Wave,Tojamura 7
136708,Surf Riot,Tojamura 7
136709,Surf Poem pt.2,Tojamura 7
136710,It Came From Beneath Providence!/ Memory’s Victory At The End of the World,The Fucked Up Beat
136711,The Rouge Terror of Narragansett Bay/ Parks At Night Are Always Dangerous,The Fucked Up Beat
136712,Hypnotic Eye Induces Panic Near Greenwich/ A Dark Ridge On Google Earth,The Fucked Up Beat
136713,Terminal Mantis Invades Warwick/ Drag Empire Along Your Desires,The Fucked Up Beat
136714,Quonochontaug in Dreams/ We Lined Up To Say Goodbye,The Fucked Up Beat
136715,Authentic Vanishings in Pawtucket/ Overview Syndrome of Edgar Mitchell,The Fucked Up Beat
136716,The Horror from Winnapaug Lagoon/ The Slow Violence of Rising Waters,The Fucked Up Beat
136717,Woonsocket Sightings/  The Third Industrial Revolution As Told Through Her Last MRI,The Fucked Up Beat
136718,An Abduction In Lincoln Woods/  The Final Approach of Intermodal Facilities,The Fucked Up Beat
136719,The Incredibly Strange Creatures of Portsmouth/  The Cool Repose of Wilhelm Reich,The Fucked Up Beat
136877,Technopolis,No Way Out
136879,Radio-Active Waves,No Way Out
136882,Mountain of the Moon Side 1,Kraus
136883,Mountain of the Moon Side 2,Kraus
136887,Industrial Triumph,No Way Out
136888,Naval Technology,No Way Out
136893,Symphony of the Workers,No Way Out
136928,Micro Black Death,Resonancedj
136929,Visions,Resonancedj
136930,Redrum ( Part 1 ),Resonancedj
136933,Rellik,Resonancedj
136994,Hayvanlar Alemi - Equatorial Lies,Hayvanlar Alemi
136995,Shhjjjjjjj - El Palteado,Shhjjjjjjj
137013,Pie,half cocked
137049,Autobahn,S-B-J
137050,Bazille - Go Ballistic,S-B-J
137051,Be As Terror - Beast Error,S-B-J
137052,Much Not,S-B-J
137053,Obscurium Divides,S-B-J
137054,Oh My God,S-B-J
137117,A Pleasant Surprise (with 3bc),Zreen Toyz
137135,Dark Zone In My House,Zreen Toyz
137146,Frozen water,Cloudjumper
137147,Winds in fall,Cloudjumper
137148,Sublime,Cloudjumper
137149,A day above the clouds,Cloudjumper
137150,Mocking the gods,Cloudjumper
137151,Awakening,Cloudjumper
137152,The morning after,Cloudjumper
137166,Longing for Home (The Third Circle Mix),Ars Sonor
137167,Stargazing (Trekanten Mix),Ars Sonor
137168,Alcyone,Ars Sonor
137169,The Origin (Infinity Ahead),Ars Sonor
137170,Lemurian Forest,Ars Sonor
137171,Gaia (The Oneness),Ars Sonor
137172,The Frequency Shift,Ars Sonor
137173,Ascension,Ars Sonor
137174,The Journey Begins (Further Shift),Ars Sonor
137175,Ancient Wisdom,Ars Sonor
137176,"Remember (We Are Divine, We Are Immortal)",Ars Sonor
137178,swervle,beat.dowsing
137179,solace,beat.dowsing
137180,i dream with my eyes open,beat.dowsing
137181,frequency is your identity,beat.dowsing
137182,chocolate,beat.dowsing
137183,elo.hymn,beat.dowsing
137184,77,beat.dowsing
137198,1979,Punk Rock Opera
137199,Buy a Guitar,Punk Rock Opera
137200,The Bad Plants,Punk Rock Opera
137201,Frontal Lobe,Punk Rock Opera
137202,Reagan Shut Down the Asylums,Punk Rock Opera
137203,Ladies & Gentlemen,Punk Rock Opera
137204,Wax,Punk Rock Opera
137205,The Life & Death of Ricky Legend,Punk Rock Opera
137206,Reel to Real,Punk Rock Opera
137207,Study in Feedback,Punk Rock Opera
137208,Attack on Castle Marshall,Punk Rock Opera
137209,Devils in the Airwaves,Punk Rock Opera
137210,King of the Downstroke,Punk Rock Opera
137211,What Now?,Punk Rock Opera
137212,1984,Punk Rock Opera
137213,Guitars Clash,Punk Rock Opera
137214,Generation X,Punk Rock Opera
137273,Play Dead,Dinos Boys
137274,Bloody Carpet,Dinos Boys
137275,Be Low,Dinos Boys
137276,Knee High,Dinos Boys
137277,Catapult/Scab,Dinos Boys
137278,Hoovertown,Dinos Boys
137356,NAMAEWANAINAMAEGANAI,Urban Predator
137390,renegades,beat.dowsing
137391,non.time,beat.dowsing
137392,goodbye,beat.dowsing
137393,one becomes two,beat.dowsing
137394,it's up to you,beat.dowsing
137395,bird.tribe,beat.dowsing
137396,heatwave,beat.dowsing
137397,forbidden.territory,beat.dowsing
137398,undeniable.sequence,beat.dowsing
137399,rising.current,beat.dowsing
137400,microscope,beat.dowsing
137417,In the Morning,Monkey Mind
137418,All the Happy People,Monkey Mind
137419,The Party,Monkey Mind
137420,Walk a Mile with Me,Monkey Mind
137421,Hypocrisy (2004),Monkey Mind
137422,Put Out the Light,Monkey Mind
137423,My Baby's Love (Is Like the Sun),Monkey Mind
137424,Loser,Monkey Mind
137425,The King and the Queen,Monkey Mind
137426,Hey Little Queenie,Monkey Mind
137427,Digital Nation (edit),Aerologic
137428,Renaissance (edit),Aerologic
137429,Renegade (edit),Aerologic
137430,Jangle (edit),Aerologic
137431,Polar (remix featuring JMD),Aerologic
137432,Escapade (edit),Aerologic
137433,Transformation,Aerologic
137434,R2D2 (edit),Aerologic
137435,Neurotic (remix featuring Redmann),Aerologic
137436,Why Not (remix featuring Excelsior),Aerologic
137461,washed.out,beat.dowsing
137462,gurgle,beat.dowsing
137463,half a world away,beat.dowsing
137484,An Egg In The Piano Lost In The Box Of Nails,Zreen Toyz
137494,ASSOCIATE_ATROCITY_COORDINATOR,ODORBABY
137500,NORWEGIAN BLAST BEATS,ODOR BABY
137539,Dirge: but not,Tim Held
137541,"Ready, Set, Requiem",Tim Held
137542,Caterwaul Coda,Tim Held
137549,Live recording (performance waterhole),Lucille Calmel
137551,TimeLapse Speed Up,Tristan Horton
137552,Umzumbi TimeLapse,Tristan Horton
137556,Wires_Elf,Daniel Lea
137558,Mmabolela Son,Eric Mattson
137560,"4 Minutes, 18 Seconds Ago (Abandoned Farmhouse, Botswana, Dusk)",Gregory Kramer
137561,Voices,Luca Forcucci
137563,Thunder 112915,Robert Kellough
137564,Farewell (The Damaged One),Nattbussen
137565,No Limits,Nattbussen
137566,Standstill,Nattbussen
137567,The World Keeps Changing,Nattbussen
137578,Handicap Volcano,Dyslexic Fudgicle
137579,Can't You Feel Me Rockin'? (2006),Dyslexic Fudgicle
137581,Dradle of Ruth!,Dyslexic Fudgicle
137582,Pushing the President's Horse Down the Waterslide,Dyslexic Fudgicle
137583,Jagermonster,Dyslexic Fudgicle
137584,Rock n' Roll (2006),Dyslexic Fudgicle
137585,Blunted,Dyslexic Fudgicle
137586,Bootleggin' Octopus,Dyslexic Fudgicle
137587,Quadruple Amputee Manicure,Dyslexic Fudgicle
137588,Fetus Hat,Dyslexic Fudgicle
137589,Osiris,Dyslexic Fudgicle
137590,Dawn Leather (2015),Dyslexic Fudgicle
137591,Flight of the Grizzly (2015),Dyslexic Fudgicle
137592,Paris Hilton (2015),Dyslexic Fudgicle
137593,Rock n' Roll (2008),Dyslexic Fudgicle
137603,Going The Wrong Way,Sunshine and the Rain
137604,Can't Stop Thinking About You,Sunshine and the Rain
137605,Nobody Has To Know,Sunshine and the Rain
137606,More Than Lust,Sunshine and the Rain
137607,Too Much Too Soon,Sunshine and the Rain
137608,In A Dream,Sunshine and the Rain
137609,Little Rag Doll,Sunshine and the Rain
137624,You Can't Kill Me,The Sun Through A Telescope
137625,Everyday Is Like Black Hole Svnday,The Sun Through A Telescope
137627,I Die Smiling,The Sun Through A Telescope
137629,"It, Still",The Sun Through A Telescope
137630,The Bitten,The Sun Through A Telescope
137631,It's Cold But I'm Warm,The Sun Through A Telescope
137632,Mr. Yawning Infinity Chasm/SuperInfinity,The Sun Through A Telescope
137666,Electronic Colloquium,Zreen Toyz
137715,Leopard Girl,The Vivisectors
137716,Sunpowered Surfboard,The Vivisectors
137717,Zombie Spy,The Vivisectors
137718,Werewolf's Dungeon,The Vivisectors
137719,Shaman,The Vivisectors
137720,Road to Mexico,The Vivisectors
137721,Redemption,The Vivisectors
137722,Great Serpent,The Vivisectors
137723,Ghostly Island,The Vivisectors
137724,Russki Psycho,The Vivisectors
137725,Goddess of The Crossroads,The Vivisectors
137726,Security,First Catatonic Ensemble
137727,Felipe,First Catatonic Ensemble
137728,Hipsterism,First Catatonic Ensemble
137729,Gangeri,First Catatonic Ensemble
137730,Clutch The Pearls,Rye Coalition
137731,Pussy Footin,Rye Coalition
137732,Young Yellers,Rye Coalition
137733,The Lipstick Game,Rye Coalition
137734,The Higher The Hair The Closer To God,Rye Coalition
137735,One Daughter Hotter Than A Thousand Suns,Rye Coalition
137736,Stop Eating While I'm Smoking,Rye Coalition
137737,Communication Breakdance,Rye Coalition
137738,ZZ Topless,Rye Coalition
137739,White Jesus of 114th St,Rye Coalition
137740,We Ride,Rye Coalition
137836,Hates The Party,Long Beard
137837,Summer/Fall,Long Beard
137840,Turkeys,Long Beard
137863,Contact,Beverly
137864,South Collins,Beverly
137865,You Said It,Beverly
137866,Crooked Cop,Beverly
137873,vetronova,Vetronova
137874,turismo,Vetronova
137876,odea,Vetronova
137891,Kick featuring Flatline,C-Doc
137892,TheEnsuranceTrap featuring Tab,C-Doc
137893,Vintage featuring The Honorable Sleaze,C-Doc
137894,Freak of Nature featuring Badluck,C-Doc
137895,The Rebel featuring Cheese N Pot-C,C-Doc
137896,The Cafe featuring Donnie Ozone,C-Doc
137897,Xenia Flow '08 featuring Marcus J,C-Doc
137898,Press Rewind featuring Kyle Jason,C-Doc
137899,Underground Press featuring Timezone LaFontaine,C-Doc
137900,Far Gone (Acoustic) featuring DJ Def Chad,C-Doc
137901,Childhood Memories (DocSonic Mixx) featuring D3Zs,C-Doc
137905,Sun Light My Way,Matúš Novanský
137906,Would You Ever Be Mine,Matúš Novanský
137907,Sally,Matúš Novanský
137920,Mood Swing,Cellar Dweller
137921,For Joy,Cellar Dweller
137922,Chopditt,Cellar Dweller
137923,Shadow Play,Cellar Dweller
137924,Amelodic Knuckle,Anagramm
137925,Hermosa,Anagramm
137926,Distrikt II,Anagramm
137927,Tangerine Wisp,Anagramm
137928,Jessica 92,Chafouin
137929,02 - Funky cocotte,Chafouin
137933,Extreme noise terror 2,Chafouin
137935,Epic n' roll,Chafouin
137937,Bad bad dance on the floor,Chafouin
137939,La gorge,Chafouin
137940,John Charpentier,Chafouin
137941,La Pitch on the bad,Chafouin
137942,Quite Like Me,CRTVTR
137943,Dog Bones / Canossa,CRTVTR
137944,I Could Be Her,CRTVTR
137945,Wait!,CRTVTR
137946,Untold,CRTVTR
137947,Soil Guerilla,CRTVTR
137948,A.M.,CRTVTR
137949,To Care,CRTVTR
137950,Old Lovers,CRTVTR
137951,We Need Time,CRTVTR
137952,O My Hungry Self,CRTVTR
137988,Le voilier en papier mâché,Unique Comme Tout le Monde
137989,Avec mes couleurs,Unique Comme Tout le Monde
137990,L'amour ailleurs,Unique Comme Tout le Monde
137991,BOREAS,The Great Cold
137992,OREAD,The Great Cold
137993,CHIONE,The Great Cold
137994,AURAI,The Great Cold
137995,ORPHNE,The Great Cold
137996,ASTERIAI,The Great Cold
137997,NEPHELAI,The Great Cold
137998,EOS,The Great Cold
138007,Topsy's revenge,Jardin de la Croix
138008,Colorado springs,Jardin de la Croix
138010,Man made lightning,Jardin de la Croix
138011,SUOMI (MELODYCON REVERBERATING MACHINE MIX),AZ-Rotator + Jardín de la Croix
138012,SUOMI (EXTREME CUTTERTRANSPOSER PROCESS),AZ-Rotator + Jardín de la Croix
138013,JUNK SMELLS LIKE GARNET PT1 (SYNAESTHESIA REMIX),On3iric4 + Jardín de la Croix
138014,JUNK SMELLS LIKE GARNET PT2 (SYNAESTHESIA REMIX),On3iric4 + Jardín de la Croix
138015,Come Undone,Pierce
138016,If I Were You feat. Thompson,Pierce
138017,Sober Trip,Pierce
138018,No Ones Trophy,Christian Flanders
138019,Asleep,Christian Flanders
138020,Dream Prelude,Christian Flanders
138021,Evelyn's Dream,Christian Flanders
138022,Bruises,Christian Flanders
138023,Silas,Christian Flanders
138024,Her Tragedy,Christian Flanders
138025,Escape,Christian Flanders
138026,Black Hole (Remix),Christian Flanders
138038,Breaking Up,Massage
138039,Cleaners,Massage
138040,Seventeen,Massage
138041,Lydia,Massage
138042,31/12/00,Taulard
138044,Ville portuaire,Taulard
138045,Dans mes tempes,Taulard
138046,Les dangers du stop,Taulard
138047,Dans la roche,Taulard
138048,Pourquoi suis-je allé au Boom?,Taulard
138049,Impasse,Taulard
138050,Je les suis,Taulard
138051,Retour à phalanstère,Taulard
138052,Se sortir d'un faux pas,Taulard
138053,La nature se déchaîne,Taulard
138054,Illeson,Every Now and Every Then
138055,Hurted,Every Now and Every Then
138056,URMY,Every Now and Every Then
138057,Turtle Talk,Every Now and Every Then
138058,The Flicker Beneath my Eyelids,Every Now and Every Then
138059,Skeleton Me,Every Now and Every Then
138060,One Knife,Every Now and Every Then
138061,Bergwald Bergwald,Every Now and Every Then
138062,Dark Angel,Black Flamingo
138063,Winter Sun,Black Flamingo
138064,Down,Black Flamingo
138065,Zombie,Black Flamingo
138066,Drifting,Black Flamingo
138067,Electric Lady,Black Flamingo
138068,Heavy Life,Black Flamingo
138069,Places,Black Flamingo
138070,Together,Black Flamingo
138071,Black Bird,Black Flamingo
138116,Sorbet,half cocked
138117,Hot Buttered Rum,half cocked
138118,Key Lime Tart,half cocked
138119,Pudding Pop,half cocked
138120,Custard Pie,half cocked
138132,Is He Up Yet,Yrrow
138133,Tal,Yrrow
138134,Lights Out,Yrrow
138135,Modern Electronica,Yrrow
138136,Injured,Yrrow
138137,No Mercy,Yrrow
138138,Quick Reflexes,Yrrow
138203,Dumbo gets drunk,23 And Beyond The Infinite
138204,Days of dirty mirrors,23 And Beyond The Infinite
138205,Nobody's in the river,23 And Beyond The Infinite
138206,It isn't over,23 And Beyond The Infinite
138207,Dancing the light,23 And Beyond The Infinite
138208,Talkin' with...,23 And Beyond The Infinite
138209,Ariel and the rejected angels,23 And Beyond The Infinite
138210,Child sad eyes,23 And Beyond The Infinite
138211,Sons of cornucopia,23 And Beyond The Infinite
138212,Vintage (Tipper Loves Sleaze Extended 12 Inch Mixx) featuring The Honorable Sleaze,C-Doc
138213,Vintage (OG Mixx) featuring The Honorable Sleaze,C-Doc
138215,Freak of Nature (Time Out Dubb),C-Doc
138216,Vintage (Party Rock Instrumental),C-Doc
138217,SpaceDoubt (Previously Unreleased),C-Doc
138218,Freak of Nature (Remixx) featuring Badluck,C-Doc
138256,"Rock, Paper, Scissors, Shoot",Metek & Zreen Toyz
138260,Rising Terror,Metek & Zreen Toyz
138262,Through The Eyes Of A Child (Bonus Track),Metek & Zreen Toyz
138263,Fractured Sounds - Electro Zreentoyzed Version (Bonus Track),Metek & Zreen Toyz
138274,I Can't Believe,Death By Unga Bunga
138275,Best Friends,Death By Unga Bunga
138276,Tell Me Why,Death By Unga Bunga
138277,I Can't Hide,Death By Unga Bunga
138278,Lady Fondue,Death By Unga Bunga
138279,Strangers In The Sky,Death By Unga Bunga
138280,Don't Go Looking For My Heart,Death By Unga Bunga
138281,Wish I Didn't Know,Death By Unga Bunga
138282,Young Girls,Death By Unga Bunga
138291,Take It As It Comes,Wimps
138292,Nap/ Repeat,Wimps
138293,"Weird Walkin'/ Massive Confusion/ Black Lodge, Dead Moon Night",Paint Fumes
138297,Puddle Of Blood/ School Days,Paint Fumes
138298,A Little Hell From My Friends,Drag Sounds
138299,Out All Night For Love,Drag Sounds
138300,Let It Me,Drag Sounds
138301,Don't To The Music,Drag Sounds
138302,Blessed Style,Drag Sounds
138303,One Across,Drag Sounds
138304,Blech Ugh/ 69/ Third Eye,Wahyas
138305,Polarized Vision/ No Time,Wahyas
138306,Gotta Run,Wahyas
138311,Down At The Beach,Big White
138312,Dinosaur City,Big White
138313,She's Anybodys Girl,Big White
138314,How Did You Find Out,Big White
138315,Most Of The Time,Big White
138316,Right Before Everything Dies,Big White
138317,Teenage Dreams,Big White
138318,Whatever Happens In The Night,Big White
138319,You Don't Get Much,Big White
138320,I Can't Tell,Big White
138342,Le briseur de routines,Charles premier & Zreen Toyz
138347,Bruissements de rêves,Charles premier & Zreen Toyz
138348,#MyFriendIsHipster,Angstbreaker
138349,L.S.I.A.,Angstbreaker
138350,Stomping On Your Grave,Angstbreaker
138351,2/3 Straight Edge,Angstbreaker
138353,terza,Cervo
138354,prima,Cervo
138355,seconda,Cervo
138406,Fair,Derek Clegg
138407,Who Needs Friends,Derek Clegg
138408,Bigger,Derek Clegg
138409,Laid Back,Derek Clegg
138410,Only Love,Derek Clegg
138411,Cause They See Us,Derek Clegg
138412,Normally,Derek Clegg
138413,Frozen,Derek Clegg
138414,Reaching Out,Derek Clegg
138415,Like New,Derek Clegg
138416,"Egypt, Maybe Rome",Derek Clegg
138480,Sweet Raw,Rod
138484,El Colgado,Arce
138486,The Origin (Infinity Ahead),Ars Sonor
138489,Dispersion,Reier
138506,01 Seguirsi nell'ombra,NITWIT
138511,Fuck to my Romagna,NITWIT
138578,the endless corner,harmonic defiance
138579,everything is love,harmonic defiance
138580,airtight,harmonic defiance
138581,sunface,harmonic defiance
138582,tirtha,transient
138583,mycrow,transient
138584,tablerock,transient
138585,9 cornered,transient
138586,without you,transient
138659,Ambiance de cuivres,Berthelot
138732,moonbeats,transient
138733,a perfect spring day,transient
138734,the path,transient
138735,cure for the common cold,transient
138736,conduit,transient
138737,free energy,fascinating earthbound objects
138738,m45,fascinating earthbound objects
138739,marigold,fascinating earthbound objects
138740,moonsun,fascinating earthbound objects
138917,Sulla Costruzione Del Ponte Sull'Adda,Billy Torello
138918,Notturno,Billy Torello
138925,Airaid,Austin Smith
138929,Whitney Live,Austin Smith
138930,Broch,SLP
139001,DANGEROUS PARDON,ODORBABY
139003,Cloudburst,Kai Engel
139043,Be Electric,Rockit Maxx
139059,Meyerbeer - Hirtenlied,"Alavedra, McColl, Levine"
139060,Gaveaux - Polacca (from Le Trompeur Trompe),"Alavedra, McColl, Levine"
139061,Spohr - Sechs Deutsche Lieder - Sei Still Mein Herz,"Alavedra, McColl, Levine"
139062,Spohr - Sechs Deutsche Lieder - Zwiegesang,"Alavedra, McColl, Levine"
139063,Spohr - Sechs Deutsche Lieder - Sehnsucht,"Alavedra, McColl, Levine"
139064,Spohr - Sechs Deutsche Lieder - Wiegenlied,"Alavedra, McColl, Levine"
139065,Spohr - Sechs Deutsche Lieder - Das Heimliche Lied,"Alavedra, McColl, Levine"
139066,Spohr - Sechs Deutsche Lieder - Wach Auf!,"Alavedra, McColl, Levine"
139106,(Armed) Transitions,Youth Code
139108,Avengement,Youth Code
139109,The Dust Of Fallen Rome,Youth Code
139110,What Makes A Man?,Anthony Pasquarosa
139111,Buried Temples Beneath The Sea,Anthony Pasquarosa
139112,Excerpt From The Symbol Of All Things,Anthony Pasquarosa
139117,Cool Kids,Shana Falana
139119,Brainy Fox,Shana Falana
139120,Heavenstay,Shana Falana
139121,Go,Shana Falana
139122,Shine Through,Shana Falana
139123,Cloud Beats,Shana Falana
139144,Pure Oxygen (Part 1),Mike B. Fort
139145,Pure Oxygen (Part 2),Mike B. Fort
139172,Radar,Arce
139173,Liquido,Arce
139174,El Colgado,Arce
139225,A Tear Is Falling Down,Mike B. Fort
139226,Life In Bloom,Mike B. Fort
139232,(All I Want To Know Is When You're) Coming Home,David Nance
139233,Unamused,David Nance
139234,Isn't That The Case,David Nance
139235,When I Saw You Last Night,David Nance
139236,Pure Evil,David Nance
139323,The Ides,dadala
139325,Surface Tension,dadala
139329,At The Leaving Star Lounge,dadala
139330,Euclids Ukulele,dadala
139331,March,dadala
139332,The Bush Organ,dadala
139333,Preaching To The Choir,dadala
139363,Early Warning System,The Unspeakable Practices
139369,Of A,The Unspeakable Practices
139414,Das Café am Teutoburger Platz (Good 2 The Last Drop),Sean Derrick Cooper Marquardt
139458,Ne Znaju Kuda,Dlina Volny
139459,Black Case,Dlina Volny
139460,Howling,Dlina Volny
139461,Volny Dlina,Dlina Volny
139484,Lunga Blockera,Bisamråtta
139485,Hud Uppfatta,Bisamråtta
139486,Mun Kyss,Bisamråtta
139487,Plexus Solaris,Bisamråtta
139488,Hjärta Riva,Bisamråtta
139489,Bröstkorg Öppna,Bisamråtta
139490,Ögon Stänga,Bisamråtta
139491,Öron Ignorera,Bisamråtta
139520,No Consequence,Itasca
139521,Angel,Itasca
139522,Henfight,Itasca
139523,The Hermit's View,Itasca
139524,Layman's Banquet,Itasca
139525,Beneath Fields,Heron Oblivion
139528,Your Hollows,Heron Oblivion
139529,Faro,Heron Oblivion
139532,Improvisation,Dave Nelson
139533,Southbound,Dave Nelson
139534,Freeway,Dave Nelson
139535,Brother Rikard,Dave Nelson
139536,Whale Lines,Dave Nelson
139537,Ride My Bike,Dave Nelson
139584,Coral D,Logan Takahashi
139589,Orb-O,Logan Takahashi
139626,gb intro,transient
139627,time slips away,transient
139628,green butter,transient
139629,it's a beautiful day outside,transient
139630,pithap,transient
139631,whck,transient
139632,depthgroove,transient
139633,can't stop my smile,transient
139634,taming content,transient
139635,gb outro,transient
139637,areopagitica,aboombong
139638,arabesque,aboombong
139663,AVIATION CRAB ORCHESTRA (MIDI SANS FRONTIERS),ODOR BABY
139681,nxI2016-06-23_23_57_37-A-2016-06-24_00_25_34,Miquel Parera & Computer
139685,nxI2016-06-30_04_56_08-A-2016-06-30_05_19_20,Miquel Parera & Computer
139686,nxI2016-06-30_04_56_08,Miquel Parera & Computer
139687,nxI2016-06-30_04_56_08-A-2016-06-30_05_07_10,Miquel Parera & Computer
139688,nxI2016-06-30_04_56_08-A-2016-06-30_05_13_15,Miquel Parera & Computer
139718,Club Roxbury,D SMILEZ
139719,Drumline Anthem,D SMILEZ
139720,Finding Love,D SMILEZ
139721,Lost In The Music (D-Smilez Mix),D SMILEZ
139722,Hit The Dance Floor,D SMILEZ
139723,Let You're Body Move,D SMILEZ
139724,Techno Dance Club,D SMILEZ
139725,Sadistic (Shuffle Dance),D SMILEZ
139726,Underground Dance Club,D SMILEZ
139727,The Final Battle (Tron Style),D SMILEZ
139728,"Space Funk, Baby (The Space Dandy Way)",D SMILEZ
139729,We Are The Ravers,D SMILEZ
139765,I. Si ça continue comme ça je ne donne pas cher de moi..,Otaké
139766,II. Anarchissimo,Otaké
139767,III. C.T.E.,Otaké
139768,IV. Autour du monde,Otaké
139769,V. Juste une chanson Punk,Otaké
139770,VI. Mouton R.A.I.D.,Otaké
139771,Count Of Tuscany,Evgeny Teilor
139772,Way Out Of This,Evgeny Teilor
139773,Don't Leave The Door Open,Evgeny Teilor
139774,City Hero,Evgeny Teilor
139775,Into The Forest Of The Fall,Evgeny Teilor
139776,Unveiling Soul,Evgeny Teilor
139777,Runaway,Evgeny Teilor
139792,FALCON HEIGHTS SHOOTING,ODORBABY
139804,AVIATION CRAB ORCHESTRA (FALCON HEIGHTS SHOOTING),ODORBABY
139844,01 Rose Citadel,People Skills
139862,The Adventures of Dr. Honeyberry,TippWerk
139875,nxI2016-07-08_05_04_18-A-2016-07-08_05_19_36,Miquel Parera & Computer
139876,nxI2016-07-08_05_04_18-A-2016-07-08_05_26_44,Miquel Parera & Computer
139904,Fool Factor 5000,half cocked
139925,Dope,half cocked
139933,Intro,Resonancedj & Giulio Maddaloni
139934,Fasten your seatbelt,Resonancedj & Giulio Maddaloni
139935,Kevlar Boyz,Resonancedj & Giulio Maddaloni
139936,Particel Size,Resonancedj & Giulio Maddaloni
139937,Speleology,Resonancedj & Giulio Maddaloni
139948,Holy Water,E T I L E
139949,The mask is the task,E T I L E
139950,Target,E T I L E
139951,Fourth delight,E T I L E
139952,Strike,E T I L E
139953,Newfangled point of view,E T I L E
139954,Fin,E T I L E
139990,Echochambers,Resonancedj
139991,Open Sea,Resonancedj
139992,Intro Paradise,Resonancedj
139993,The Cavern,Resonancedj
139994,Into the Night,Resonancedj
139995,Special K,Resonancedj
139996,Satellites and Waterfalls,Nihilore
139997,Moonlit Skyline,Nihilore
139998,The Dining Dead,Nihilore
139999,Semantic Satiation,Nihilore
140000,As Nihilism Gives Way To Existentialism,Nihilore
140001,Captain Socrates,Nihilore
140002,"Aquamarine, My Distant Blue",Nihilore
140003,The Origination,Nihilore
140004,What Lurks in the Blind Spot of a God?,Nihilore
140005,Let's Make a Memory,Nihilore
140043,Miss You Miss Mew,The Blessed Cassettes
140044,Is It Wrong To Throw Away Art? (feat. SSTL),The Blessed Cassettes
140046,Midnight's Foggy Fuse,The Blessed Cassettes
140119,Fool,half cocked
140120,REALLY OLD DISCARDED SONIC YOUTH THING,ODORBABY
140134,Acid,Remain
140135,Alert,Remain
140194,Muscle of Love,half cocked
140195,Heart of The City,half cocked
140197,Sheer Heart Attack,half cocked
140247,Stupid,half cocked
140258,Nature And God,Illusory Scapes
140259,Wait For My Shadow,Illusory Scapes
140260,Alleviation,Illusory Scapes
140261,Cries Of Your Love,Illusory Scapes
140262,Heartbeat Feeling,Illusory Scapes
140263,Dance Of My Imagination,Illusory Scapes
140266,Coco,Jorge Mario Zuleta
140267,Promena,SATIR
140274,Elegant Culture,BLACK MARINE & METER BRIDGE
140277,Moj pad,LANGUAGE.SEX.VIOLENCE feat Vladimir Popović
140288,Arabica,MATIJA MALATESTINIC
140290,Trumpets & Bookmarks,MONAMIE
140293,Dinosaurus Left The Party,WHEADY MILE
140296,Hoba,JAYUS JAZZ
140299,Ouroboros,GhoulCut
140301,"Hiden Aggression, Inner Rage",THIRD I
140303,Interlude A,KSEA
140304,Raspori kurvu,AZIMETRUUM
140305,Prodavnica kaseta,Lezet
140306,To Be Discontinued,IVAN PEJOVIĆ
140315,nxI2016-07-12_00_20_40-A-2016-07-12_03_51_35,Miquel Parera & Computer
140316,nxI2016-07-12_00_20_40-A-2016-07-12_04_00_24,Miquel Parera & Computer
140317,Cellscape,Seclorance
140318,Gross-Rubik-Poplawski Paranomia,Seclorance
140319,Adonai,Seclorance
140320,Colossus,Seclorance
140321,Dir,Seclorance
140322,Strangel,Seclorance
140323,Second Enlightenment,Seclorance
140324,Flashback,Seclorance
140329,Windowpane,Seclorance
140330,Rubbish,Seclorance
140331,Representer,Seclorance
140332,Glass,Seclorance
140333,Tarsus II,Seclorance
140334,Rls,Seclorance
140335,Biomodification,Seclorance
140336,Neural Interface,Seclorance
140337,Tarsus,Seclorance
140338,Wind of Changes,Seclorance
140339,Machiotil,Seclorance
140340,Teneyeyecoitiliztli,Seclorance
140341,Xinachtli,Seclorance
140342,Cemanahuatl,Seclorance
140343,Tocatl,Seclorance
140344,Ohtli,Seclorance
140345,Ništa,NEMANJA VELIMIROVIĆ
140347,Critical Condition,ATC
140363,willie headturner,Ant The Symbol
140365,me and the ghost,Ant The Symbol
140366,no reply,Ant The Symbol
140367,too tired,Ant The Symbol
140368,drag,Ant The Symbol
140369,four hours,Ant The Symbol
140370,urban infitters,Ant The Symbol
140371,teen scream,Ant The Symbol
140372,night is the enemy,Ant The Symbol
140373,stay up,Ant The Symbol
140374,imagine yourself here,Ant The Symbol
140375,the color green,Ant The Symbol
140376,i used to have some concept of time,Ant The Symbol
140377,new feel,Ant The Symbol
140378,boxed courage,Ant The Symbol
140379,the room upstairs,Ant The Symbol
140380,the mistake i made,Ant The Symbol
140383,Quit The World,Bad Ronald
140384,Destroy,mGee
140385,MK31,mGee
140386,"Dark, Cold & Inhospitable",mGee
140387,Bonus Destruction,mGee
140419,Pretty Vacant,half cocked
140421,Astronaut,Rom-Comm
140506,Ghabi Ghabi,half cocked
140561,builder,transient
140562,device,transient
140563,chasm,transient
140564,badonk,transient
140565,pretend your happy,transient
140566,thoughts,transient
140576,I Think I'm a Ghost,Ed Schrader's Music Beat
140579,St. John's Cemetery,Secret Lover
140583,Swimming,Arc Iris
140584,Haiti Mali,Sidy Maiga
140587,Outro,Lovesick
140601,Banana Run (SKOL Remix),Donnie Ozone
140602,Banana Run (Original Mix),Donnie Ozone
140606,Something To See (De Vries Instrumental),Donnie Ozone
140607,Something To See (De Vries Acapella),Donnie Ozone
140609,Back To It (w/ Daddy-O of Stetsasonic),The Impossebulls
140610,Before The Devil Knows You're Dead,The Impossebulls
140611,Never Met A Mic,The Impossebulls
140612,Debt (Parts 1 & 2),The Impossebulls
140613,Brothers,The Impossebulls
140614,Heroes,The Impossebulls
140615,Who Killed The Cactus?,The Impossebulls
140616,Hit Me With A Hit (Parts 1 & 2),The Impossebulls
140617,Bleeding Envy,The Impossebulls
140618,Blood On The Sidewalk,The Impossebulls
140619,Bad Cop (7inch Mixx),The Impossebulls
140620,Bad Cop (Instrumental),The Impossebulls
140621,Back To It (12inch Mixx),The Impossebulls
140622,5 x 5 (12inch Mixx),The Impossebulls
140623,The More Things Change,The Impossebulls
140624,5 x 5 (Doc's Bay Bridge Mixx),The Impossebulls
140625,Back To It (12inchstrumental),The Impossebulls
140626,No Country For Old Men (D's Muddy Water Breakfix Mixx),The Impossebulls
140788,Souk Amour,NaDa BaBa
140789,Cut In The Real,NaDa BaBa
140790,Rabat Blues,NaDa BaBa
140791,Sam's Song,NaDa BaBa
140792,Damaged Dream Repair,NaDa BaBa
140794,Sydney City Rain,NaDa BaBa
140838,Temps Perdu,River Cult
140839,Likelihood Of Confusion,River Cult
140871,Midnight Cowboy,Sylvie Simmons
140872,Moon Over Chinatown,Sylvie Simmons
140873,Nothing,Sylvie Simmons
140874,Hard Act To Follow,Sylvie Simmons
140875,You Are In My Arms,Sylvie Simmons
140922,Morning Bell,Nihilore
140923,Whispers Invoke Paranoia,Nihilore
140924,Authenticity,Nihilore
140925,Set Fire to Creation,Nihilore
140926,A Different World By Night,Nihilore
140927,The Other,Nihilore
140928,Laconic,Nihilore
140929,Dasein,Nihilore
140930,Kadupul,Nihilore
140932,"10,000 People Chanting, ""I'm an Individual""",Nihilore
140933,Evening Drum,Nihilore
140934,The Absurd,Nihilore
140935,Fly Blackbird Fly : rewrite,-ono-
140939,So Sad : rewrite,-ono-
140941,Seven,Dexter Britain
140942,Happy Together,Dexter Britain
140943,Sleepless Nights,Dexter Britain
140944,Lost in Light,Dexter Britain
140945,Ink,Dexter Britain
140946,Juncture,Dexter Britain
140948,Late Mornings,Dexter Britain
140949,Dance For One,Dexter Britain
140950,Lifted,Dexter Britain
140951,Opus 04,Dexter Britain
140952,Transpire,Dexter Britain
141059,drango,Jimmy Penguin
141063,lazy steps,Jimmy Penguin
141074,Piscoid,Andy G. Cohen
141076,INNOCENT_SEX_BYSTANDER,ODORBABY
141115,Noise_Machine,dustmotes
141121,Soulbox,dustmotes
141122,Plainsong,dustmotes
141134,Les Oiseaux De Valheyda,Michael Brückner
141135,The Goddess Of The Amber Trees,Michael Brückner
141136,Tala Magna,Michael Brückner
141137,Valkoire,Michael Brückner
141138,This Fading Memory - Part 1,Michael Brückner
141139,Salam'ander,Michael Brückner
141141,Island,Michael Brückner
141143,Flüchtig,Michael Brückner
141144,Land Legs,Andy G. Cohen
141157,01 WHATS NEW,godmanwho
141158,02 SPECIAL,godmanwho
141159,03 SSP,godmanwho
141160,04 SLIGHT BUTTERFLIES,godmanwho
141161,05 GUINEVERE,godmanwho
141162,06 TOP STAG,godmanwho
141163,07 STILL PACKING,godmanwho
141164,08 BEATEN TRACK,godmanwho
141165,09 GET ON IT 10 HOURS,godmanwho
141166,10 LIKE LOATHE OR LOVE IT,godmanwho
141167,11 DAY OFF TOTALLY ON IT NO SERIOUSLEY,godmanwho
141168,12 BIG WHOOP,godmanwho
141170,Cinco,Corazones service
141171,Dos,Corazones service
141172,Cuatro,Corazones service
141173,Seis,Corazones service
141179,Stay,Simple CUT
141180,Stay (Raspatory Remix),Simple CUT
141181,Stay (Teknique Remix) (Featuring Jeff Barringer),Simple CUT
141182,La Nuit de l'horizon,Simple CUT
141228,Nerwin Knoblocker,half cocked
141230,Still rolling the egg,Krayb David
141231,Glitch pipe,Krayb David
141264,AVIATION CRAB ORCHESTRA (LEA BY SEA TONE),ODORBABY
141282,Rogue Planet,Kevin Hartnell
141283,Razor Strap,Kevin Hartnell
141284,Tree of Tears,Kevin Hartnell
141285,Reflections,Kevin Hartnell
141286,A Journey,Kevin Hartnell
141287,Across the Sky,Kevin Hartnell
141288,Cells,Kevin Hartnell
141289,Disruptor,Kevin Hartnell
141290,Podcast Theme,Kevin Hartnell
141291,Rolling Seasong,Kevin Hartnell
141292,Earth and Stone,Kevin Hartnell
141293,Circles of Black and Red,Kevin Hartnell
141295,Silver and Cold,Kevin Hartnell
141296,The 13th Nocturne,Kevin Hartnell
141297,Climbing Pulse,Kevin Hartnell
141299,Interlude #13,Kevin Hartnell
141300,The Dream Sequence,Kevin Hartnell
141303,Dark Wave,Kevin Hartnell
141304,Gone,Jules
141310,Memories (ft. Lotta Rasva),Jens East
141331,Stuck on a Wall,half cocked
141368,#MakeAChange,K.I.R.K
141369,Back Against Interlude,K.I.R.K
141370,Carry,K.I.R.K
141371,Cold Days,K.I.R.K
141372,Lyrically Spoken,K.I.R.K
141373,Righteous Way,K.I.R.K
141374,T.H.e.Y,K.I.R.K
141375,Truth,K.I.R.K
141392,The Bombardier,half cocked
141394,Dr Mudd,half cocked
141412,I Wanna Do It,Sonny & The Sunsets
141413,The Hospital Grounds at Night,Sonny & The Sunsets
141414,Check Out,Sonny & The Sunsets
141415,White Cops on Trial,Sonny & The Sunsets
141416,Mondrian,Sonny & The Sunsets
141434,Sortie,half cocked
141561,Please Listen,Yshwa
141562,I Think I Can,Yshwa
141563,What They Sayin,Yshwa
141564,Silver Haze,Yshwa
141565,Bakery,Yshwa
141566,Dope Man,Yshwa
141567,Getting Nowhere,Yshwa
141568,Basic,Yshwa
141569,To Be,Yshwa
141590,Dub Mirror,Mikuś
141591,From Ever Since,Mikuś
141592,Brockley Skank,Mikuś
141593,Temple Ball,Mikuś
141594,Dub For Gaza,Mikuś
141616,Born,Barbarix
141617,The Secret Garden,Barbarix
141618,Madeena Luithea,Barbarix
141619,When Night Falls,Barbarix
141735,In Tune - Remix 2 (2017 brand new!),Kellee Maize
141842,Carrie,French Vanilla
141843,Thru The Earth,French Vanilla
141845,Side A - Jaune de Naples,BCBG
141847,Bonus - Astral Cities,BCBG
141848,Bonus - Jaune de Naples - Yugo Solo Remix,BCBG
141849,Creep,A Giant Dog
141853,Sex&Drugs,A Giant Dog
141854,& ROCK & ROLL,A Giant Dog
141856,Photograph,A Giant Dog
141857,Sleep When Dead,A Giant Dog
141869,The Void,Remain
141870,Breakthrough,Remain
141871,Remain,Remain
141872,Ad Astra,Remain
141873,Refinery,Remain
141874,Digimetery,Remain
141875,Acoustic Unleashed,Remain
141876,Warmer,Andy G. Cohen
141877,I,Nocturnal Mayhem
141878,II,Nocturnal Mayhem
141892,I,Inflammator
141893,II,Inflammator
141894,Descent,Gorevenge
141895,Condemned (Version),Inflammator
141901,Tinderstix and Russian River,We Is Shore Dedicated
141902,Hale Ze,We Is Shore Dedicated
141903,Ne Ve Rew,We Is Shore Dedicated
141967,1.Dévisage,BCBG
141968,2.White Trees,BCBG
141969,3.Glass Talk,BCBG
141970,4.Mourir à Rio,BCBG
141972,Despairphonics,Sgntronics
141975,Water Cult / Advance To Kill,Sgntronics
141990,5.La Décadence Orchestrée,BCBG
141997,Flak Attack,half cocked
142078,OOOTHERSIDE - Best Wishes,Mike B. Fort
142079,OOOTHERSIDE - Crystal Air,Mike B. Fort
142080,OOOTHERSIDE - Liquid Paper,Mike B. Fort
142081,OOOTHERSIDE - This Time,Mike B. Fort
142082,no emotions,SK
142083,Still Living,SK
142084,All of me,SK
142085,On the daily,SK
142086,Pennies For My Thoughts,SK
142087,Runnin out of time,SK
142088,Stop and go,SK
142089,The Statement,SK
142091,WAITING FOR THAT MOMENT,SK
142092,woke up feeling blessed,SK
142093,"Lights, it was you and I",SK
142094,Night train,TRG Banks
142096,Interchange,TRG Banks
142097,The town where Dave lived,TRG Banks
142098,Lake in the woods,TRG Banks
142099,Recoil,half cocked
142122,One Time,1-800-Band
142123,Other People,1-800-Band
142125,She's Gone Missing,1 800 Band
142126,Rhubarb Kids,1 800 Band
142127,Jackie's Wrong,1-800-Band
142128,Diver Blue,1-800-Band
142129,It's Clearing Now,Brigid Mae Power
142131,How You Feel,Brigid Mae Power
142132,Sometimes,Brigid Mae Power
142133,Lookin' at You in a Photo,Brigid Mae Power
142144,Watch Your Back,The Coathangers
142145,Dumb Baby,The Coathangers
142147,Burn Me,The Coathangers
142148,Nosebleed Weekend,The Coathangers
142149,Down Down,The Coathangers
142150,Squeeky Tiki,The Coathangers
142291,NagX3 featuring Phil Cass,Animals & Men
142292,Driving Stupid Featuring Rachel,Animals & Men
142294,Just a Dot,Animals & Men
142296,John of the Sword,Animals & Men
142297,Oh Death (traditonal),Animals & Men
142298,I Want You,Animals & Men
142299,I (Convulsive version),Animals & Men
142300,Easy Riding,Animals & Men
142302,Shellshock 2003 Featuring Phil Cass,Animals & Men
142303,Rideau Cancel,ROW
142306,Diamonded,ROW
142307,Sun House,ROW
142358,5 x 5,The Impossebulls
142359,FutureBACK,The Impossebulls
142360,God's Radio Hell,The Impossebulls
142361,Bad Cop,The Impossebulls
142362,"Revolution 88 (Parts 1, 2 & 3)",The Impossebulls
142369,Danza Cortés,Albufera
142372,Calavera,Albufera
142373,El Olivar ( Las Ruinas ),Albufera
142374,Opening,Edgardo Moreno
142375,2nd part,Edgardo Moreno
142376,KM duet,Edgardo Moreno
142377,MZ duet,Edgardo Moreno
142378,Karen Ending solo,Edgardo Moreno
142379,Ending,Edgardo Moreno
142381,House club track,Edgardo Moreno
142389,Klvntjes II,Ryvulet
142391,Upon Awakening,Sioum
142392,Pillars,Sioum
142393,Pillars (Among Us),Sioum
142394,Shift,Sioum
142395,Drifting Away,Sioum
142396,Chambers,Sioum
142397,Lapse,Sioum
142398,Continuum,Sioum
142399,Fields,Sioum
142400,Fields (Ocean of Silence),Sioum
142401,Pulse,Sioum
142402,Collapse,Sioum
142411,Pece,Tomydeepestago
142412,Grafite,Tomydeepestago
142413,23:45,Tomydeepestago
142414,Monster,Tomydeepestago
142415,541,Tomydeepestago
142417,Nero,Tomydeepestago
142418,Neve,Tomydeepestago
142433,Above Birmingham,TRG Banks
142452,the center of it all,transient
142453,heart,transient
142454,fin,transient
142455,lake,transient
142456,meltdown walk,transient
142457,spooky outro,transient
142458,tubby song,transient
142459,calm song,transient
142460,nostalgic song,transient
142461,generic song,transient
142462,furry cat song,transient
142506,The Forge,Miët
142507,Angst,Miët
142510,The Earthquake,Miët
142511,Ratatatatouille,Miët
142512,Púca,Miët
142515,Greet Me,Jacket Thor
142516,1990,Jacket Thor
142517,Summer Sinners,Jacket Thor
142518,My Patron Saint [bonus tune!],Jacket Thor
142519,This Morning's Preacher [bonus tune!],Jacket Thor
142528,Aurora,The Bribe and the Mockery
142529,At the Carnival,The Bribe and the Mockery
142530,Ships,The Bribe and the Mockery
142531,You Will Be Ok,The Bribe and the Mockery
142532,Unless You Trade,The Bribe and the Mockery
142533,Bestial,Terratombats
142534,Hereus de mala vida,Terratombats
142535,L'amic invisible,Terratombats
142536,El iaio,Terratombats
142537,Atura el temps,Terratombats
142538,El mig amic,Terratombats
142539,Vull viure d'aventures,Terratombats
142549,My Best Searching Travel,Rony Friedman
142550,Locate,Rony Friedman
142551,Arms,Rony Friedman
142552,Come to Me,Rony Friedman
142553,Full of Beliefs,Rony Friedman
142554,Highlands,Malaïse
142555,Home,Malaïse
142556,Hollow,Malaïse
142557,The Screen,Malaïse
142558,Terribly Wrong,Malaïse
142559,Dreaming,Malaïse
142560,Dance all Night,Malaïse
142561,Gold Teeth,Malaïse
142562,Killing Buddies,Malaïse
142563,Heart of Darkness,Malaïse
142564,Reggae life,GOYMAMBA
142565,Turn your light,GOYMAMBA
142566,Criminal,GOYMAMBA
142567,Fell it,GOYMAMBA
142568,Wanna live my life,GOYMAMBA
142569,Back to reality,GOYMAMBA
142570,Weekend,GOYMAMBA
142571,Senegal,GOYMAMBA
142572,Forgivenees,GOYMAMBA
142573,Down down down,GOYMAMBA
142574,Las cosas más grandes,La Flor del Otro
142575,Libre,La Flor del Otro
142576,Borracha,La Flor del Otro
142577,La Tribu de la Tierra,Free Soul School Switzerland
142579,SwingatOmique,Free Soul School Switzerland
142588,Ignite,Rue de Prague
142589,The Vessel,Rue de Prague
142590,Snakes and Witches,Rue de Prague
142591,How to Sublimate,Rue de Prague
142592,Headlong Rush,Rue de Prague
142612,Big Shot,half cocked
142641,Goodbye Machineryhead,TRG Banks
142666,Floridian Fighting Bear,J1*
142668,Fox 103,J1*
142669,Mello Hello,J1*
142670,Crispy Roses,J1*
142671,Silverdirt,J1*
142672,Fireheart,J1*
142674,Little Snub Nose,half cocked
142932,Imaginary Cloud,Safir Nou
142933,Land-escape,Safir Nou
142934,Magazines,half cocked
142947,Eyes All Over Town,Mrs. Magician
142948,Forgiveness,Mrs. Magician
142949,Spells,Mrs. Magician
142950,Reborn Boys/ Nightlife,Mrs. Magician
142965,On and On/Laying on a Bed of Roses,The Muffs
142966,Won't Come Out To Play,The Muffs
142967,Red Eyed Troll,The Muffs
142969,I Need A Face,The Muffs
142970,Just A Game,The Muffs
143020,Footrace trough the Moor,Lobo Loco
143029,Tap Rack Bang,half cocked
143033,VALEFOR,Salome Lego Playset - Susanna Laterza - Kenji Siratori
143038,XITRAGUPTEN,Salome Lego Playset - Susanna Laterza - Kenji Siratori
143039,SEVEN RED MOVEMENTS,Salome Lego Playset - Susanna Laterza - Kenji Siratori
143040,PENSIERO DI MAMMA,Salome Lego Playset - Susanna Laterza - Kenji Siratori
143042,[OMISSIS],Salome Lego Playset - Susanna Laterza - Kenji Siratori
143043,SOME OF PTAH'S WORLDS,Salome Lego Playset - Susanna Laterza - Kenji Siratori
143046,Apollo,Mystery Mammal
143047,Conversation Piece,Mystery Mammal
143048,Asylum,Mystery Mammal
143050,Data,Mystery Mammal
143052,"He Said, She Said",Mystery Mammal
143054,Mo Mo Modem,Mystery Mammal
143055,Robot Heart,Mystery Mammal
143056,Speeding Speech,Mystery Mammal
143057,There Is Something Wrong,Mystery Mammal
143058,There Is Another System,Mystery Mammal
143059,Ugh! Humans Can Join,Mystery Mammal
143060,Wonders Of Modern Technology,Mystery Mammal
143061,Lonely Satellite,Mystery Mammal
143078,Temperature Rise,Twin Guns
143079,Fugitive,Twin Guns
143080,Alabaster Snow/Don't Move Too Fast,Leapling
143081,Shakin,Leapling
143082,Hey Sister/You Lemme Know,Leapling
143083,Silent Stone,Leapling
143084,Good Morning,Leapling
143085,Next Time,Attic Ted
143090,Down On The Farm,Attic Ted
143091,Batman,Attic Ted
143093,The First Time,Twin Guns
143094,Johnny's Dead,Twin Guns
143095,Maniac,Twin Guns
143096,Harlem Nocturne/Trigger Jack,Twin Guns
143097,Living In A Dream,Twin Guns
143098,Now I Understand,Twin Guns
143099,The Last Picture Show,Twin Guns
143100,Psychic Nipple/ Which Is True?,Pill
143101,Vagabond/ TV Wedding,Pill
143102,Misty Eyed Porno Reader,Pill
143103,Hot Glue,Pill
143104,Medicine,Pill
143105,VIP WFMU Jam,Pill
143106,Stingray,The Nude Party
143107,One More Mile,The Nude Party
143108,Time To Go,The Nude Party
143109,Poor Boy Walking Blues,The Nude Party
143110,Charlie and His Ever Grateful Flock of Sheep,The Nude Party
143120,New Lunacy,Safir Nou
143126,Topam,Twin Heads
143127,Don't stop,Twin Heads
143128,Jaguars,Twin Heads
143129,TTL,Twin Heads
143131,Panic,Kaz Mirblouk
143132,Towers,Kaz Mirblouk
143133,Faces,Kaz Mirblouk
143134,The Narrows,Kaz Mirblouk
143135,Through the Glass,Kaz Mirblouk
143136,Lauren,Kaz Mirblouk
143137,Mars Landscape: Moon Set,Julie Maxwell's Piano Music
143138,Mars Landscape: Sun Set,Julie Maxwell's Piano Music
143139,招待 (Invitation),Julie Maxwell's Piano Music
143142,Childhood Memories,Julie Maxwell's Piano Music
143143,fallen skies,Julie Maxwell's Piano Music
143144,サクラ (Sakura),Julie Maxwell's Piano Music
143145,船 (Stuck on the Pacific),Julie Maxwell's Piano Music
143146,嘘つき (What could this feeling be?),Julie Maxwell's Piano Music
143186,Snow Storm,HOT POCKET DINGLEBERRY DISEASE
143214,Emperor Of San Francisco,The Invasion
143215,Halfway To Infinity,The Invasion
143216,Homecoming,The Invasion
143217,How's The Weather Up There,The Invasion
143218,March Of The Undead,The Invasion
143219,The Interview And The Argument,The Invasion
143220,The Law,The Invasion
143221,The Madness,The Invasion
143237,Clean Suit,We Is Shore Dedicated
143239,Swanhead,TRG Banks
143278,Final Transmission,Vitamin Pets
143280,M.J.F.,Vitamin Pets
143285,Schtum It,half cocked
143290,Keep it Real,Jules
143291,Ann Ricesylvania,Chase Alan Willis
143292,Im Home,Chase Alan Willis
143293,Ice Cream Cave,Chase Alan Willis
143294,I Forget,Chase Alan Willis
143295,Rock Salad,Chase Alan Willis
143296,Cartoon Faced,Chase Alan Willis
143297,Grave of Count Duckula,Chase Alan Willis
143298,The Confrontation of Richard Jennings,Chase Alan Willis
143299,Hardwired,Chase Alan Willis
143300,Cotton Candy Monster,Chase Alan Willis
143301,Unknown Conduit,Chase Alan Willis
143302,Castaneta Death Rattle,Chase Alan Willis
143303,Time Displacement Theory,Chase Alan Willis
143304,Niveau Supérieur,Chase Alan Willis
143305,Juxtapozer,Chase Alan Willis
143306,Take Your Pills,Chase Alan Willis
143307,Glen the Snail,Chase Alan Willis
143308,Escape from Carpinteria Island,Chase Alan Willis
143309,It Watches me Sleep,Chase Alan Willis
143318,Hundred Years in Helheim,Tri-Tachyon
143319,Left on Deimos,Tri-Tachyon
143464,Dog With the No-Bone Blues,Mud Dogs
143465,Sun and the Moon,Mud Dogs
143527,rest,beat.dowsing
143528,knowns,beat.dowsing
143529,bones,beat.dowsing
143530,tropics,beat.dowsing
143531,albatross,beat.dowsing
143532,dodo,beat.dowsing
143923,Burnpiles and Swimming Holes,Lee Bains III And The Glory Fires
143941,Lost in Russia,TRG Banks
143942,Wild Tiger Woman,Giuda
143943,Roll The Balls,Giuda
143944,Number 10,Giuda
143945,Hey Hey,Giuda
143970,Sara Sampaio,Monster Jinx
143971,Michael Jordan,Monster Jinx
143979,Barba,Monster Jinx
143986,Porto,Monster Jinx
143988,Venera o Diabo (Bónus),Monster Jinx
143989,American Weirdos,Hurry Up
143990,Pick You Up,Hurry Up
143991,And Them,Hurry Up
143992,Go To Hell,Hurry Up
143993,"Oh, Screw It",Hurry Up
143994,Secret's,Hurry Up
143995,Kick Em Out,Hurry Up
144161,Organograma,J-K
144163,Torre de Marfim,J-K
144164,Ilha,J-K
144165,Casca Partida,J-K
144166,Mais Nada,J-K
144167,Voltar a Casa (c/ Beware Jack e Alexandre Francisco Diaphra),J-K
144168,Varanda (c/ Maze),J-K
144170,Mãos Soltas,J-K
144171,Ninjas (c/ Stray),J-K
144172,Henna Negra,J-K
144173,Sorriso (Parvo),J-K
144174,Soldado Raso,Pulso
144175,Tudo Pode Dar Certo,Pulso
144176,Caneta Sem Tinta,Pulso
144177,Reticências,Pulso
144178,Entre Parênteses,Pulso
144179,Jumanji,Pulso
144180,Pulso (Por Stray),Pulso
144181,Estalo os Dedos,Pulso
144182,Positivo % Negativo,Pulso
144212,Life & Times of 40 Year Rhymes,The Impossebulls
144213,Rhythm Roulette,The Impossebulls
144214,Idle Hands,The Impossebulls
144215,State Trooper,The Impossebulls
144216,Let Me Spell You This (016 Tess Dis Champion Mixx),The Impossebulls
144236,Succesfull Failer,Chuzausen
144237,Falling Up Stairs,Chuzausen
144241,WorKK,Chuzausen
144242,Drone People,Chuzausen
144243,Forever Aloners,Chuzausen
144244,Loop Trip,Chuzausen
144390,Cosmic Dream,Langax
144391,Hal,Langax
144392,M88 Entrance,Langax
144393,The Alien Party,Langax
144394,Apollo 808,Langax
144395,Intergalactic Holiday,Langax
144396,Solar Storm,Langax
144397,Scrap Robot,Langax
144398,The After,Langax
144399,M88 Entrance (MegaHast3r Remix),MegaHast3r
144400,Scrap Robot (No Human Remix),No Human
144401,Solar Storm (Periodo Particular Remix),Periodo Particular
144402,The Alien Party (Ángel García Remix),Angel Garcia
144422,Happy Jambo Remix,Periodo Particular
144423,Happy Jambo,Angel Garcia
144424,Happy Jambo Remix,MegaHast3r
144454,Father Green,TRG Banks
144465,Belle Isle (Instrumental),Nick Jaina
144466,Co-Creators (Instrumental),Nick Jaina
144467,Come To My Coast (Instrumental),Nick Jaina
144468,I Fell Too Much In Love (Instrumental),Nick Jaina
144469,I Have That Same Tattoo (Instrumental),Nick Jaina
144470,Make a Life (Instrumental),Nick Jaina
144471,Not a Machine (Instrumental),Nick Jaina
144472,Saw You On the Train Last Night (Instrumental),Nick Jaina
144473,Starling Cross (Instrumental),Nick Jaina
144474,Telepathic Teleplay (Instrumental),Nick Jaina
144475,The Dinner Party (Instrumental),Nick Jaina
144476,The Prime of Our Lives (Instrumental),Nick Jaina
144477,Travelogue (Instrumental),Nick Jaina
144487,The Pink Metal,Dave Keifer
144488,Robert's Green German,Dave Keifer
144490,Looking for the Saxon King,Dave Keifer
144491,Accessory Balls-up,Dave Keifer
144492,New Moon,Dave Keifer
144542,Rain (Acoustic),Wildlight
144543,Lily Moon (Acoustic),Wildlight
144544,Holy Dust (Acoustic),Wildlight
144545,"Grace, Fully (Acoustic)",Wildlight
144546,Lantern (Acoustic),Wildlight
144547,Crucible (Acoustic),Wildlight
144548,I Could Write (Acoustic),Wildlight
144549,Ours To Give (Acoustic),Wildlight
144550,Get Up Out Your Way (Acoustic),Wildlight
144551,Wildlight - The Tide (Acoustic) - 08 From The Ground Up (Acoustic),Wildlight
144552,Move Like The Ocean (Acoustic),Wildlight
144560,M74,Plus
144565,Lies from NASA,No Human
144570,In a happy world,No Human
144573,Cave Dweller (Remix),MÖ$Q
144574,Systematic (Remix),Periodo Particular
144575,Transplantation (Remix),Angel Garcia
144587,All the Little Sperms,We Is Shore Dedicated
144589,Črepy,The Citadel
144590,Láthatatlanok,The Citadel
144591,Veža bláznov,The Citadel
144592,Dark Matter,Trillion Catz
144593,Emptiness ft. Sasha Vinogradova,Trillion Catz
144594,Fibonacci Flower,Trillion Catz
144595,Fioletovaya Tape,Trillion Catz
144596,Radio Svoboda,Trillion Catz
144600,Kevin come back,TRG Banks
144601,Please Never Take Me Home,Jared Leibowich
144602,Early Morning Sunrise,Jared Leibowich
144603,Early June,Jared Leibowich
144604,They Say You Can't Go There,Jared Leibowich
144605,Should You Ever Need My Love,Jared Leibowich
144608,We Love Mystery,Jared Leibowich
144609,Turn To Salt,Jared Leibowich
144610,Another New Day,Jared Leibowich
144611,Fantasyland,Jared Leibowich
144722,Pre Rehearsal Parade,milky-chu
144723,And Over The Rainbows,milky-chu
144724,Simpson’s Mas Game,milky-chu
144725,Sliding Love Sing,milky-chu
144726,Oh! Chu Train,milky-chu
144727,Marchen Bach Jam Cream,milky-chu
144728,For End Roll Tea,milky-chu
144729,Horror Much Show,milky-chu
144730,I’m Walking To The Old School,milky-chu
144732,Morning Light,milky-chu
144733,With You And Icecream Flying,milky-chu
144740,Mind On The Music (Featuring Pot-C),Donnie Ozone
144741,Mind On The Music (Fender Mix) (Featuring Pot-C & SKOL),Donnie Ozone
144779,Aftermath,Ars Sonor
144780,The Pocket Universe,Ars Sonor
144781,Farewell the Innocent,Ars Sonor
144782,Nu.Cle.Us [feat. Christopher Alvarado & M.Nomized],Ars Sonor
144801,Great Aunt Henrietta,TRG Banks
144803,ALLBIOM,Kosta T
144808,D Doll,Kosta T
144809,Что хочешь...,Kosta T
144810,SickNik(,Kosta T
144933,Saturday,Maxwell Powers
144934,Off,Maxwell Powers
144935,Defy / Tonight,Maxwell Powers
144936,Stereo / Video,Maxwell Powers
144937,After All You Say,Maxwell Powers
144938,Godspeed,Maxwell Powers
144939,Three Days,Maxwell Powers
144940,(next time you coalesce) Come Over,Maxwell Powers
144941,When you came they were clapping (aka America performing a brief existential crisis),Maxwell Powers
144942,Oh / No,Maxwell Powers
144943,Hat / Halo,Maxwell Powers
144944,Stereo / Video (Cutside Remix),Maxwell Powers
144945,Three Days (Sunny June Mixx),Maxwell Powers
144946,After All You Say (TSPMIX),Maxwell Powers
144991,Greenish Blue,Golden Grey
144992,Underpass,Golden Grey
145002,A Dancer Stole My Heart,Finn Anderson
145003,In The Gods,Finn Anderson
145004,Hitchcock,Finn Anderson
145005,Uncharted Lands,Finn Anderson
145020,The Realist,Little Ozzy & J. E. Frey
145021,The Lonely Heart,Little Ozzy & J. E. Frey
145022,Sun Of The Sleepless,Little Ozzy & J. E. Frey
145023,St. Anthony's Fire,Little Ozzy & J. E. Frey
145024,Riding The Warhead,Little Ozzy & J. E. Frey
145025,Electronical Eden,Little Ozzy & J. E. Frey
145026,Does The Evil Belong Here?,Little Ozzy & J. E. Frey
145027,Curly,Little Ozzy & J. E. Frey
145035,Tainted cloth,Oelek
145036,Stereotyperingkje,Oelek
145037,Eavesdropper theme,Oelek
145038,McCowan's delight,Oelek
145039,En de bon,Oelek
145040,De Droes,Oelek
145041,Lijperoni,Oelek
145042,Bea6 (Oelek dromer rmx),Richard Jonas
145043,Rock'n'Roll Hara-Kiri,Hermit
145058,Worm Fortress,Ersatz
145059,"In Ages Past, The Myths And Legends Happened A Long Time Ago",Noggin
145065,Resta,TxSxBx
145066,Ruagne,TxSxBx
145067,Ngrumme,TxSxBx
145068,Demoni e Dei (Contropotere),TxSxBx
145073,The Cells Are Open,Coits
145074,Coda: Escaping To Freedom,Coits
145099,Abstract,Eklektik Ensemble
145100,Strangers on the Grass,Eklektik Ensemble
145101,Wild Game,Eklektik Ensemble
145129,Help Me After You Die [kat330 mash],Kathleen Martin
145179,Soundtrack1. Act2,Mike Fazio
145183,Soundtrack 1. Act 6,Robert Switzer
145189,Soundtrack 2. Act 6,Steve Burnett
145198,Hynogog,Conduit
145199,Opening the Mouth/ Salt,Conduit
145206,1 - Allegro,Philadelphia String Quartet
145207,2 - Andante,Philadelphia String Quartet
145208,3 - Allegro,Philadelphia String Quartet
145209,4 - Allegro,Philadelphia String Quartet
145241,THE THREE SHADES,Vukovar
145242,33/08/45 (MOURNING OF THE CONQUEROR),Vukovar
145257,Not So Final Countdown,Lonely Punk
145258,Left The Building,Lonely Punk
145259,Joika,Lonely Punk
145260,Easter Island,Lonely Punk
145354,Ocathail - Rolling in Tumbling in,Ocathail / Hastío
145357,Ocathail - Hiker's Chance,Ocathail / Hastío
145401,Dry Swift Horse,Behavior
145402,375 Images Of Angels,Behavior
145403,For Contempt,Behavior
145404,Big White Cloud,Behavior
145431,Open Cab,Fabian Measures
145432,Ebb and Flow,Fabian Measures
145452,Making Sense of the Senseless?,Squire Tuck
145454,Anguish of Being Single,Squire Tuck
145455,Dancing 'til the Sun Goes Down,Squire Tuck
145456,Desperate Times,Squire Tuck
145457,Loving You Because...,Squire Tuck
145458,Dilemma of the Heart,Squire Tuck
145461,Tabea (Extended Mix),Ars Sonor
145462,The Frequency,Ars Sonor
145464,Tabea (Live at Galleri Bleue),Ars Sonor
145475,Dreamstalker,Squire Tuck
145476,Homage to John Carpenter's Halloween Soundtrack,Squire Tuck
145477,"In This Creepy, Sleepy Backward Town",Squire Tuck
145509,A Journey In To The Great Unknown,Squire Tuck
145510,A Mexican Love Affair,Squire Tuck
145511,Alone Again,Squire Tuck
145512,Declaration of My Love,Squire Tuck
145513,Love Struck,Squire Tuck
145514,Love&Heartbreak,Squire Tuck
145515,Song of Hope in a World Without Care,Squire Tuck
145516,The Thought Of You,Squire Tuck
145517,What Price Love?,Squire Tuck
145548,Objects of Desire,Squire Tuck
145549,Yellow Taxi under a Blue Sky,MindsEye
145550,Roommates,This Mess is Mine
145551,Thief,This Mess is Mine
145552,Family Tree Burning,This Mess is Mine
145553,The Great Alain,This Mess is Mine
145554,No Fog,This Mess is Mine
145555,Picture Postcard,This Mess is Mine
145556,Roommates (Piano Version by AGPB),This Mess is Mine
145563,奇跡,Julie Maxwell's Piano Music
145564,Philadelphia,Julie Maxwell's Piano Music
145565,合格 (Success),Julie Maxwell's Piano Music
145566,Galaxies Apart,Julie Maxwell's Piano Music
145567,青い (Blue),Julie Maxwell's Piano Music
145568,Noted,Julie Maxwell's Piano Music
145569,Your Psycho,Julie Maxwell's Piano Music
145570,失われた未来を求めて (In Search of the Lost Future),Julie Maxwell's Piano Music
145571,この気持ちはなんて言うんですか,Julie Maxwell's Piano Music
145572,It isn't time to get up yet...,Julie Maxwell's Piano Music
145601,MIND,North Cape Lights
145602,ORANGE,North Cape Lights
145603,I DON'T KNOW WHERE DARIA IS FROM,North Cape Lights
145604,THE COLD SONG,North Cape Lights
145605,COME TO ME ONE MORE TIME,North Cape Lights
145606,SELF EXPLORER,North Cape Lights
145607,The Dawn,The One They Fear
145608,This Cursed Hope,The One They Fear
145609,With These Flames,The One They Fear
145610,Wolves,The One They Fear
145611,Glow In The Dark,Death Valley Girls
145612,Disco,Death Valley Girls
145616,Love Spell,Death Valley Girls
145617,Pink Radiation,Death Valley Girls
145618,I'm A Man Too,Death Valley Girls
145619,Electric High,Death Valley Girls
145645,Here and Now,Trip.Logic
145646,Isn't It Beautiful,Trip.Logic
145653,Gladiator Coin Toss,We Is Shore Dedicated
145689,In Your Eyes,Ant The Symbol
145690,Ant @ Home,Ant The Symbol
145691,Broad St.,Ant The Symbol
145692,The Function,Ant The Symbol
145693,The Rooftop,Ant The Symbol
145694,With The Constellations,Ant The Symbol
145695,Libby Hill,Ant The Symbol
145696,Main & Eighth,Ant The Symbol
145697,Monroe Park,Ant The Symbol
145698,Belle Isle,Ant The Symbol
145699,The Footbridge,Ant The Symbol
145700,Browns Island,Ant The Symbol
145701,Canal Walk,Ant The Symbol
145702,Saturday,Maxwell Powers
145703,When You Came They Were Clapping (aka America performing a brief existential crisis),Maxwell Powers
145704,Lightning Rods To Your Defense,Maxwell Powers
145705,When You Came They Were Clapping (Donnie Ozone Remix) (Additional Vocals by Kara Square),Maxwell Powers
145706,Saturday (Weekend Groove Remix),Maxwell Powers
145707,Godspeed,Maxwell Powers
145708,When You Came They Were Clapping (TSPMIX),Maxwell Powers
145709,Come Over (SvicKillaz Remix),Maxwell Powers
145710,Godspeed (Lyndon Scarfe Remix),Maxwell Powers
145711,Godspeed (Dantheman Stuck In Time Remix),Maxwell Powers
145712,"Lyrikal Tranzportashun (12"" Mixx)",LOWdown
145716,STOCKPILE! (Video Edit),LOWdown
145717,Funk Instantaneous (EP Mixx),LOWdown
145720,The LOWdown (Ninety-Four Drums of Death Mixx),LOWdown
145721,Ten Years Coming (Still Alive in '05 Remixx),LOWdown
145723,Lyrikal Tranzportashun (Inztrumental),LOWdown
145724,So On and Yo! (Instrumental),LOWdown
145725,Down with the Sound,LOWdown
145726,Lyrikal Tranzportashun (Badd Clutch Inztrumental),LOWdown
145727,The LOWdown (Instrumental),LOWdown
145728,The Essentials (Essential Deejay Instrumental),LOWdown
145729,So On and Yo! (D.A.I.S.Y. Age Instrumental),LOWdown
145730,STOCKPILE! (Funky Dubb Mixx),LOWdown
145741,Home Base (Featuring Long John),Cheese N Pot-C
145742,Ten Kai Master Funk Flames,Cheese N Pot-C
145743,Snow Crystal Whispering Pines (Featuring HighSnow),Cheese N Pot-C
145744,Jazzy Hip-Hop (Featuring Long John),Cheese N Pot-C
145745,Roll Playing Game,Cheese N Pot-C
145746,Tabiji Shiyo,Cheese N Pot-C
145747,You Forgot (Forget It),The Impossebulls
145748,The BizBoxx,The Impossebulls
145749,Liars & Conmen,The Impossebulls
145750,Devil's Pie,The Impossebulls
145751,No Country For Old Men,The Impossebulls
145752,Golden Path,SPCZ
145753,Vespidae,SPCZ
145754,Lotus,SPCZ
145755,Mille et une nuit de basse,SPCZ
145756,Easy,SPCZ
145757,Tube,SPCZ
145758,Spicy,SPCZ
145759,Scorpio Moon,SPCZ
145760,Dubnotic - It was meant 2 be (SPCZ Remix),SPCZ
145761,Memories (Tales of painting & Spcz),SPCZ
145762,"Holding on Until the Cold, Cold Morn",Squire Tuck
145763,Reason,Zerodent
145764,Lucky,Zerodent
145765,Joy,Zerodent
145766,Don't Go Back,Zerodent
145767,Own And Only Friend,Zerodent
145768,Soul Mender,Zerodent
145770,Overbite,Zerodent
145771,This Time,Zerodent
145772,You,Zerodent
145773,A True Perfection,Zerodent
145774,I Am Coming In,Zerodent
145775,Pieces,Zerodent
145777,Heaven Beyond the Trees,Squire Tuck
145779,"Oh, Logan",The Jeanies
145780,Amilee,The Jeanies
145783,I Seen Her Dance,The Jeanies
145798,Baller,Fleslit
145799,Chillin,Fleslit
145800,Crit Club,Fleslit
145801,Fleslit,Fleslit
145802,Freak Mode,Fleslit
145803,Paris,Fleslit
145804,Slack Track,Fleslit
145805,When the Rain Drops,Fleslit
145808,Absolute Terror,Nihilore
145810,Jodie Foster,Nihilore
145814,Shapes Within the Jade,Nihilore
145816,Clay Heart,Nihilore
145817,ápeiros,Nihilore
145818,Sturgeon's Law,Nihilore
145819,Facticity,Nihilore
145830,Girl in the Moon,Nihilore
145831,The Cage,Nihilore
145840,Throne of the Soul,Nihilore
145841,Samsara,Nihilore
145879,Circles,She-Wolf.
145887,Facing Inwards,Squire Tuck
145895,Nature en complète figure réelle,L’étrange couleur de l'orichalque
145908,Puissance d'insertion de l'instant cosmique,L’étrange couleur de l'orichalque
145909,Houdini's Last Trick,MMFFF
145911,Quantum,MMFFF
145912,North Pole,MMFFF
145913,"Untold, unspoken",MMFFF
145914,The Lion & The Snake,MMFFF
145915,The Mountain's Lament,MMFFF
145916,End of the Line,H-LR
145917,Paradigmatic (Reprise),H-LR
145918,SD (Ill Mix),H-LR
145968,Open Doors,Baby Woodrose
145969,Sonic Bloom,The NIght Beats
145982,Cosmic Flower,Levitation Room
145985,Clouds,Red Plastic Buddha
145986,Warm's the New Cool,Brother JT
145987,Head On The Floor,Magic Shoppe
146000,Let's Talk About Your Dead Friends,Mary Lattimore
146002,Otis Walks into the Woods,Mary Lattimore
146003,Nothin Without Your Love,The Jeanies
146004,Real Love,The Jeanies
146005,Rock It To Me Again,The Jeanies
146017,Gulag (Minnesbilden),Ars Sonor & Malga Kubiak
146018,Världens Ände,Ars Sonor & Malga Kubiak
146019,Den Plomberade Vagnen,Ars Sonor & Malga Kubiak
146020,Arvet,Ars Sonor & Malga Kubiak
146039,Elements of Creation,As Above So Below
146040,"Adam, the Deceiver",As Above So Below
146041,Hope's Gone,As Above So Below
146042,Exile,As Above So Below
146070,"part 3, tons of tracks",OOZING MEAT
146147,Creation,A-Grav Lab
146148,Intro,A-Grav Lab
146149,Spacewalkers,A-Grav Lab
146150,U and I,A-Grav Lab
146151,How I Feel,A-Grav Lab
146152,The Cross,A-Grav Lab
146153,Torture Device,A-Grav Lab
146162,Cold Desert,Eva Schlegel
146165,Melanc(holy) [lost project],Eva Schlegel
146167,Random Interlude,Eva Schlegel
146168,Whisper of Night Streets,Eva Schlegel
146169,Broken Doll,Eva Schlegel
146343,The Child Tells a Lie,Posset
146424,325,Méryll Ampe
146425,Vertigo,Méryll Ampe
146429,Forge,Méryll Ampe
146430,I Wanna Be Your Woman,The Jeanies
146456,Cleaning Station,Langax
146457,Electric Shell,Langax
146458,The Cavern,Langax
146478,SPARKLE BLOOD - Denim Convention,Norwegian Blue Records
146479,HIGH/LOW - Mould,Norwegian Blue Records
146480,Ryland Moranz - A Week In Pictures,Norwegian Blue Records
146481,betterhalf - Said + Done,Norwegian Blue Records
146482,Saint Clare - Cheatin',Norwegian Blue Records
146483,Cope - Mikey Whipwreck,Norwegian Blue Records
146537,Lik,SUSIJAT
146538,Nerv,SUSIJAT
146542,Velvet Targui,Portron Portron Lopez
146543,Bichette,Portron Portron Lopez
146544,Twilight Zone,Portron Portron Lopez
146546,Dinosaure,Portron Portron Lopez
146547,Kula,Portron Portron Lopez
146639,Bob Burns Down,Aglow Hollow
146681,moonrawks,Tha Silent Partner
146682,Galactic 2%,Tha Silent Partner
146683,drunkenCPU,Tha Silent Partner
146684,activate,Tha Silent Partner
146685,REturn Trip?,Tha Silent Partner
146687,Majestic Magnets (Headsnack Remix),Regenerated Headpiece
146689,Sad But True (Featuring Mported Flows),Regenerated Headpiece
146699,Lincoln's Theme,Regenerated Headpiece
146701,"Souvenirs, Novelties, Party Tricks",Regenerated Headpiece
146708,DJ Exfyl's Message in a Cannon,Regenerated Headpiece
146709,Dogfight (Cutside Remix),Regenerated Headpiece
146710,Robot Whores (Made In Japan Mixx),Regenerated Headpiece
146711,Spectacular Vernacular (Headsnack Remix),Regenerated Headpiece
146713,Twist (Featuring Chuck D) (Def Remix),Regenerated Headpiece
146714,Phon's Waltz,Regenerated Headpiece
146715,Erykah and Jean (Headsnack Remix),The Impossebulls
146716,"Extraordinary League of HipHop Dads (Featuring Headsnack, Brash, Phashara & Venomous 2000)",ILLUS & ICBM
146717,Get Your Head On / Elements / Rhythmically Rhyming Medley (Live),Regenerated Headpiece
146719,The Trinity (Live),Regenerated Headpiece
146720,Elements Remix (Live),Regenerated Headpiece
146721,Escape from Slavecamp (Live),Regenerated Headpiece
146722,Twist (Live),Regenerated Headpiece
146723,Lip Bomp (Live),Regenerated Headpiece
146724,Tired (Live),Regenerated Headpiece
146725,Dogfight (Live),Regenerated Headpiece
146726,Who is Dr. Cube? (Live),Regenerated Headpiece
146727,ALLMACKS (Drunken Masters Version) (Live),Regenerated Headpiece
146872,New Times,4T Thieves
146873,Arp,4T Thieves
146874,Electro Cool,4T Thieves
146875,Bleep,4T Thieves
146876,Rain,4T Thieves
146877,Colours,4T Thieves
146878,Theme from a Modern Western,4T Thieves
146879,A Bit of Electro,4T Thieves
146880,The Leaving Do,4T Thieves
146938,the earl of shaffer,transient
146939,damascus,transient
146940,laurel fork,transient
146941,clubber and deerfoot,transient
146942,vodka,transient
146943,chippers the monk meets woodpecker,transient
146944,ismschism,transient
146945,back to life,transient
146946,wind whispers,transient
146947,spirited springs,transient
146948,the stars peek out,transient
146949,Tune In,Di Kang
146961,Four Walls,Derek Clegg
146962,Can't Understand,Derek Clegg
146963,Right Words To Say,Derek Clegg
146964,Half Bad,Derek Clegg
146965,Take For Granted,Derek Clegg
146966,Dot My I's,Derek Clegg
146967,Micro Manager,Derek Clegg
146968,Reaces Peaces,Derek Clegg
146969,So Is She,Derek Clegg
146970,Kick The Can,Derek Clegg
146988,Fake Cats Project Robs Rachmaninoff,Fake Cats Project
146989,Ghosts of Guitar,Fake Cats Project
147007,Animal Booster Kiss,The Cow Goes Moo
147008,Do it Yourself,The Cow Goes Moo
147009,Wild at Heart,The Cow Goes Moo
147010,Sustainable Survival,The Cow Goes Moo
147011,No Leaders Allowed,The Cow Goes Moo
147012,Hobo & the Little Cotton Ball,The Cow Goes Moo
147013,SambanIImalia,The Cow Goes Moo
147014,Kill Your Masters,The Cow Goes Moo
147015,Pollination,The Cow Goes Moo
147016,Earth's Last Sunrise,The Cow Goes Moo
147020,Six Pack,The Impossebulls
147021,Life Is Good,The Impossebulls
147022,The Menu,The Impossebulls
147023,Armchair Revolution,The Impossebulls
147024,A Roller Skating Jam Called Saturday Nite,The Impossebulls
147059,Blinkity Blank,Audio K
147085,A Ukulele For Christmas,Lee Rosevere
147086,A Ukulele For Christmas (instrumental),Lee Rosevere
147087,Bring Those Presents to Me!,Jeremy Allingham
147126,Whispers,Hyson
147147,It Gets Cold,The Oswalds
147150,Darling I Love You,The Oswalds
147157,Everyones a Love Story,The Oswalds
147158,Intro to the Age of Paranoia/ This Is Not Happening,The Fucked Up Beat
147159,Hunted in the Capitalist Steppes/ Zero History,The Fucked Up Beat
147160,The Myth of Information/ Pattern Recognition,The Fucked Up Beat
147161,Postmodern Cloud Modifications/ Gravity's Rainbow,The Fucked Up Beat
147162,Fear in the Rust Belt/ Burning Chrome,The Fucked Up Beat
147163,Occult Signals/ Fragments of a Hologram Rose,The Fucked Up Beat
147164,Death by Voter Registration/ The Peripheral,The Fucked Up Beat
147165,The Fiction of Utopian Societies/ The Road to Oceania,The Fucked Up Beat
147166,The Collective Panic/ Spook Country,The Fucked Up Beat
147167,Where There Are No Flags/ We Never Know What the Future Will Bring,The Fucked Up Beat
147168,Thanks For The Memories,Deemed Unsuitable
147171,Acuamán/en París,L.D.I.
147173,Pizza y nieve,L.D.I.
147180,Drive A Tribute To Space Night,Pocketmaster
147181,Vorwaerts Tom Woxom Version Tatkraft,Pocketmaster
147182,Verchromte Menschen,Pocketmaster
147183,Highway Up North,Pocketmaster
147184,Atomic Fessenheim Edition,Pocketmaster
147185,Ride,Pocketmaster
147186,Just A Minute,Pocketmaster
147187,Vorwaerts,Pocketmaster
147188,The Dark Seed,Pocketmaster
147189,The King Pin,Pocketmaster
147190,Come To Light,Pocketmaster
147191,Dr Sleepgood 3,Pocketmaster
147192,Into the Deep,So Far As I Know
147193,Slow Motion,So Far As I Know
147210,Arrival,So Far As I Know
147211,I'm Back to Walking Again,So Far As I Know
147212,A Life Within Your Hands,So Far As I Know
147213,Spreading Circles (on a Black Cloud),So Far As I Know
147214,Lay Through Ashes And Moans (feat Alexey Baev),So Far As I Know
147216,Bounce House,half cocked
147218,The End Is Rear (I'm Down),half cocked
147220,Ringpiece,half cocked
147221,Backwoods Moonshine,half cocked
147261,Depravity,Lozo Musico
147265,I.D.K.?,K.I.R.K
147266,Race 4 Humanity,K.I.R.K
147267,Wise Wordz,K.I.R.K
147268,Keep It Up/Tranzitionz,K.I.R.K
147269,Gettin' Crazy,K.I.R.K
147295,Meadow Siren,Greg Atkinson
147297,Oh Josephine,Vienna Ditto
147298,I Know His Blood,Vienna Ditto
147299,Liar Liar Quietly,Vienna Ditto
147300,A Wheel WIthin a Wheel,Vienna Ditto
147301,Hold On,Vienna Ditto
147302,Pale Horse Rider,Vienna Ditto
147303,Hammer and a Nail,Vienna Ditto
147304,Long Way Down,Vienna Ditto
147305,A Happy Car Is a Stolen Car,Vienna Ditto
147306,Wintertime,Vienna Ditto
147307,Feeling Good,Vienna Ditto
147308,This Is Normal,Vienna Ditto
147309,Traces,Hyson
147376,Now or Never,The Zombie Dandies
147377,Love Dream,The Zombie Dandies
147378,Lo-Fi Hero,The Zombie Dandies
147379,Nostalgia,The Zombie Dandies
147380,Electric Girlfriend,The Zombie Dandies
147381,Fascination,The Zombie Dandies
147382,Living in Darkness,The Zombie Dandies
147383,Mary,The Zombie Dandies
147385,Careful!,The Zombie Dandies
147386,Lunacy,The Zombie Dandies
147387,Red The Hunter,The Zombie Dandies
147388,The Werewolf Rock,The Zombie Dandies
147403,Halloween Again,The Zombie Dandies
147404,Killer Rabbit,The Zombie Dandies
147405,The Friendly Monstershop,The Zombie Dandies
147406,Zombie Mass Shooting,The Zombie Dandies
147407,Regenerate My Dead Pet,The Zombie Dandies
147408,Dangerous Weirdo,The Zombie Dandies
147409,Game Boy Horror,The Zombie Dandies
147410,Welcome To Zombie Coast,The Zombie Dandies
147411,Now A Nuclear Animal Rules,The Zombie Dandies
147412,Brundlefly,The Zombie Dandies
147413,Boogeyman,The Zombie Dandies
147414,Girls&Whisky,The Zombie Dandies
147415,Addicted,The Zombie Dandies
147416,KISS my Boots,The Zombie Dandies
147417,Zombie Dandies,The Zombie Dandies
147735,Hitler's Cock,half cocked
147736,Houston Is Hot Tonight,half cocked
147739,Home Of The Brave,half cocked
147757,Basement Floor,Nicolas Falcon
147760,Reliable Source,Nicolas Falcon
147761,Big Big Boss,Nicolas Falcon
147762,No Backbone,Nicolas Falcon
147769,Queen of My World,CrumbSnatchers
147771,Warm and Ripe,CrumbSnatchers
147772,A Short Leash,CrumbSnatchers
147773,Swimming Upstream,CrumbSnatchers
147774,Reckless Breakfast,CrumbSnatchers
147775,Rubituckin,CrumbSnatchers
147780,Dimension,Creo
147804,02 collage rythmé,Bauchamp
147805,03 construction hiératique,Bauchamp
147806,04 sons concrets rythmés,Bauchamp
147808,06 duo,Bauchamp
147809,07 pizzicato,Bauchamp
147810,08 posé,Bauchamp
147811,09 rythmé léger,Bauchamp
147812,10 spatial,Bauchamp
147814,12 boîte à musique,Bauchamp
147815,13 glorieux pop,Bauchamp
147831,You Ain't Go No Choice,Vanity
147835,"Yeah, Sure, Why Not",Vanity
147836,Look At Me Now,Vanity
147839,Bit 'n' Turned Rabid,Vanity
147840,Can't Be Bothered,Vanity
147881,Nuthin',Deadly Combo
147882,Skate (Featuring Cable),Deadly Combo
147883,We Won't Stop (Featuring C-Doc),Deadly Combo
147884,C da 76er Flips 3,Deadly Combo
147885,Doing It,Deadly Combo
147886,Burns (Featuring Cable),Deadly Combo
147919,Hyperblaster,V~Nessy
147920,Galactic Mist,V~Nessy
147921,Happy Galaxy,V~Nessy
147922,Zuzuland,V~Nessy
147923,Right Now Feat. Pizza Skitch,V~Nessy
147924,Ghost of the Wormhole,V~Nessy
147947,Departures,Portrayal
147948,Never Adjusted,Portrayal
147949,On Wire,Portrayal
147950,Black Water,Portrayal
147951,Stuttgart,Portrayal
147952,Rooms,Portrayal
147953,Slow Wait,Portrayal
147954,Out of Light,Portrayal
147955,You and Everyone,Portrayal
147956,Universal Libraries,Portrayal
148002,Little Peace at Christmas,Squire Tuck
148012,CIA Man,half cocked
148014,Dance Love Dream,На 100 Процентов Отмудоханная Бабуля
148015,Dreamy-Lovely Dance,На 100 Процентов Отмудоханная Бабуля
148016,Night Of Dreamlove Dance,На 100 Процентов Отмудоханная Бабуля
148017,Summerlove Dancedream,На 100 Процентов Отмудоханная Бабуля
148018,My Dream Is Dance And I Love It!,На 100 Процентов Отмудоханная Бабуля
148028,Disco From The Clouds,BoyHoodBuchi
148029,StrawBerry Moon,BoyHoodBuchi
148030,Drugs All The Time in PECOS,BoyHoodBuchi
148031,I,BoyHoodBuchi
148032,WitchCraft,BoyHoodBuchi
148062,MCO1,Periodo Particular
148066,Heathen change your ways (Featuring Don Goliath & Tallis),Red Star Martyrs
148070,Sweet Potato Pudding dub,Red Star Martyrs
148074,Niceness,Red Star Martyrs
148075,Vibrations,Red Star Martyrs
148076,Employment dub (Featuring Kontent),Red Star Martyrs
148077,Suede Head,Red Star Martyrs
148078,All the Nations (Featuring Penti from Senti),Red Star Martyrs
148079,Into the light (Squidgy Black mix),Red Star Martyrs
148080,Quartz,Queen Elephantine
148081,Deep Blue,Queen Elephantine
148082,Onyx,Queen Elephantine
148096,Mirin Dajo,Zoliborz
148099,I love you (B-side),L.D.I.
148112,Dream Sequence With Percussion,Ryan Cullinane
148113,Flip Side Instrumental,Ryan Cullinane
148114,Flip Side,Ryan Cullinane
148120,Hots For Brooklyn Instrumental,Ryan Cullinane
148121,Hots For Brooklyn,Ryan Cullinane
148124,Smooth Space With Drums,Ryan Cullinane
148130,The People Instrumental,Ryan Cullinane
148131,The People,Ryan Cullinane
148132,Upside of Looking Down Instrumental,Ryan Cullinane
148133,Upside Of Looking Down,Ryan Cullinane
148134,No Future Part III,Titus Andronicus
148145,The Battle of Hampton Roads,Titus Andronicus
148161,I Feel So Raw,Bueno
148162,Babyface/Illuminate Your Room,Bueno
148163,Xtreme Now Energy,Prince Rama
148168,Bahia,Prince Rama
148186,Friends Of Mine,Josh Armistead
148187,You're So Funny,Josh Armistead
148190,So F#&k'n Happy,Josh Armistead
148192,Seasons,Josh Armistead
148199,Welfare Mothers,half cocked
148208,Shellac,Josh Armistead
148210,At Sea,Josh Armistead
148211,Summertime,Josh Armistead
148212,Like A Dog,Josh Armistead
148213,From The Sun,Josh Armistead
148214,It's My Dream,Josh Armistead
148215,It's Alright,Josh Armistead
148216,Quiet Today,Josh Armistead
148217,Casio Song,Josh Armistead
148218,Women 'round Town,Josh Armistead
148228,Peace With My Brothers,Josh Armistead
148229,Buried Treasure,Josh Armistead
148230,Hook Sinker & Line,Josh Armistead
148231,Black & Gold,Josh Armistead
148232,Wolf (It's really rather rad),Josh Armistead
148233,Hit The Drums,Josh Armistead
148234,Olympia,Josh Armistead
148235,Hand of The Hunter,Josh Armistead
148237,Intro/Frenchy,American Watercolor Movement
148241,C'est La Vie Guele de Fuch,American Watercolor Movement
148246,Lovefingers,Silver Apples
148253,I Don't Care,Silver Apples
148266,Walkin',Silver Apples
148285,Soul Gem,LoveyDove
148286,Beppe of Italy,LoveyDove
148287,Hot Lap,LoveyDove
148288,Deep Down Inc.,LoveyDove
148289,Luka Fisher,LoveyDove
148290,Main Course,LoveyDove
148296,Le vol de titi,Aachn
148297,Lèvres givrées,Ach_so_ja
148298,Moon Morning,Aymeric de Tapol
148299,Ferrari à cheval,Bernard Massi
148300,Zoo Mix (extrait),Carl.Y
148301,On ne vit qu'une nuit,Jérôme Pergolesi
148302,Un truc 5,Nicolas Carras
148303,Recyclage 4,Philippe Aubry & Jérôme Pergolesi
148305,Paysage au repos (extrait),Philippe Lamy
148345,Rico-gabber,Richard Jonas
148347,95-anders,Richard Jonas
148348,Leaders techno mix,Richard Jonas
148349,snelheid 124 (edit),Richard Jonas
148350,hhhaaarrrdddcccooorrreee,Richard Jonas
148351,mod95,Richard Jonas
148352,space​.​.​.​dude (ietsje anders),Richard Jonas
148353,Hoodratzz mix '93,Richard Jonas
148354,space..100 (jamiro2),Richard Jonas
148355,Turricanned (1995 / 2015 hybrid),Richard Jonas
148429,No lyrics,In De Nadfin
148430,Tengo insectos en mis zapatillas,Poder Fantasma
148439,Adrenaline Intro,Langax
148440,Adrenaline,Langax
148441,Gugugu,Angel Garcia
148442,Isi,Periodo Particular
148443,Arid Badlands,No Human
148444,Haka,MegaHast3r
148451,Frozen In Time (Feat.Alexander Wieser),When We Live
148453,The Abyss (Feat.Alexander Wieser),When We Live
148454,The Abyss (Album Version),When We Live
148460,The Common Room #1: My Way,Marilyn Roxie
148468,The Common Room #8: Actual Damages,Marilyn Roxie
148469,The Common Room #3: Baczynski,Marilyn Roxie
148488,"Beethoven’s ‘Moonlight Sonata’, reimagined",All shall be well (and all shall be well and all manner of things shall be well)
148490,"Satie’s ‘Gymnopedie No. 1’, reimagined",All shall be well (and all shall be well and all manner of things shall be well)
148493,THE POPLOVER,A Minor Place
148495,SUMMER DRESS,A Minor Place
148510,Talking To My Own Mirage,Carroll
148511,Flytrap,Carroll
148512,Red Giant,Carroll
148513,How It Used To Be,Carroll
148514,Sun 1,Carroll
148515,Hover,Carroll
148516,Easy Target,Carroll
148517,Shout,Carroll
148518,Side By Side,Carroll
148519,Goat,Carroll
148530,Life's a Beach,Cityzens Were Here
148532,Intro,Cityzens Were Here
148533,Paris,Cityzens Were Here
148535,Boombap,Cityzens Were Here
148536,Medo de Tentar,E A Terra Nunca Me Pareceu Tão Distante
148537,Medo de Morrer,E A Terra Nunca Me Pareceu Tão Distante
148565,Friedrich & John,Jan Mörgenson
148566,Sierra Verde,Jan Mörgenson
148582,Mourir à Chartres,Le Manque
148583,Amis du Solian,Le Manque
148584,Cindy Trauma,Le Manque
148585,Ulan Bator,Le Manque
148586,Elise en analyse,Le Manque
148587,Séducteur loser,Le Manque
148592,Among The Embers,"look, orion!"
148598,Rareza,Queridas
148599,"8.304,42",Queridas
148600,Piedra preciosa,Queridas
148601,Pasantía,Queridas
148602,Leave,Sea Offs
148603,Shallow Waters,Sea Offs
148604,Bullets,Sea Offs
148605,Abstract (unfinished),Sea Offs
148606,My Deviance,Red Crickets
148607,The Prisoner,Red Crickets
148608,Dynamo,Red Crickets
148609,Another Bedlam Romance,Red Crickets
148610,Little Comfort,Red Crickets
148611,Elektra (You Were Such Fun),Red Crickets
148612,Superferries,Red Crickets
148613,A Mess,Red Crickets
148618,Pro War Funeral Hymn,2L8
148621,Desire! Desire! Desire!,2L8
148623,The String,2L8
148625,The Answer,2L8
148626,Underwater,2L8
148627,Desnudo Frontal,Uppercut
148631,Guacamolo,Uppercut
148633,Casa Furias,Uppercut
148634,Técnica de Caldo,Uppercut
148635,Tornadorama,Uppercut
148643,Quadruplex i,Gavin Gamboa
148644,Machinamentum Principalis,Gavin Gamboa
148645,Duplex i,Gavin Gamboa
148646,Machinamentum Interruptus,Gavin Gamboa
148647,Triplex,Gavin Gamboa
148648,Duplex ii,Gavin Gamboa
148649,Machinamentum Auxilium,Gavin Gamboa
148650,Duplex iii,Gavin Gamboa
148651,Quadruplex ii,Gavin Gamboa
148653,Machinamentum Laetificus,Gavin Gamboa
148753,Wrinkled Crinkled Wadded Dollar Bill,half cocked
148773,Nothing Else Matters,Mystery Mammal
148775,This Is What it Feels Like,Mystery Mammal
148776,Magnet,Mystery Mammal
148777,It's All Coming Together,Mystery Mammal
148779,Bulkhead,Mystery Mammal
148780,Archives,Mystery Mammal
148781,Ah!,Mystery Mammal
148782,Aggressive Phenomenon,Mystery Mammal
148821,I81-U812,Bad Ronald
148836,Battle of The Lifetime (Ambient Trance),D SMILEZ
148840,Deep Sea,D SMILEZ
148841,Discovering A New Wonderland (Ambient Trance),D SMILEZ
148842,Enter The World of Paradise,D SMILEZ
148843,Late Night Trance,D SMILEZ
148844,New World (Trance),D SMILEZ
148846,Sunset Vol 2,D SMILEZ
148847,Winter Wonderland,D SMILEZ
148866,Silver Bullets,The Chills
148870,Kaleidoscope World,The Chills
148878,Heavenly Pop Hit,The Chills
148881,Night Of Chill Blue,The Chills
148882,Pink Frost,The Chills
148883,Warm Waveform,The Chills
148884,Pyramid/When The Poor Can Reach The Moon,The Chills
148885,The Male Monster From The Id,The Chills
148886,House With A Hundred Rooms,The Chills
148887,I Can't Help You,The Chills
148888,Stenti,Deiezione HC
148890,Emancipazione,Deiezione HC
148891,Cibo Non Bombe,Deiezione HC
148892,Come Il Canto Dei Sioux,Deiezione HC
148896,Let The Kid Come Out,Glenn Morrow's Cry For Help
148928,Winter,Stolen Children Surf Gang
148932,Ego Trip to Happiness,Stolen Children Surf Gang
148934,Sunk,Stolen Children Surf Gang
148935,Lowinksi,Stolen Children Surf Gang
148936,Marshall Point,Stolen Children Surf Gang
148960,Change,Isaac Chambers
148961,Dusty Swamp Jives (Mystic Beats & Isaac Chambers),Isaac Chambers
148962,Lily Moon Feat. Jarrod Brereton (Instrumental Remix),Isaac Chambers
148978,New Cults,Night Birds
148979,Left In The Middle,Night Birds
148980,Clear Sky,When We Live
148981,Trying To Find My Way,When We Live
148982,Gold Autumn,When We Live
148983,Welcome Home,When We Live
148984,Frozen In Time,When We Live
148986,Desert Winds,When We Live
148987,Last Sunrise,When We Live
148988,Distant Mountains,When We Live
148989,When We Live,When We Live
148998,Instrumental Part 4,Kirill Makushin
149068,Fully Pickled,The Wilful Boys
149073,Hatchet,The Wilful Boys
149074,Poor Old Mate,The Wilful Boys
149075,Stride On,Sam Coomes
149077,Everybody Loves A War,Sam Coomes
149078,Tough Times In Plastic Land,Sam Coomes
149080,Cruisin Thru,Sam Coomes
149081,Fordana,Sam Coomes
149082,Ballad Of Donald Duck & Elmer Fudd,Sam Coomes
149083,Bugger Me,Sam Coomes
149099,Take Me To Detroit,Coco Morier
149100,Ambulance,Coco Morier
149101,Am I Normal,Coco Morier
149102,Dreamer,Coco Morier
149103,Explosions,Coco Morier
149118,Blue Introduction,K. Sparks
149119,Blue Retarded,K. Sparks
149120,Blue Midnight Hour,K. Sparks
149121,Blue Questions,K. Sparks
149122,Blue Spanish,K. Sparks
149124,Blue Piano,K. Sparks
149131,Blue Fake Friends,K. Sparks
149133,Blue Can You Dig It,K. Sparks
149137,Blue Nostalgia,K. Sparks
149138,Blue Jazz Cafe,K. Sparks
149139,Shift of Currents,Blue Dot Sessions
149140,Floating Whist,Blue Dot Sessions
149141,Open Flames,Blue Dot Sessions
149142,Cast in Wicker,Blue Dot Sessions
149143,Celestial Navigation,Blue Dot Sessions
149147,Dreaming of Babylon demo,Animals & Men
149148,Shell shock demo,Animals & Men
149185,Touch You,Mike B. Fort
149187,Death Trap,Sonic Avenues
149191,Automatic,Sonic Avenues
149196,Not A Witness,Steve Adamyk Band
149205,Swallow You Whole,Steve Adamyk Band
149209,Beby Radio,Your Marginally Talented Photographer Girlfriend
149210,Deu,Your Marginally Talented Photographer Girlfriend
149211,I'm Really Angry,Your Marginally Talented Photographer Girlfriend
149212,Blue Tadpole,Your Marginally Talented Photographer Girlfriend
149213,Communication Breakdown,Your Marginally Talented Photographer Girlfriend
149214,Picking Up a Bingo Chip,Your Marginally Talented Photographer Girlfriend
149369,Never Change,K.I.R.K
149370,Glorious,K.I.R.K
149375,"School Days, Future, N Past",K.I.R.K
149405,Roach-Man,Punk Rock Opera
149406,Reagan Shut Down the Asylums,Punk Rock Opera
149407,Cardiac Dissidence,Punk Rock Opera
149408,Rat-Boy,Punk Rock Opera
149409,Study in FEEDBACK,Punk Rock Opera
149410,1984,Punk Rock Opera
149411,Mothra,Punk Rock Opera
149413,Insectlaration of Independence,Punk Rock Opera
149414,Formic Acid for Blood,Punk Rock Opera
149416,Millitary Industrial Complex,Punk Rock Opera
149417,Nerve Damage,Punk Rock Opera
149422,Morning Movement,Kathleen Martin
149452,S3C,Unit-29A
149453,Anthem,Unit-29A
149488,Lost Paradise,Autumn Interlude
149489,Lost Paradise (Remix),Autumn Interlude
149514,C3,Dee Zee
149516,New Civilisation,Dee Zee
149517,The Lonely Walk,Dee Zee
149518,Ascending Wisdom,Dee Zee
149519,Escape,Dee Zee
149520,An Autumn Afternoon,Dee Zee
149521,Canterbury Jam,Dee Zee
149522,Bob,Dee Zee
149523,The Slowness of Sloths,Dee Zee
149545,SK - Can I live,SK
149547,Sound So Soothing,PEG & The Rejected
149563,Surf's Up And So Are You,The Carmines
149571,I Wanna Go To The Sock Hop,The Carmines
149572,Sleepwalkin',The Carmines
149605,Livin the Lost Boy Life,The RocknRoll Hi-Fives
149609,Running Nowhere,The RocknRoll Hi-Fives
149611,Make It Happen,The RocknRoll Hi-Fives
149612,TKO,The RocknRoll Hi-Fives
149618,Take Me To Da Wata,Abdu Ali
149619,I'm Alive (Humanized),Abdu Ali
149621,Tears Of A Black Mova,Abdu Ali
149622,Did Dat,Abdu Ali
149623,Boy Bye,Abdu Ali
149624,How? (Keep Fighting),Abdu Ali
149625,Keep Moving (Negro Kai),Abdu Ali
149626,"I, Exist",Abdu Ali
149647,Hexerei,Bjarkan
149648,The Ancient Ones,Bjarkan
149663,Fucking In The Bleak,Proctophobic
149668,Auschwitz For Pedophiles,Proctophobic
149669,I Desire The Cranium Of A Xen,Proctophobic
149670,Fornicating Upon The Altar Of My Fuck,Proctophobic
149671,Demogorous Caggot Crusher,Proctophobic
149685,Grey Winter,K. Sparks
149686,Queens f.t Beyond Belief,K. Sparks
149687,God's Love,K. Sparks
149689,Purpose,K. Sparks
149690,Rock the Party,K. Sparks
149694,Intro,Serpentarivm
149695,Forest Silence,Serpentarivm
149696,The Lizard Tongue,Serpentarivm
149698,Speaker Set,Sro
149699,Clinging to Life,Sro
149700,Rising Heart,Sro
149701,Answering M,Sro
149702,Johann Pachelbel - Kanon in D Dur,Aitua
149703,Ferdinando Carulli - Op 317 Divertissement no 1,Aitua
149705,Manuel de Falla - Homenaje pour le tombeau de Debussy,Aitua
149706,Camille Saint Saens - Carnaval des animaux - I La Marche Royale du Lion,Aitua
149707,Camille Saint Saens - Carnaval des animaux - IV Tortues,Aitua
149708,Camille Saint Saens - Carnaval des animaux - VII Aquarium,Aitua
149709,Camille Saint Saens - Carnaval des animaux - XII Fossiles,Aitua
149710,Resurrection of the Lifeway,Die Morgendammerung Des Valhalla
149711,Ynkelig,Die Morgendammerung Des Valhalla
149712,Step One,Fatal Injection
149713,P.S.I. Part I (Next Step),Fatal Injection
149714,P.S.I. Part II (Final Step),Fatal Injection
149716,Dark November #1,Wayne Kinos
149717,Dark November #2,Wayne Kinos
149718,Dark November #3,Wayne Kinos
149719,Dark November #4,Wayne Kinos
149720,Dark November #5,Wayne Kinos
149721,Dark November #6,Wayne Kinos
149722,Dark November #7,Wayne Kinos
149723,Dark November #8,Wayne Kinos
149724,Dark November #9,Wayne Kinos
149725,Dark November #10,Wayne Kinos
149726,Dark November #11,Wayne Kinos
149727,Dark November #12,Wayne Kinos
149728,Push It Out,half cocked
149730,g-force,half cocked
149735,"Concert à La Bascule, Rennes",Adrien Perron
149750,Dites 33,Manuel Duval
149755,March of the GPA Mechanics,[t]ghost
149756,Terminal Damage,[t]ghost
149775,Beyond the Looking Glass,Controlled Insanity
149776,Inner Mental Cage,Controlled Insanity
149777,Daqaah,Controlled Insanity
149778,Inner Mental Cage (Bitmap Remix),Controlled Insanity
149841,B3-7824 amis,Manuel Duval
149842,B4-C'est gratuit (et ça le restera toujours),Manuel Duval
149844,B6-Vous n'êtes plus compatibles,Manuel Duval
149868,Six Three,Analog - Brain
149889,Lessons of Sleep,Analog - Brain
149890,Xero Marrow Flannel,Analog - Brain
149913,A1-En sortant de mon corps avec une amie,France Sauvage
149938,Bastards,Death Vacation
149940,Parasitic,Death Vacation
149951,Blue Ghetto Child,K. Sparks
149952,Blue Purpose,K. Sparks
149953,Blue Real Talk,K. Sparks
150011,Copy Control,half cocked
150014,Engin n°1,Urs Graf Consort
150015,Moutons,Urs Graf Consort
150017,E.N.A.,Urs Graf Consort
150018,Eldridge Cleaver,Urs Graf Consort
150035,Ian,Yann Saboya
150036,Iles Drache,Arno Bruil
150052,Lift Off,half cocked
150062,When He's Away,Finn Anderson
150063,Night & Day,Finn Anderson
150064,Absinthe,Finn Anderson
150073,Welcome to Asia,DubRaJah
150078,Mad Honey,DubRaJah
150079,Chitwan,DubRaJah
150080,Deep Karnataka,DubRaJah
150097,Engrish Bwudd/ Empty Bottle,Honus Honus
150157,Overtime,Ultimate Fantastic
150158,My Dreams,Ultimate Fantastic
150159,Down The Road,Ultimate Fantastic
150160,Choose Love,Ultimate Fantastic
150161,We Keep Going,Ultimate Fantastic
150163,Fire Burning,Ultimate Fantastic
150164,Exhale,Ultimate Fantastic
150165,Recipes To Peace,Ultimate Fantastic
150166,Activated,Ultimate Fantastic
150265,All Will See,Hyson
150266,Here,Hyson
150267,Olivia,Hyson
150268,All Who Are Weary,Hyson
150283,Spin It On,half cocked
150284,My Minute,The Impossebulls
150285,I'mma Say It Soon Yo!,The Impossebulls
150286,Jah Rastafari Loop Dub,The Impossebulls
150287,Pope,The Impossebulls
150288,Thank U ('92),The Impossebulls
150310,Sensorica,The Birth and Death of Silence
150311,Endless,The Birth and Death of Silence
150312,Hello Friend...,The Birth and Death of Silence
150313,Outro,The Birth and Death of Silence
150354,Firefly,KimCosmik
150355,Cosmik Boogie,KimCosmik
150356,Tundra,KimCosmik
150357,Contact,KimCosmik
150395,The Bridge Says Two,Lezet
150396,Nucleus1,Zumaia
150398,Attimo in Lacrima,Lacrimas
150399,Of Our Lives,Zoran
150400,Morivivi,Moncho Fuego
150479,Old,Bad Dad
150481,Bob Dear,Bad Dad
150482,Eyes,Bad Dad
150568,Brass Gavel,S-21
150572,Prisoner,S-21
150573,Year Zero,S-21
150574,Power Abuse,S-21
150587,loon dance,masato abe
150590,silky lake with swan,masato abe
150983,Free Flight,Ninja16
150984,Answers,Ninja16
150985,We are 16,Ninja16
150986,Die,Ninja16
151026,Soma Haoma,Swin Deorin
151028,Strong Weakness,Pogohm
151030,Run (with Pollux),Pogohm
151032,Kill People At School (with Hlo),Pogohm
151037,Spank,Pogohm
151038,Tramp & Bass (Amam Break),Pogohm
151039,Pretty Boys,glasscarpenter
151040,Psychopath,glasscarpenter
151041,Funeral,glasscarpenter
151045,Selenity,glasscarpenter
151047,Fryhop,glasscarpenter
151048,From O.G.,glasscarpenter
151049,Dazeem,glasscarpenter
151050,Deephearth,glasscarpenter
151051,Tasting & Touching,glasscarpenter
151053,Cheathe,glasscarpenter
151054,Dataquake,glasscarpenter
151055,Beauty Standards,glasscarpenter
151061,Faschuk,glasscarpenter
151062,Recover,glasscarpenter
151063,C.A.B.,glasscarpenter
151064,Cloud 96,glasscarpenter
151109,Toledo Skyline,c4
151112,Transcend,c4
151113,Robot Rave II,c4
151131,Claw and Fang,Saylavees
151133,Too Far Gone,Saylavees
151134,Mary Oil,Saylavees
151135,Morning Glow,Saylavees
151136,Tumbling Spice,Saylavees
151137,The Way,Saylavees
151141,Crimson Rose,Saylavees
151142,Dune,Saylavees
151243,No Souls,Arfus
151244,Noxillate,Arfus
151245,Plague Send,Arfus
151246,Chief Flex,Arfus
151256,Kick Me,Skyzo Maniak VS Skoz
151262,Just4Fun,Skyzo Maniak
151263,Midnight Express,Skyzo Maniak
151264,YesSir,Skyzo Maniak
151266,DonQuichott's Song,Skyzo Maniak
151267,Source Return's,Skyzo Maniak
151269,Bolly-Step,Skyzo Maniak
151284,Peny Vox,Skyzo Maniak VS Peny
151285,Into The Wild Bis,Skyzo Maniak
151287,Family Meal,Skyzo Maniak
151288,In 2 Ze Ouaïede,Skyzo Maniak
151289,Zatoichi,Skyzo Maniak
151290,Trois 6,Skyzo Maniak
151402,Moon Walk,Jii-Music
151403,Methamphetamine,Alyiann
151404,The Northern Lights,Alyiann
151501,Exoskeleton,Once Were Ghosts
151502,Disclaimer,Once Were Ghosts
151503,Ethereal,Once Were Ghosts
151515,Asfissia,The Nutries
151529,Raptus Infernale,The Nutries
151531,Tre Parole,The Nutries
151533,Switch,E-Shine
151534,Sign,E-Shine
151535,Time Flies,E-Shine
151536,Industry,E-Shine
151555,Shopping Bag,half cocked
151557,Speed Switch,E-Shine
151640,Tejas,Enrico Falbo
151642,Trance-Forme,Enrico Falbo
151643,Prakriti,Enrico Falbo
151654,In This Galaxy (Toxic Chicken remix),The Astronauts Sounds
151728,Dying Light,Croak
151729,Virginia,Croak
151730,Black Flag,Croak
151731,Montreal,Croak
151764,Sulphuric Sea,Alien Operator
151765,Acid Planet,Alien Operator
151766,Alien Operator,Alien Operator
151851,"La rencontre avec Jésus Christ, abandon de la foi, la rencontre avec Boudha",Les Baigneurs
151964,Nazi Scum Rules The World - Fev 2008,Laisse Sheila Tranquille
151965,Outroduction - Live au Percy 1er Mars 2008,Laisse Sheila Tranquille
151966,Ultra Neuf Trois,Ultrademon
151968,NO FEAR,Ultrademon
151972,HAAR,Ultrademon
151973,TÊTE BLONDE ROUSSE,Ultrademon
152103,Smile is the key,Panda Dub
152253,Milky Way,Panda Dub
152254,Mayd Hubb meets Joe Pilgrim - Tribute to Yabby You - Panda meets Jamma Dim REMIX,Panda Dub
152258,Purple Trip,Panda Dub
152261,Danse Macabre,Panda Dub
152262,Die Brücke,Panda Dub
152317,Gravity,Sanfeel
152318,Sunset,Sanfeel
152319,Symphonie See,Sanfeel
152322,Toledo City,Kai Nobuko
152323,Calm Dub,Kai Nobuko
152324,Greenhouse On Mars,Frozen Houses
152325,Caprisqui,Andre Jetson
152326,Fly 2,Andre Jetson
152327,Fly,Andre Jetson
152328,No Title,Andre Jetson
152330,Step By Step,Andre Jetson
152331,Strings,Andre Jetson
152332,Title,Andre Jetson
152347,At Fellowship Hotel and Casino,Consolidated Plastics
152359,Honey,Consolidated Plastics
152361,"Where is Love, Where is Peace...",Dust Mill
152362,Light On,Dust Mill
152363,Weird,Dust Mill
152364,Sunset Boulevard,Dust Mill
152418,Snosti ti Dojdov,Niva
152425,Opa Tsupa,Peter Lyster
152458,Stranger,01110010
152460,One Nature,01110010
152463,Dishmachine Anno 3155,01110010
152464,Error 666,01110010
152465,Landing,01110010
152466,Broken Mirror,01110010
152467,Akae Elementary School Song,Kuniya
152480,A Perceptible Shift,Andy G. Cohen
152532,Binoculars,Kuniya
152533,ride out,Yshwa
152534,out of pocket,Yshwa
152536,cantelope,Yshwa
152537,I will,Yshwa
152538,Gas Light,Yshwa
152539,Battle Rappers,Yshwa
152540,why you saying that,Yshwa
152541,Do it for Me,Yshwa
152542,Good lookin,Yshwa
152543,BITCHEZ,Yshwa
152544,Looking at my blunt(like the Holy Grail),Yshwa
152545,Where the Sunshine Goes,Yshwa
152546,Miniature Cassettes,Phillip Gross
152550,Moon Panda,Phillip Gross
152552,Wolf Indians,Phillip Gross
152553,Rural Magic,Phillip Gross
152554,Memory Guitars,Phillip Gross
152559,Victory of Buddha,Siddhartha
152560,Nirvana Is,Siddhartha
152561,Courtship Melody,Siddhartha
152562,Higher Will,Siddhartha
152563,Redemption Intermission,Siddhartha
152564,The Buddha Is Not,Siddhartha
152565,Empty Clarity,Siddhartha
152566,Deep Sea Turtle,Siddhartha
152567,Ascension Intermission,Siddhartha
152568,Everything Dances,Siddhartha
152569,The Magic of Bamboo,Siddhartha
152570,Collapse Into Innocence,Siddhartha
152574,Monochromic Love Making In 4 Drops,The Industrialism
152575,(between),The Industrialism
152576,Down The Morning Where Love Glides I,The Industrialism
152577,Down The Morning Where Love Glides II (feat. Bruno Belfort),The Industrialism
152578,(out),The Industrialism
152579,Fill My Nights (John Frusciante),The Industrialism
152580,Me,The Industrialism
152624,L'autre des nôtres,Amarah
152625,Seul,Amarah
152628,Let Me Into Your Life,Paul Collins Beat
152632,You Won't Be Happy,Paul Collins Beat
152639,Walking Out On Love,Paul Collins Beat
152640,Don't Wait Up For Me,Paul Collins Beat
152641,The Kids Are The Same,Paul Collins Beat
152650,Intro.rns,FRAIL
152651,Honey,FRAIL
152652,Primitive,FRAIL
152653,OpenWorld,FRAIL
152654,Hobo Pride,FRAIL
152655,Sulpiride 200 Mg,FRAIL
152656,Used,FRAIL
152657,HUGO,FRAIL
152658,Toubab,FRAIL
152659,S.K.I.N.,FRAIL
152660,Bibs,FRAIL
152661,HUGO part. II,FRAIL
152662,Viscous,FRAIL
152663,The Prisoner,The Above
152671,Open And Close,The Above
152672,Prototype,The Modern Airline
152680,Mimic The Prayer Sounds,The Modern Airline
152681,Make With The Action,The Modern Airline
152704,Evermore,Lately Kind of Yeah
152720,Moonquakes,Lately Kind of Yeah
152721,Aeronaut,Lately Kind of Yeah
152844,Kwartet Japonski I,Maciej Żołnowski
153203,Move Land,The Blind Shake
153333,Before It's Over,DRVN
153334,Lightwork,DRVN
153335,Magnum Opus,DRVN
153336,Seed,DRVN
153337,The Vent,DRVN
153338,Ice Cold,Pachyderm
153341,Never Knew Me at All,Pachyderm
153365,08 - je ne suis plus original,Anes & Bateaux
153383,La Samba (en public),Trotski Nautique
153420,03 - tu es toutes les emokids,Anes & Bateaux
153425,Billette trompette,Trotski Nautique
153428,Onions,Mega Gem
153452,Métal Province,Trotski Nautique
153865,Peppers & Mints,Captive Portal
153919,Centurion,BRIGAND
153945,Pipe dreams and fictions,Robert Farmer
153946,"Hey, that's not normal",Robert Farmer
153951,Don't Be Such A Drag,The Whips
153953,Fire In The Mist,The Whips
153954,Last Summer,The Whips
153955,Not Coming Home,We Is Shore Dedicated
153956,Border Collie,We Is Shore Dedicated
154046,Starry Wisdom,It's Not Night: It's Space
154232,Monogram,half cocked
154292,Journey,Fleslit
154293,Zone,Fleslit
154294,Fresh & Filthy,Fleslit
154295,Mind Games,Fleslit
154296,Elevated,Fleslit
154297,TTM (They Tell Me),Fleslit
154298,The Vibe,Fleslit
154299,Lay Low,Fleslit
154300,Cold Start,Fleslit
154301,HK Stuntin,Fleslit
154302,Immortal,Fleslit
154303,In It to Win It,Fleslit
154304,L's,Fleslit
154305,Calm Flight,Fleslit
154306,Yummy,Fleslit
154307,12:01 AM,Fleslit
154308,MIA,Fleslit
154309,A1 Symphony,Fleslit
154319,Cinismi sconosciuti,Wesqk Coast
154352,Believe In Love,Notch
154353,Elements (Psychadelik Pedestrian chillout edit),Marc Burt
154354,Breathless,Aerologic
154355,Poles Apart,Marc Burt
154356,Unprovoked Attack,Psychadelik Pedestrian
154357,Gravitation,Blastculture
154358,Shot In The Dark,Beat Doctor
154359,Shoutout,Cut & Blast feat. Psychadelik Pedestrian
154360,Pulse (Notch club mix),Psychadelik Pedestrian
154363,Moving The Ocean (Aerologic edit),Blastculture
154364,Bad Man (edit),Beat Doctor
154365,Lose You,Notch
154366,Uneven Symmetry (Psychadelik Pedestrian chillout edit),Notch & Aerologic
154390,Camouflage Liquide,Wehwalt
154410,A Gentle Man,Tasseomancy
154412,Emergency,Tasseomancy
154413,Do Easy,Tasseomancy
154414,Dead Can Dance (uncensored),Tasseomancy
154428,Gracias,Milton Arias
154433,Poldoro,Milton Arias
154434,"Zizek (and so on, and so on)",Milton Arias
154435,Gordo José,Milton Arias
154443,Ouverture (instrumental),Gabales
154449,Back To That Time,Gabales
154450,Odyssey,Gabales
154483,Nascent Scar,Artofescapism
154490,Cardesh,M-PeX
154492,Varmiton,M-PeX
154493,Carinae (feat. André Coelho),M-PeX
154494,Rophre Huagod,M-PeX
154502,TAKE WING,The Polish Ambassador
154512,TURTLE BIRD Ft. Scott Nice,The Polish Ambassador
154513,MIDNIGHT RADIO,The Polish Ambassador
154514,CAN'T GALLOP WITHOUT YOU,The Polish Ambassador
154567,It Was Me,Derek Clegg
154656,Asylum,Regular Gonzales
154672,Sneeuwland,Oskar Schuster
154747,Last Summer,The Whips
154853,Is Dead,Vitamin Pets
154894,Don't Breathe,Resonancedj
154896,Funeral Ceremony,Resonancedj
154897,Brainworm,Resonancedj
154920,Introduction beats,Itsensäsyöjät
154925,Room reverberating,Itsensäsyöjät
154926,End titles,Itsensäsyöjät
154962,Unbox Me (feat kitty),Decktonic
154963,Start Up (feat Daniel Davis),Decktonic
154964,Dancing All Alone,Decktonic
154965,Out Of Space,Decktonic
154966,Minimize Me (feat Daniel Davis),Decktonic
154995,roll,Granpa Abela
155000,turtleneck foxtrot,krackatoa
155063,Been On,JBlanked
155064,Send Me,JBlanked
155065,The Question,JBlanked
155066,Roy,JBlanked
155108,Run,Kai Engel
155130,Acid 3,simon_mathewson
155138,Step,simon_mathewson
155140,Tick Tock,simon_mathewson
155141,Watchmen,simon_mathewson
155142,Zyx,simon_mathewson
155289,Prologue,Alex Mason
155290,Other,Alex Mason
155291,Fourth Dimension,Alex Mason/The Minor Emotion
155292,Scarlet Sails,Alex Mason
155293,Cycle,Alex Mason/Artem Gribov
155294,Cast Away,Alex Mason
155295,Attraction,Alex Mason/The Minor Emotion
155296,Fallen Stars,Alex Mason
155297,Nebula Reborn,Alex Mason/BlackSunAeon Music
155298,An Idiot Abroad,Greg Atkinson
155306,Tiny Man,Greg Atkinson
155307,Kolka,AWOTT
155314,Miracle Grow,Spowder
